PARK_NAME,LOCATION_NAME,PARK_TYPE_ID,PARK_TYPE_DESC,CAPACITY_OF_PARK,WORKING_TIME,COUNTY_NAME,LONGITUDE,LATITUDE
Vali Konağı Caddesi 1,Şişli Vali Konağı Caddes,YOL ÜSTÜ,YOL ÜSTÜ,30,08:00-19:00,ŞİŞLİ,28.9879749441319,41.0488233569155
Şakayık Sokak 1,Şişli Şakayık Soka,YOL ÜSTÜ,YOL ÜSTÜ,50,08:00-19:00,ŞİŞLİ,28.9955656052444,41.0495232987717
Hüsrev Gerede Sokak 1,Şişli Hüsrev Gerede Caddes,YOL ÜSTÜ,YOL ÜSTÜ,50,08:00-19:00,ŞİŞLİ,28.99497557817,41.0483895406422
Sezai Selek Sokak 1,Seza-i Selek Caddes,YOL ÜSTÜ,YOL ÜSTÜ,50,08:00-19:00,ŞİŞLİ,28.9959741661449,41.0533861999073
Maçka Caddesi 1,Şişli Maçka Caddes,YOL ÜSTÜ,YOL ÜSTÜ,40,08:00-00:00,ŞİŞLİ,28.9929548331432,41.0466296925246
Maçka Caddesi 6,Şişli Maçka Caddes,YOL ÜSTÜ,YOL ÜSTÜ,50,08:00-00:00,ŞİŞLİ,28.9944976003196,41.0478293701563
Taşkışla Caddesi 3,Şişli Taşkışla Caddes,YOL ÜSTÜ,YOL ÜSTÜ,0,09:00-21:00,ŞİŞLİ,28.9913023111126,41.0479375617614
Vefa Bey Sokak 1,Vefabey Soka,YOL ÜSTÜ,YOL ÜSTÜ,37,08:00-18:00,BEŞİKTAŞ,29.0066024007241,41.0655057224779
Müselles Sokak 2,Müselles Soka,YOL ÜSTÜ,YOL ÜSTÜ,40,07:00-17:00,ŞİŞLİ,29.0115881307145,41.0688297324025
Alemdağ Caddesi 5,Alemdağ Caddes,YOL ÜSTÜ,YOL ÜSTÜ,20,08:00-19:00,ÜMRANİYE,29.0941080028222,41.025531237132
Ihlamur Dere Caddesi 1,Ihlamur Dere Caddes,YOL ÜSTÜ,YOL ÜSTÜ,27,09:00-19:00,BEŞİKTAŞ,29.0034525176203,41.043801637794
Ihlamur Dere Caddesi 6,Ihlamur Dere Caddes,YOL ÜSTÜ,YOL ÜSTÜ,27,09:00-19:00,BEŞİKTAŞ,29.0024029610158,41.0463832988957
Dereboyu Caddesi 2,Ortaköy Dereboyu Caddes,YOL ÜSTÜ,YOL ÜSTÜ,22,09:00-18:00,BEŞİKTAŞ,29.0238075739657,41.0525791949699
Alemdağ Caddesi 21 (Test),Alemdağ Caddes,YOL ÜSTÜ,YOL ÜSTÜ,500,08:00-19:00,ÜMRANİYE,29.0992011597313,41.0253098598845
Karakol Caddesi 1,Karakol Caddes,YOL ÜSTÜ,YOL ÜSTÜ,18,08:00-19:00,BEŞİKTAŞ,29.0164071577363,41.0754029841827
Gonca Esnaf Önü 1,Levent Esnaf Ön,YOL ÜSTÜ,YOL ÜSTÜ,23,08:00-19:00,BEŞİKTAŞ,29.0166958601018,41.0759943082714
Bosna Bulvarı 4,Ümraniye Bosna Bulvar,YOL ÜSTÜ,YOL ÜSTÜ,40,08:00-19:00,ÜMRANİYE,29.0844743268431,41.0249386157846
Hakimiyet-i Milliye Caddesi 2,Üsküdar Hakimiyet-i Milliye Caddes,YOL ÜSTÜ,YOL ÜSTÜ,25,08:00-19:00,ÜSKÜDAR,29.0160325169563,41.0225429704273
Perşembe Pazarı 2,Karaköy Perşembe Pazar,YOL ÜSTÜ,YOL ÜSTÜ,32,08:00-18:00,BEYOĞLU,28.9702788851639,41.0241210457322
Poyraz Yol Üstü 6,Poyraz Yol Üst,YOL ÜSTÜ,YOL ÜSTÜ,36,08:00-18:00,KADIKÖY,29.0405026416849,40.9920091951619
Ataşehir Bulvarı 5,Ataşehir Bulvar,YOL ÜSTÜ,YOL ÜSTÜ,25,08:00-18:00,ATAŞEHİR,29.1253191232681,40.992844048405
Kabataş Set Üstü 1,Kabataş Setüst,YOL ÜSTÜ,YOL ÜSTÜ,60,08:00-18:00,BEYOĞLU,28.9939445232645,41.03618849195
Atatürk Bulvarı,Atatürk Bulvarı ,YOL ÜSTÜ,YOL ÜSTÜ,50,07:30-18:30,FATİH,28.9535198446565,41.0122623682819
Rumeli Hisar Önü Açık Otoparkı,Rumeli Hisar Ön,AÇIK OTOPARK,AÇIK OTOPARK,70,24 Saat,SARIYER,29.0567112087024,41.0854593814072
İstinye 3 ( Hastane Karşısı ),İstinye Caddes,YOL ÜSTÜ,YOL ÜSTÜ,25,08:00-18:00,SARIYER,29.0561602469287,41.1149636096173
Sarıyer Deresi Sokak 1,Sarıyer Deresi Soka,YOL ÜSTÜ,YOL ÜSTÜ,13,08:00-18:00,SARIYER,29.0570374249283,41.1688570495518
Kazım Özalp Sokak 4,Kazım Özalp Soka,YOL ÜSTÜ,YOL ÜSTÜ,40,09:00-20:00,KADIKÖY,29.0749115135856,40.9611866209756
Kazım Özalp Sokak 8,Kazım Özalp Soka,YOL ÜSTÜ,YOL ÜSTÜ,40,09:00-20:00,KADIKÖY,29.0773943554361,40.9635441572401
Yalı Köşkü Caddesi 1,Yalı Köşkü Caddes,YOL ÜSTÜ,YOL ÜSTÜ,100,07:00-22:00,FATİH,28.9754037237857,41.0162288353242
Kartal Hürriyet Caddesi 2,Kartal Hürriyet Caddes,YOL ÜSTÜ,YOL ÜSTÜ,30,08:00-18:00,KARTAL,29.1862580075555,40.8890847976314
Kartal Hürriyet Caddesi 4,Kartal Hürriyet Caddes,YOL ÜSTÜ,YOL ÜSTÜ,30,08:00-18:00,KARTAL,29.1883651661649,40.8894515025413
Kartal Savarona Caddesi 1,Kartal Savarona Caddes,YOL ÜSTÜ,YOL ÜSTÜ,50,08:00-18:00,KARTAL,29.1830874212264,40.8872001154773
Pendik Lokman Hekim Caddesi 1,Pendik Lokman Hekim Caddes,YOL ÜSTÜ,YOL ÜSTÜ,25,09:00-19:00,PENDİK,29.2352065289303,40.8794321103302
Gonca Sokak 2,Gonca Soka,YOL ÜSTÜ,YOL ÜSTÜ,16,08:00-19:00,BEŞİKTAŞ,29.0169571733483,41.0759876415465
Oda Kule Önü 1,Odakule Ön,YOL ÜSTÜ,YOL ÜSTÜ,30,07:00-00:00,BEYOĞLU,28.975060751981,41.0322512079754
Nakilbent Sokak,Nakilbent Soka,YOL ÜSTÜ,YOL ÜSTÜ,80,08:00-02:00,FATİH,28.9742909689498,41.0039627453483
Dostluk Yurdu 1,Dostluk Yurdu Soka,YOL ÜSTÜ,YOL ÜSTÜ,50,07:00-18:00,FATİH,28.9727752057011,41.007088735229
Güvenlik Caddesi 1,Güvenlik Caddes,YOL ÜSTÜ,YOL ÜSTÜ,35,08:00-18:00,FATİH,28.9566929102633,41.00702917811
Fuat Paşa Caddesi 2,Fuat Paşa Caddes,YOL ÜSTÜ,YOL ÜSTÜ,40,07:30-18:00,FATİH,28.966008182442,41.012915690585
Fuat Paşa Caddesi 3,Fuat Paşa Caddes,YOL ÜSTÜ,YOL ÜSTÜ,30,07:30-18:00,FATİH,28.9659907739697,41.0133649365751
Ataşehir Bulvarı 15,Ataşehir Bulvar,YOL ÜSTÜ,YOL ÜSTÜ,20,08:00-18:00,ATAŞEHİR,29.1210544109344,40.9927468719206
Fevzipaşa Caddesi 9,Fevzipaşa Caddes,YOL ÜSTÜ,YOL ÜSTÜ,30,08:00-19:00,FATİH,28.948851266096,41.0181810129679
Fevzipaşa Caddesi 11,Fevzipaşa Caddes,YOL ÜSTÜ,YOL ÜSTÜ,30,08:00-19:00,FATİH,28.9476636434165,41.0193617448972
Fevzipaşa Caddesi 19,Fevzipaşa Caddes,YOL ÜSTÜ,YOL ÜSTÜ,30,08:00-19:00,FATİH,28.9443834258777,41.022743248552
Samatya Sahil,Samatya Sahi,AÇIK OTOPARK,AÇIK OTOPARK,80,12:00-22:00,FATİH,28.9327923970388,40.9989448342937
Hasanpaşa Muhtarlık Açık Otoparkı,Hasanpaşa Muhtarlık Açık Otopark,AÇIK OTOPARK,AÇIK OTOPARK,100,08:00-22:00,KADIKÖY,29.0429124017311,40.9973787421223
Akdeniz Caddesi 4,Akdeniz Caddes,YOL ÜSTÜ,YOL ÜSTÜ,25,08:00-19:00,FATİH,28.9470128094271,41.0194602703946
Bakırköy İstanbul Caddesi 9,Bakırköy İstanbul Caddes,YOL ÜSTÜ,YOL ÜSTÜ,45,08:00-19:00,BAKIRKÖY,28.8796835621833,40.9787060704662
Zeytinburnu 58. Bulvar 3,Zeytinburnu 58. Bulva,YOL ÜSTÜ,YOL ÜSTÜ,34,09:00-19:00,ZEYTİNBURNU,28.9038273488434,40.9929976511758
Bayrampaşa Numunebağı Caddesi 2,Bayrampaşa Numunebağı Caddes,YOL ÜSTÜ,YOL ÜSTÜ,50,08:00-18:00,BAYRAMPAŞA,28.914427982918,41.0321010288981
Bayrampaşa Numunebağı Caddesi 3,Bayrampaşa Numunebağı Caddes,YOL ÜSTÜ,YOL ÜSTÜ,50,08:00-18:00,BAYRAMPAŞA,28.9143639643179,41.0319549000146
Ahmet Kutsi Tecer Caddesi 1,Ahmet Kutsi Tecer Caddes,YOL ÜSTÜ,YOL ÜSTÜ,50,08:00-18:00,GÜNGÖREN,28.8870346708831,41.008730460792
Ahmet Kutsi Tecer Caddesi 13,Ahmet Kutsi Tecer Caddes,YOL ÜSTÜ,YOL ÜSTÜ,50,08:00-18:00,GÜNGÖREN,28.889037512361,41.0055722093448
Yener Sokak 1,Yener Soka,YOL ÜSTÜ,YOL ÜSTÜ,25,08:00-18:00,BEŞİKTAŞ,29.0092500399386,41.0642034983461
Sabancı Öğretmen Evi Önü 3,Sabancı Öğretmen Evi Ön,YOL ÜSTÜ,YOL ÜSTÜ,27,09:00-20:00,BEYKOZ,29.0655460030057,41.0800099578934
Yeşilköy İstasyon Caddesi 3,Yeşilköy İstasyon Caddes,YOL ÜSTÜ,YOL ÜSTÜ,50,08:00-18:00,BAKIRKÖY,28.8245124883387,40.9614558311587
Yeşilköy İstasyon Caddesi 10,Yeşilköy İstasyon Caddes,YOL ÜSTÜ,YOL ÜSTÜ,50,08:00-18:00,BAKIRKÖY,28.8237786132743,40.9603655442851
Yeşilköy İstasyon Caddesi 16,Yeşilköy İstasyon Caddes,YOL ÜSTÜ,YOL ÜSTÜ,50,08:00-18:00,BAKIRKÖY,28.8242237924226,40.9610007498372
Florya Havuzlu Bahçe,Florya Havuzlu Bahç,AÇIK OTOPARK,AÇIK OTOPARK,135,08:00-19:00,BAKIRKÖY,28.7908059257131,40.9764200927432
Kartal Balıkçılar Açık,Kartal Balıkçıla,AÇIK OTOPARK,AÇIK OTOPARK,100,08:00-20:00,KARTAL,29.1884276668087,40.8872483354898
Atatürk Caddesi 2,Silivri Atatürk Caddes,YOL ÜSTÜ,YOL ÜSTÜ,30,09:00-23:00,SİLİVRİ,28.2435637532274,41.0736699215229
Atatürk Caddesi 6 (0-20 Dakika Ücretsiz),Silivri Atatürk Caddes,YOL ÜSTÜ,YOL ÜSTÜ,50,09:00-23:00,SİLİVRİ,28.2434785971315,41.0720742205141
Maslak P+R Yol Üstü,Maslak P+,AÇIK OTOPARK,AÇIK OTOPARK,150,24 Saat,SARIYER,29.0240957205859,41.1166408097176
Topkapı Minibüs Peronları,Topkapı Minibüs Peronlar,MİNİBÜS PARK,MİNİBÜS PARK,270,24 Saat,ZEYTİNBURNU,28.9186752225452,41.018163149964
Karaköy Katlı,Karaköy Katl,KAPALI OTOPARK,KAPALI OTOPARK,600,24 Saat,BEYOĞLU,28.9772178004034,41.0228939059538
Bakırköy İdo İskele Önü,Bakırköy İdo İskelesi Ön,AÇIK OTOPARK,AÇIK OTOPARK,300,24 Saat,BAKIRKÖY,28.8760401946348,40.9739659289559
Sanatkarlar Caddesi 1,Silivri Sanatkarlar Caddes,YOL ÜSTÜ,YOL ÜSTÜ,70,09:00-21:00,SİLİVRİ,28.2441313939182,41.0758050632096
Ortaköy Açık,Ortaköy Açı,AÇIK OTOPARK,AÇIK OTOPARK,200,24 Saat,BEŞİKTAŞ,29.0325998453266,41.0504156993832
Savaş Caddesi 3,Savaş Caddes,YOL ÜSTÜ,YOL ÜSTÜ,40,08:00-18:00,GÜNGÖREN,28.887420096957,41.0128304641926
Capitol Avm Önü Taksi Durağı,Capitol Avm Önü Taksi Durağ,TAKSİ PARK,TAKSİ PARK,5,11:00-19:00,ÜSKÜDAR,29.0391826472463,41.0213193943726
Harbiye Zemin Altı Otoparkı,Harbiye Zemin Altı Otopark,KAPALI OTOPARK,KAPALI OTOPARK,142,24 Saat,BEYOĞLU,28.9878819798619,41.0405398332228
Kadıköy İski Açık Otoparkı,Kadıköy İski Açık Otopark,AÇIK OTOPARK,AÇIK OTOPARK,89,24 Saat,KADIKÖY,29.0208041667938,40.9873655005234
Bostancı Açık,Bostancı Açı,AÇIK OTOPARK,AÇIK OTOPARK,375,24 Saat,KADIKÖY,29.0902551716656,40.9522908984578
Bostancı Sahil-Cep Açık Otoparkı,Bostancı Sahil Ce,AÇIK OTOPARK,AÇIK OTOPARK,195,24 Saat,KADIKÖY,29.0884872903547,40.9545232644903
Pendik Katlı Otoparkı,Pendik Katl,KAPALI OTOPARK,KAPALI OTOPARK,120,24 Saat,PENDİK,29.2341819965619,40.878934879523
Ümraniye Katlı Otoparkı,Ümraniye Katlı Otopark,KAPALI OTOPARK,KAPALI OTOPARK,665,24 Saat,ÜMRANİYE,29.0953349757128,41.0260923032183
Haldun Alagaş Katlı Otoparkı,Haldun Alagaş Katl,KAPALI OTOPARK,KAPALI OTOPARK,240,24 Saat,ÜMRANİYE,29.1050952305836,41.0260703724597
Mevlana Yeraltı Katlı Otoparkı,Mevlana Yer Altı Otopark,KAPALI OTOPARK,KAPALI OTOPARK,1000,24 Saat,ZEYTİNBURNU,28.9046359211768,41.0056588258871
Kartal Hasan Doğan Spor Kompleksi,Kartal Hasan Doğan Spor Kompleks,KAPALI OTOPARK,KAPALI OTOPARK,400,24 Saat,KARTAL,29.189911589983,40.8925343906162
Haseki Caddesi 1,Haseki Caddes,YOL ÜSTÜ,YOL ÜSTÜ,32,07:30-18:00,FATİH,28.9440397407985,41.0091178228887
Siyavuşpaşa Yer Altı Otoparkı,Siyavuşpaşa Yer Altı Otopark,KAPALI OTOPARK,KAPALI OTOPARK,155,24 Saat,BAHÇELİEVLER,28.8531558095713,40.9965135143159
Ataşehir Bulvarı Taksi Durağı,Ataşehir Bulvarı Taksi Durağ,TAKSİ PARK,TAKSİ PARK,30,08:00-16:00,ATAŞEHİR,29.1267067463254,40.9925719800085
Gençler Caddesi 2,Gençler Caddes,YOL ÜSTÜ,YOL ÜSTÜ,35,08:00-19:00,BAKIRKÖY,28.8713505624634,40.980514470877
Hacıosman Metro Yer Altı Otoparkı,Hacıosman Metro Yer Altı Otopark,KAPALI OTOPARK,KAPALI OTOPARK,422,24 Saat,SARIYER,29.0305206442078,41.1401615874359
Deniz Feneri Otoparkı,Deniz Feneri Otopark,AÇIK OTOPARK,AÇIK OTOPARK,175,24 Saat,FATİH,28.9772077552262,41.00193367086
Mete Caddesi 2,Mete Caddes,YOL ÜSTÜ,YOL ÜSTÜ,25,07:30-20:30,BEYOĞLU,28.9883966239611,41.0389534638449
Mete Caddesi 1,Mete Caddes,YOL ÜSTÜ,YOL ÜSTÜ,25,07:30-20:30,BEYOĞLU,28.9879571839367,41.038232559675
İdealtepe Açık Otoparkı,İdealtepe Açık Otopark,AÇIK OTOPARK,AÇIK OTOPARK,181,08:00-01:00,MALTEPE,29.11371933097,40.9376691599546
Kadıköy Beşiktaş İskele Önü Taksi Durağı,Kadıköy Beşiktaş İskele Önü Taksi Durağ,TAKSİ PARK,TAKSİ PARK,50,07:00-22:00,KADIKÖY,29.0219934735226,40.9910509487786
Veteriner Hilmi Sokak Yol Üstü 1,Veteriner Hilmi Sokak Yol Üst,YOL ÜSTÜ,YOL ÜSTÜ,20,08:00-18:00,ŞİŞLİ,28.9891787759174,41.060288382335
Deniz Feneri Otoparkı,Deniz Feneri Otopark,AÇIK OTOPARK,AÇIK OTOPARK,175,24 Saat,FATİH,28.976816741458,41.0012788362889
Küçükyalı P+R,Küçükyalı P+,AÇIK OTOPARK,AÇIK OTOPARK,150,07:00-18:00,MALTEPE,29.1224592977548,40.9498978996395
Harbiye Nizamiye Caddesi Yol Üstü Otoparkı 2,Harbiye Nizamiye Caddesi Yol Üstü otopark,YOL ÜSTÜ,YOL ÜSTÜ,40,08:00-18:00,ŞİŞLİ,29.0111186916334,41.0573220244955
Fişekhane Caddesi 4,Fişekhane Caddes,YOL ÜSTÜ,YOL ÜSTÜ,40,08:00-19:00,BAKIRKÖY,28.8721290488844,40.9782330778419
İstanbul Anadolu Adalet Sarayı Taksi Durağı,İstanbul Anadolu Adalet Sarayı Taksi Durağ,TAKSİ PARK,TAKSİ PARK,5,08:00-16:00,KARTAL,29.1836059462357,40.8869401912973
İtalyan Hastanesi Karşısı Açık Otoparkı 1,İtalyan Hastanesi Karşısı Açık Otopark,AÇIK OTOPARK,AÇIK OTOPARK,25,09:00-21:00,BEYOĞLU,28.981574177742,41.0280590630134
Çamlıbahçe,Bebek Sahil Yol,YOL ÜSTÜ,YOL ÜSTÜ,29,08:00-23:00,BEŞİKTAŞ,29.0456584096228,41.0702899418073
Rıhtım Caddesi Taksi Durağı,Rıhtım Caddesi Taksi Durağ,TAKSİ PARK,TAKSİ PARK,5,07:00-22:00,KADIKÖY,29.0244884594348,40.9917111680728
Kartal Minibüs Durakları Peronları 1,Kartal Minibüs Durakları Peronlar,MİNİBÜS PARK,MİNİBÜS PARK,700,07:00-21:00,KARTAL,29.1947171188766,40.8860832998664
Maçka Katlı Otoparkı,Maçka Katlı Otopark,KAPALI OTOPARK,KAPALI OTOPARK,508,24 Saat,ŞİŞLİ,28.9901946237589,41.0481455846258
Zincirlikuyu Metrobüs Taksi Durağı,Zincirlikuyu Metrobüs Taksi Durağ,TAKSİ PARK,TAKSİ PARK,10,07:00-23:00,ŞİŞLİ,29.0136209681942,41.0669377908277
Acıbadem Açık Otoparkı,Acıbadem Açık Otopark,AÇIK OTOPARK,AÇIK OTOPARK,100,06:00-19:00,ÜSKÜDAR,29.0574914216995,41.015668454927
Belgrad Ormanı Bahçeköy Girişi Açık,Belgrad Ormanı Otopark,AÇIK OTOPARK,AÇIK OTOPARK,5000,06:00-20:00,SARIYER,28.9888536930084,41.1835634907664
Kazlı Çeşme Metro Durağı Önü Taksi Durağı,Kazlıçeşme Metro Durağı Önü Taksi Durağ,TAKSİ PARK,TAKSİ PARK,20,07:00-23:00,ZEYTİNBURNU,28.9169771107005,40.9928480846644
Gülsuyu Metro Yer Altı Otoparkı,Gülsuyu Metro Yer Altı Otopark,KAPALI OTOPARK,KAPALI OTOPARK,100,07:00-00:00,MALTEPE,29.1550272703171,40.9237701375712
Aslanhane Sokak 1,Aslanhane Soka,YOL ÜSTÜ,YOL ÜSTÜ,26,08:00-19:00,FATİH,28.9504868216246,41.0176966032964
Alibeyköy Cep Otogarı Otobüs Otoparkı,Alibeyköy Cep Otogarı Otobüs Otopark,AÇIK OTOPARK,AÇIK OTOPARK,5000,24 Saat,EYÜP,28.9451551437378,41.0876321246792
Ataşehir Ihlamur Sokak 1,Ataşehir Ihlamur Soka,YOL ÜSTÜ,YOL ÜSTÜ,50,08:00-18:00,ATAŞEHİR,29.1053795814514,40.9903356345319
Darülbedai Caddesi 4,Darülbedai Caddes,YOL ÜSTÜ,YOL ÜSTÜ,40,08:00-00:00,ŞİŞLİ,28.9906085281481,41.0487105124518
Küçüksu Kasrı Açık Otoparkı,Küçüksu Kasrı Açık Otopark,AÇIK OTOPARK,AÇIK OTOPARK,200,07:00-23:00,BEYKOZ,29.0657499432564,41.0787506573235
Kazlıçeşme Marmaray Açık Otoparkı,Kazlıçeşme Marmaray Açık Otopark,AÇIK OTOPARK,AÇIK OTOPARK,700,24 Saat,ZEYTİNBURNU,28.9165494778443,40.9922304206155
Ümraniye Dr. Fazıl Küçük Caddesi 4,Ümraniye Dr. Fazıl Küçük Caddes,YOL ÜSTÜ,YOL ÜSTÜ,24,08:00-17:00,ÜMRANİYE,29.1124142361763,41.0271515082273
Pendik Marina 2,Pendik Marin,YOL ÜSTÜ,YOL ÜSTÜ,42,07:30-19:00,PENDİK,29.2335811257362,40.8733932950085
Pendik Sahil Engelliler Merkez Önü,Pendik Sahil Engelliler Merkez Ön,AÇIK OTOPARK,AÇIK OTOPARK,100,10:00-22:00,PENDİK,29.2329454421997,40.8734074922129
Biruni Üniversitesi Açık Otoparkı,Biruni Üniversitesi Açık Otopark,AÇIK OTOPARK,AÇIK OTOPARK,150,08:00-19:00,ZEYTİNBURNU,28.920156955719,41.0042572397972
Dalyan Açık Otoparkı,Dalyan Açık Otopark,AÇIK OTOPARK,AÇIK OTOPARK,120,24 Saat,KADIKÖY,29.0644061565399,40.9635165705221
Yenikapı Marmaray Büyük Otoparkı,Yenikapı Marmaray Büyük Otopark,AÇIK OTOPARK,AÇIK OTOPARK,300,07:00-23:00,FATİH,28.9504820108414,41.0056862799103
Beyoğlu Tepebaşı Katlı Otoparkı,Beyoğlu Tepebaşı Katlı Otopark,KAPALI OTOPARK,KAPALI OTOPARK,1005,24 Saat,BEYOĞLU,28.97436439991,41.0319095316963
Süleyman Seba Caddesi 6,Süleyman Seba Caddes,YOL ÜSTÜ,YOL ÜSTÜ,30,08:00-19:00,BEŞİKTAŞ,28.9966936380404,41.0435127249054
Çekmeköy Mimar Sinan Caddesi 1,Çekmeköy Mimar Sinan Caddes,YOL ÜSTÜ,YOL ÜSTÜ,20,08:00-19:00,ÇEKMEKÖY,29.175908267498,41.0326945707175
Yeşilköy Mesleki Eğitim Okulu Kapalı Otoparkı,Yeşilköy Mesleki Eğitim Okulu Kapalı Otopark,KAPALI OTOPARK,KAPALI OTOPARK,100,24 Saat,BAKIRKÖY,28.8230609893799,40.960958429478
Bostancı Vergi Dairesi Açık Otoparkı,Bostancı Vergi Dairesi Açık Otopark,AÇIK OTOPARK,AÇIK OTOPARK,105,08:00-20:00,ATAŞEHİR,29.1079999343615,40.9625308244579
Yıldız Kavşağı Yol Üstü Otoparkı,Yıldız Kavşağı Yol Üstü Otopark,YOL ÜSTÜ,YOL ÜSTÜ,20,08:00-18:00,BEŞİKTAŞ,29.0072294331761,41.0503307144634
Bostancı İdo Karşısı Açık Otopark 1,Bostancı İdo Karşısı Açık Otopar,AÇIK OTOPARK,AÇIK OTOPARK,84,24 Saat,KADIKÖY,29.09525410027,40.9523911155812
Ragıp Gümüşpala Açık Otoparkı,Ragıp Gümüşpala Açık Otopark,AÇIK OTOPARK,AÇIK OTOPARK,300,24 Saat,FATİH,28.9625353534806,41.0212728203281
Alibeyköy Cep Otogarı P+R,Alibeyköy Cep Otogarı P+,AÇIK OTOPARK,AÇIK OTOPARK,88,24 Saat,EYÜP,28.9423878505096,41.08823151328
Beykoz Pazar Yeri Açık Otoparkı,Beykoz Pazar Yeri Açık Otopark,AÇIK OTOPARK,AÇIK OTOPARK,500,07:00-00:00,BEYKOZ,29.0859021935845,41.1400111163844
Çırpıcı Sosyal Tesisler,Çırpıcı Sosyal Tesisle,AÇIK OTOPARK,AÇIK OTOPARK,128,24 Saat,ZEYTİNBURNU,28.8925986083327,40.9999629601201
Kasımpaşa Sosyal Tesisler Otoparkı,Kasımpaşa Sosyal Tesisler Otopark,AÇIK OTOPARK,AÇIK OTOPARK,80,08:00-21:00,BEYOĞLU,28.9669297059178,41.0298538374375
Gözdağı Sosyal Tesisler  Açık Otoparkı,Gözdağı Sosyal Tesisler Açık Otopark,AÇIK OTOPARK,AÇIK OTOPARK,300,07:00-22:00,PENDİK,29.2531532049179,40.8907582563051
Fatih Akşemsettin Caddesi 1,Fatih Akşemsettin Caddes,YOL ÜSTÜ,YOL ÜSTÜ,30,08:30-19:00,FATİH,28.9444391477412,41.0220240723353
Fatih Akşemsettin Caddesi 6,Fatih Akşemsettin Caddes,YOL ÜSTÜ,YOL ÜSTÜ,30,08:30-19:00,FATİH,28.9416253566742,41.0204039943667
Ressam Halim Sokak Açık Otoparkı,Ressam Halim Sokak Açık Otopark,AÇIK OTOPARK,AÇIK OTOPARK,120,24 Saat,BAHÇELİEVLER,28.8639633383606,40.9968297685815
Bağcılar Emniyet Müdürlüğü Yanı Açık Otoparkı,Bağcılar Emniyet Müdürlüğü Yanı Açık Otopark,AÇIK OTOPARK,AÇIK OTOPARK,100,08:00-18:00,BAĞCILAR,28.8597932017926,41.0352735759429
Sultanbeyli Kent Meydanı Zemin Altı Otoparkı,Sultanbeyli Kent Meydanı Zemin Altı Otopark,KAPALI OTOPARK,KAPALI OTOPARK,300,24 Saat,SULTANBEYLİ,29.2666420340538,40.9668422081734
Merter Metro Zeminaltı Otoparkı,Merter Metro Zemin Altı Otopark,KAPALI OTOPARK,KAPALI OTOPARK,242,24 Saat,GÜNGÖREN,28.8898306516077,41.0037268780431
Şişli Zemin Altı Otoparkı,Şişli Zemin Altı Otopark,KAPALI OTOPARK,KAPALI OTOPARK,581,24 Saat,ŞİŞLİ,28.9991953412736,41.0641005095347
Uzunçayır Açık Otoparkı,Uzunçayır Açık Otopark,AÇIK OTOPARK,AÇIK OTOPARK,85,06:00-19:00,KADIKÖY,29.0573544076298,40.9989901689259
Pendik Sahil Açık Otoparkı,Pendik Sahil Açık Otopark,AÇIK OTOPARK,AÇIK OTOPARK,400,24 Saat,PENDİK,29.2315689762902,40.872032780631
Acıbadem Açık Otoparkı,Acıbadem Açık Otopark,AÇIK OTOPARK,AÇIK OTOPARK,100,06:00-18:00,ÜSKÜDAR,29.057554437571,41.0157867785191
Bebek Açık,Bebek Açı,AÇIK OTOPARK,AÇIK OTOPARK,35,24 Saat,BEŞİKTAŞ,29.0434456557705,41.0769661627346
Ataşehir Bulvarı 21,Ataşehir Bulvar,YOL ÜSTÜ,YOL ÜSTÜ,15,08:00-18:00,ATAŞEHİR,29.1271233332611,40.9917095878278
Levent Çarşı 3,Levent Çarş,YOL ÜSTÜ,YOL ÜSTÜ,23,08:00-19:00,BEŞİKTAŞ,29.0155525933482,41.0759293956722
Gençler Caddesi 6,Gençler Caddes,YOL ÜSTÜ,YOL ÜSTÜ,35,08:00-19:00,BAKIRKÖY,28.8720502169509,40.9806231385266
İspark Merter Katlı Otoparkı,İspark Merter Katlı Otopark,KAPALI OTOPARK,KAPALI OTOPARK,900,24 Saat,GÜNGÖREN,28.8897135955605,41.0037999619243
Ragıp Gümüşpala Açık Otoparkı,Ragıp Gümüşpala Açık Otopark,AÇIK OTOPARK,AÇIK OTOPARK,300,07:00-19:00,FATİH,28.9625371803385,41.0212466773958
Yenikapı Tünel Üstü Açık Otoparkı,Yenikapı Tünel Üstü Açık Otopark,AÇIK OTOPARK,AÇIK OTOPARK,700,24 Saat,FATİH,28.9540604821249,41.0024461865613
Pendik Yenişehir Mustafa Akyol Sokak 1,Pendik Yenişehir Mustafa Akyol Soka,YOL ÜSTÜ,YOL ÜSTÜ,115,08:00-19:00,PENDİK,29.3083834663339,40.9265207879998
Hamidiye Mahallesi Katlı Otoparkı,Hamidiye Mahallesi Katlı Otopark,KAPALI OTOPARK,KAPALI OTOPARK,450,24 Saat,KAĞITHANE,28.970996895616,41.0949064167938
Kadıköy Metro 2 Açık Otoparkı,Kadıköy Metro 2 Açık Otopark,AÇIK OTOPARK,AÇIK OTOPARK,100,24 Saat,KADIKÖY,29.0207236770374,40.9888222286009
Şemsipaşa Açık Otoparkı,Şemsipaşa Açık Otopark,AÇIK OTOPARK,AÇIK OTOPARK,80,24 Saat,ÜSKÜDAR,29.0097754176427,41.0255479298423
Bağcılar Göztepe Zemin Altı,Bağcılar Göztepe Zemin Alt,KAPALI OTOPARK,KAPALI OTOPARK,120,24 Saat,BAĞCILAR,28.8354305719794,41.0564331827691
Sabancı Öğretmenevi Açık Otoparkı,Sabancı Öğretmenevi Açık Otopark,AÇIK OTOPARK,AÇIK OTOPARK,350,24 Saat,BEYKOZ,29.0688869508228,41.0793995821568
Küçüksu Kasrı Açık Otoparkı,Küçüksu Kasrı Açık Otopark,AÇIK OTOPARK,AÇIK OTOPARK,200,07:00-23:00,BEYKOZ,29.0655611359131,41.0785592750628
Azapkapı Haliç Metro Otoparkı,Azapkapı Haliç Metro Otopark,AÇIK OTOPARK,AÇIK OTOPARK,130,24 Saat,ŞİŞLİ,28.9687443288828,41.0241885818196
Ataşehir Umut Sokak Açık Otoparkı,Ataşehir Umut Sokak Açık Otopark,AÇIK OTOPARK,AÇIK OTOPARK,60,08:00-18:00,ATAŞEHİR,29.1013688141632,40.9720450780398
Ümraniye Toya Sokak 1,Ümraniye Toya Soka,YOL ÜSTÜ,YOL ÜSTÜ,34,07:45-17:00,ÜMRANİYE,29.1137750926334,41.0263086617048
Yeşilce Zemin Altı Katlı Otoparkı,Yeşilce Zemin Altı Katlı Otopark,KAPALI OTOPARK,KAPALI OTOPARK,769,24 Saat,KAĞITHANE,29.0027566533069,41.093723783633
Kartal Savarona Sahil Cep,Kartal Savarona Sahil Ce,AÇIK OTOPARK,AÇIK OTOPARK,60,07:00-18:00,KARTAL,29.1821139433891,40.885938536883
Suadiye Sahil Açık Otoparkı,Suadiye Sahil Açık  Otopark,AÇIK OTOPARK,AÇIK OTOPARK,104,24 Saat,KADIKÖY,29.0798621713301,40.9559517784307
Bahçelievler Devlet Hastanesi Yanı Katlı Otoparkı 2,Bahçelievler Devlet Hastanesi Yanı Katlı Otopark,KAPALI OTOPARK,KAPALI OTOPARK,740,24 Saat,BAHÇELİEVLER,28.844041986263,41.0072185283518
Kadıköy Sahil Açık Otopark 2,Kadıköy Sahil Açık Otopark,AÇIK OTOPARK,AÇIK OTOPARK,50,24 Saat,KADIKÖY,29.021775817102,40.9911378886129
Bostancı Metro Yol Üstü Otoparkı,Bostancı Metro Yol Üstü  Otopark,YOL ÜSTÜ,YOL ÜSTÜ,20,10:00-22:00,KADIKÖY,29.0966746987808,40.952198939689
Bahçelievler Soğanlı Zemin Altı Otoparkı,Bahçelievler Soğanlı Zemin Altı Otopark,KAPALI OTOPARK,KAPALI OTOPARK,663,24 Saat,BAHÇELİEVLER,28.858173123526,41.0152872949501
Kirazlı Metro Durağı P+R,Kirazlı Metro Durağı P+,AÇIK OTOPARK,AÇIK OTOPARK,650,24 Saat,BAĞCILAR,28.842225954775,41.0311288599712
Beyoğlu İnönü Caddesi 6,İnönü Caddes,YOL ÜSTÜ,YOL ÜSTÜ,40,08:00-20:00,BEYOĞLU,28.9873333987001,41.0358333354863
Ahmet Fetgari Sk.,Ahmet Fetgeri-Camii Soka,YOL ÜSTÜ,YOL ÜSTÜ,21,08:00-19:00,ŞİŞLİ,28.9942028111378,41.050020025891
Mim Kemal Öke Caddesi 1,Mim Kemal Ök,YOL ÜSTÜ,YOL ÜSTÜ,40,08:00-19:00,ŞİŞLİ,28.9903710135295,41.050105358229
Mim Kemal Öke Caddesi 2,Mim Kemal Ök,YOL ÜSTÜ,YOL ÜSTÜ,40,08:00-19:00,ŞİŞLİ,28.9911902711766,41.0493614231984
Maçka Caddesi 2,Şişli Maçka Caddes,YOL ÜSTÜ,YOL ÜSTÜ,40,08:00-00:00,ŞİŞLİ,28.9930413379695,41.0459901024179
Maçka Caddesi 3,Şişli Maçka Caddes,YOL ÜSTÜ,YOL ÜSTÜ,30,08:00-00:00,ŞİŞLİ,28.9935805622589,41.0453009048286
Taşkışla Caddesi 1,Şişli Taşkışla Caddes,YOL ÜSTÜ,YOL ÜSTÜ,17,08:00-20:00,ŞİŞLİ,28.9913277384686,41.0479459523351
Kurtuluş Caddesi 4,Kurtuluş Caddes,YOL ÜSTÜ,YOL ÜSTÜ,45,08:00-18:00,ŞİŞLİ,28.9821351527487,41.0499674365469
Kurtuluş Caddesi 5,Kurtuluş Caddes,YOL ÜSTÜ,YOL ÜSTÜ,40,08:00-18:00,ŞİŞLİ,28.9812607586555,41.0489303452746
Şişli Silahşör Caddesi 1,Şişli Silahşör Caddes,YOL ÜSTÜ,YOL ÜSTÜ,40,08:00-18:00,ŞİŞLİ,28.9835577246968,41.0571563997977
Yıldızposta Caddesi 6,Yıldızposta Caddes,YOL ÜSTÜ,YOL ÜSTÜ,52,08:00-18:00,BEŞİKTAŞ,29.0085647691891,41.0655239712901
Yıldızposta Caddesi 9,Yıldızposta Caddes,YOL ÜSTÜ,YOL ÜSTÜ,30,08:00-18:00,BEŞİKTAŞ,29.0059412710555,41.0663668895065
Vefa Bayırı Sokak 1,Vefa Bayırı Soka,YOL ÜSTÜ,YOL ÜSTÜ,40,08:00-18:00,BEŞİKTAŞ,29.0089320264214,41.0648088429101
Alemdağ Caddesi 1,Alemdağ Caddes,YOL ÜSTÜ,YOL ÜSTÜ,20,08:00-19:00,ÜMRANİYE,29.0999132651654,41.0250710710964
Nispetiye Caddesi 1,Nispetiye Caddes,YOL ÜSTÜ,YOL ÜSTÜ,23,08:00-19:00,BEŞİKTAŞ,29.0182192741601,41.0753115872474
Levent Çarşı 2,Levent Çarş,YOL ÜSTÜ,YOL ÜSTÜ,23,08:00-19:00,BEŞİKTAŞ,29.015305282336,41.0758420371335
Levent Dünya Göz Önü 1,Dünya Göz Hastanesi Ön,YOL ÜSTÜ,YOL ÜSTÜ,19,08:00-19:00,BEŞİKTAŞ,29.0180833877862,41.073330897332
Bosna Bulvarı 3,Ümraniye Bosna Bulvar,YOL ÜSTÜ,YOL ÜSTÜ,35,08:00-19:00,ÜMRANİYE,29.0834659337997,41.0256147180259
Afiyet Hastanesi Önü 1,Ümraniye Afiyet Hastanesi Ön,YOL ÜSTÜ,YOL ÜSTÜ,20,08:00-18:00,ÜMRANİYE,29.0840920688961,41.0241193216294
Akçam Sokak (İş Bankası Önü) 1,Akçam Sokak (İş Bankası Önü,YOL ÜSTÜ,YOL ÜSTÜ,30,08:00-19:00,BEŞİKTAŞ,29.0080873062634,41.0866406858706
Hakimiyet-i Milliye Caddesi 4,Üsküdar Hakimiyet-i Milliye Caddes,YOL ÜSTÜ,YOL ÜSTÜ,21,08:00-19:00,ÜSKÜDAR,29.0155765414238,41.0241820630618
Perşembe Pazarı 1,Karaköy Perşembe Pazar,YOL ÜSTÜ,YOL ÜSTÜ,32,08:00-18:00,BEYOĞLU,28.9708827265182,41.0234966570052
Divan Önü 1,Bebek Arnavutköy Caddes,YOL ÜSTÜ,YOL ÜSTÜ,30,08:00-00:00,BEŞİKTAŞ,29.0457175223297,41.0702813705886
Yeşil Vadi Sokak 4,Yeşil Vadi Soka,YOL ÜSTÜ,YOL ÜSTÜ,40,08:00-18:00,ATAŞEHİR,29.1058243767132,40.9670716467853
Prof.Cemil Birsel Yokuşu 1,Prof.Dr.Cemil Birsel Caddes,YOL ÜSTÜ,YOL ÜSTÜ,50,07:00-18:00,FATİH,28.9671315420327,41.0179393988833
Ragıp Gümüşpala Camii Önü 2,Ragıp Gümüşpala Caddesi (Camii Önü,YOL ÜSTÜ,YOL ÜSTÜ,36,08:00-18:00,FATİH,28.9631964794009,41.0205909977786
Kabasakal Medrese Önü,Kabasakal Medrese Ön,AÇIK OTOPARK,AÇIK OTOPARK,65,08:00-02:00,FATİH,28.97890540407,41.0061732093938
Çağlayan 2,Çağlayan Vatan Caddes,YOL ÜSTÜ,YOL ÜSTÜ,60,08:00-18:00,KAĞITHANE,28.9818158925228,41.0769835779501
Dalbastı Sokak 1,Sultanahmet Turist Otopark,YOL ÜSTÜ,YOL ÜSTÜ,250,08:00-21:00,FATİH,28.9786523156457,41.0061751910245
Kartal Üsküdar Caddesi 1,Kartal Üsküdar Caddes,YOL ÜSTÜ,YOL ÜSTÜ,50,08:00-18:00,KARTAL,29.1835861669033,40.8890010214122
Cihannuma Yol Üstü 2,Cihannuma Yol Üstü Otopark,YOL ÜSTÜ,YOL ÜSTÜ,75,08:00-23:00,BEŞİKTAŞ,29.0093862165969,41.0488910763028
Cihannuma Yol Üstü 3,Cihannuma Yol Üstü Otopark,YOL ÜSTÜ,YOL ÜSTÜ,75,08:00-23:00,BEŞİKTAŞ,29.0091871493428,41.0481872205022
Cihannuma Yol Üstü 6,Cihannuma Yol Üstü Otopark,YOL ÜSTÜ,YOL ÜSTÜ,50,08:00-23:00,BEŞİKTAŞ,29.0088712092774,41.0452461892141
Beykoz Yalıköy 1,Beykoz-Yalıkö,YOL ÜSTÜ,YOL ÜSTÜ,26,09:00-18:00,BEYKOZ,29.0886092202278,41.135564870372
Kanlıca Barış Manço Caddesi 1,Kanlıca Barış Manço Caddes,YOL ÜSTÜ,YOL ÜSTÜ,18,09:00-19:00,BEYKOZ,29.066208971994,41.1001218927195
Oda Kule Önü 2,Odakule Ön,YOL ÜSTÜ,YOL ÜSTÜ,30,07:00-00:00,BEYOĞLU,28.9749682156837,41.0322461629038
Su Terazisi Sokak,Su Terazisi Soka,YOL ÜSTÜ,YOL ÜSTÜ,22,08:00-18:00,FATİH,28.9726776025518,41.0045807210557
Aksaray Caddesi 1,Aksaray Caddes,YOL ÜSTÜ,YOL ÜSTÜ,45,08:00-18:00,FATİH,28.9543879613902,41.0077334580615
Aksaray Caddesi 2,Aksaray Caddes,YOL ÜSTÜ,YOL ÜSTÜ,31,08:00-18:00,FATİH,28.9549925352072,41.0088303270062
Türbedar Sokak,Türbedar Soka,YOL ÜSTÜ,YOL ÜSTÜ,35,07:00-17:00,FATİH,28.9724379883571,41.0089437566607
Siyavuş Paşa Sokak,Siyavuş Paşa Soka,YOL ÜSTÜ,YOL ÜSTÜ,18,07:30-18:00,FATİH,28.9660103528594,41.0153209172544
Kadıköy Eğitim Mahallesi Açık Otoparkı,Kadıköy Eğitim Mahallesi Açık Otopark,AÇIK OTOPARK,AÇIK OTOPARK,50,08:00-19:00,KADIKÖY,29.0425933816987,40.9923532354129
Fevzipaşa Caddesi 4,Fevzipaşa Caddes,YOL ÜSTÜ,YOL ÜSTÜ,26,08:00-19:00,FATİH,28.950696909504,41.0166492325389
Fevzipaşa Caddesi 12,Fevzipaşa Caddes,YOL ÜSTÜ,YOL ÜSTÜ,30,08:00-19:00,FATİH,28.9472841009953,41.0200360261
Başkomutan Caddesi 2,Başkomutan Caddes,YOL ÜSTÜ,YOL ÜSTÜ,100,09:00-17:30,SİLİVRİ,28.2458668556303,41.0741005683343
Başkomutan Caddesi 5,Başkomutan Caddes,YOL ÜSTÜ,YOL ÜSTÜ,50,09:00-17:30,SİLİVRİ,28.2486526121714,41.0734997438994
Çırağan Sarayı Yol Üstü 1,Çırağan Sarayı Yol Üst,YOL ÜSTÜ,YOL ÜSTÜ,40,08:00-23:00,BEŞİKTAŞ,29.0162684593892,41.0448096163923
Cihangir Caddesi 2,Cihangir Caddes,YOL ÜSTÜ,YOL ÜSTÜ,70,09:00-20:00,BEYOĞLU,28.9866401855668,41.0312520349405
Eski Salı Pazarı 1,Eski Salı Pazar,AÇIK OTOPARK,AÇIK OTOPARK,760,24 Saat,KADIKÖY,29.0334696731641,40.9905799188888
Etyemez Tekkesi Sokak 2,Etyemez Tekkesi Soka,YOL ÜSTÜ,YOL ÜSTÜ,59,08:00-17:00,FATİH,28.9366560828552,41.0029341019473
İmç Önü 8,İm,YOL ÜSTÜ,YOL ÜSTÜ,35,08:30-18:30,FATİH,28.9590951452881,41.0201366525684
Horhor Caddesi Üzeri Cep 1,Horhor Caddesi Üzeri Ce,YOL ÜSTÜ,YOL ÜSTÜ,40,08:00-18:00,FATİH,28.9518573153197,41.0142025900192
Millet Caddesi 2,Millet Caddes,YOL ÜSTÜ,YOL ÜSTÜ,45,07:30-18:30,FATİH,28.9457781051854,41.0100998055265
Kasım Sokak 2,Güngören Kasım Soka,YOL ÜSTÜ,YOL ÜSTÜ,50,08:00-19:00,GÜNGÖREN,28.886257568731,41.0091756891742
Kasım Sokak 3,Güngören Kasım Soka,YOL ÜSTÜ,YOL ÜSTÜ,50,08:00-19:00,GÜNGÖREN,28.888097244593,41.0095399869678
Sabancı Öğretmen Evi Önü 1,Sabancı Öğretmen Evi Ön,YOL ÜSTÜ,YOL ÜSTÜ,27,09:00-20:00,BEYKOZ,29.0653946484149,41.079303134973
Yeşilköy İstasyon Caddesi 2,Yeşilköy İstasyon Caddes,YOL ÜSTÜ,YOL ÜSTÜ,35,08:00-18:00,BAKIRKÖY,28.8248261886532,40.9618791918256
Yeşilköy İstasyon Caddesi 5,Yeşilköy İstasyon Caddes,YOL ÜSTÜ,YOL ÜSTÜ,50,08:00-18:00,BAKIRKÖY,28.8233813015516,40.9598146793368
Yeşilköy İstasyon Caddesi 6,Yeşilköy İstasyon Caddes,YOL ÜSTÜ,YOL ÜSTÜ,50,08:00-18:00,BAKIRKÖY,28.8231015016162,40.9594651936517
Reşitapaşa Caddesi 1,Reşitpaşa Caddes,YOL ÜSTÜ,YOL ÜSTÜ,45,08:30-17:30,AVCILAR,28.7187442759328,40.9805253780395
Gürpınar Yolu Caddesi 1,Gürpınar Yolu Caddes,YOL ÜSTÜ,YOL ÜSTÜ,40,08:00-18:00,BEYLİKDÜZÜ,28.6275832039646,41.0185711653702
Gürpınar Yolu Caddesi 4,Gürpınar Yolu Caddes,YOL ÜSTÜ,YOL ÜSTÜ,30,08:00-18:00,BEYLİKDÜZÜ,28.6274288238873,41.0177784644351
Acıbadem P+R 1,Acıbadem P+,YOL ÜSTÜ,YOL ÜSTÜ,80,06:00-17:00,ÜSKÜDAR,29.05993377855,41.0136493616545
Emirgan Sahil 1,Emirgan Sahi,YOL ÜSTÜ,YOL ÜSTÜ,50,08:00-00:00,SARIYER,29.0571677343043,41.1059939369756
Kartal İdo Açık Otoparkı,Kartal İdo Açık Otopark,AÇIK OTOPARK,AÇIK OTOPARK,90,24 Saat,KARTAL,29.1880633493854,40.8873395511242
İshakpaşa Caddesi,İshakPaşa Caddes,YOL ÜSTÜ,YOL ÜSTÜ,200,08:00-02:00,FATİH,28.9814928372387,41.0080509671786
Levent Metro Yer Altı Otoparkı,Levent Metro Yer Altı Otopark,KAPALI OTOPARK,KAPALI OTOPARK,100,07:30-19:30,BEŞİKTAŞ,29.0106559103638,41.0811486773446
Eminönü Açık Otoparkı,Eminönü Açı,AÇIK OTOPARK,AÇIK OTOPARK,300,24 Saat,FATİH,28.9690391064942,41.0189586751658
Bostancı Açık,Bostancı Açı,AÇIK OTOPARK,AÇIK OTOPARK,375,24 Saat,KADIKÖY,29.0901840939693,40.9523622036885
Beşiktaş Halk Pazarı 1,Beşiktaş Halk Pazar,KAPALI OTOPARK,KAPALI OTOPARK,200,24 Saat,BEŞİKTAŞ,29.0006257751308,41.0497088077806
Kutlugün Sokak 1,Kutlugün Soka,YOL ÜSTÜ,YOL ÜSTÜ,200,08:00-02:00,FATİH,28.9811457957634,41.0070033341579
Paşalimanı Caddesi 1,Paşalimanı Caddes,YOL ÜSTÜ,YOL ÜSTÜ,30,07:00-17:00,ÜSKÜDAR,29.0235417812891,41.0324278613707
Hacı Pervane Caddesi 1,Silivri Hacı Pervane Caddes,YOL ÜSTÜ,YOL ÜSTÜ,35,09:00-17:30,SİLİVRİ,28.2477600281462,41.0744385757197
Kalamış Fener Caddesi 1,Kalamış Fener Caddes,YOL ÜSTÜ,YOL ÜSTÜ,26,09:00-19:00,KADIKÖY,29.0398761698559,40.9723742783255
Eski Salı Pazarı,Eski Salı Pazar,AÇIK OTOPARK,AÇIK OTOPARK,760,24 Saat,KADIKÖY,29.0333458664072,40.9907026712811
Nadide Sokak 1,Nadide Soka,YOL ÜSTÜ,YOL ÜSTÜ,45,08:00-18:00,GÜNGÖREN,28.8907599449158,41.0094469767614
Güneş Plajı 1,Güneş Plajı ,AÇIK OTOPARK,AÇIK OTOPARK,250,24 Saat,BAKIRKÖY,28.7903692226487,40.9715600499029
Beşiktaş Barbaros Bulvarı Taksi Durağı,Beşiktaş Barboros Bulvarı Taksi Durağ,TAKSİ PARK,TAKSİ PARK,10,07:00-17:00,BEŞİKTAŞ,29.0071029305494,41.0428187170476
Kalamış Açık Otoparkı,Kalamış Açık Otopark,AÇIK OTOPARK,AÇIK OTOPARK,170,24 Saat,KADIKÖY,29.0360069274902,40.9685576207815
Eminönü Açık Otoparkı,Eminönü Açı,AÇIK OTOPARK,AÇIK OTOPARK,280,24 Saat,FATİH,28.9692768408793,41.0184137869714
Kadıköy Açık Otoparkı,Kadıköy Açık Otopark,AÇIK OTOPARK,AÇIK OTOPARK,1004,24 Saat,KADIKÖY,29.0184447419548,40.9899909968514
Merter Katlı Otoparkı,Merter Katl,KAPALI OTOPARK,KAPALI OTOPARK,1000,24 Saat,GÜNGÖREN,28.8873910903931,41.0091636163379
Karaköy Katlı,Karaköy Katl,KAPALI OTOPARK,KAPALI OTOPARK,600,24 Saat,BEYOĞLU,28.9772501409749,41.0229402951222
Fatih Katlı Otoparkı,Fatih Katlı Otopark,KAPALI OTOPARK,KAPALI OTOPARK,118,24 Saat,FATİH,28.9396639838227,41.0197286892249
Suadiye Cep Açık Otoparkı,Suadiye Ce,AÇIK OTOPARK,AÇIK OTOPARK,130,24 Saat,KADIKÖY,29.0734045417536,40.9585591053446
Vali Konağı Müze Önü 1,Vali Konağı Caddesi Müze Ön,YOL ÜSTÜ,YOL ÜSTÜ,35,08:00-19:00,ŞİŞLİ,28.9882120800959,41.0494579175707
Hidiv Kasrı,Hıdiv Kasr,AÇIK OTOPARK,AÇIK OTOPARK,130,08:00-23:00,BEYKOZ,29.0755519632817,41.1034800086367
Ebu Suut Caddesi 1,Ebu Suut Caddes,YOL ÜSTÜ,YOL ÜSTÜ,40,08:00-18:00,FATİH,28.9763924538999,41.012969742489
Kore Şehitleri Caddesi - Yüzbaşı Kaya Aldağon Sokak 4,Kore Şehitleri Caddesi - Yüzbaşı Kaya Aldağon Soka,YOL ÜSTÜ,YOL ÜSTÜ,40,07:00-17:00,ŞİŞLİ,29.0116120328575,41.0715743916453
Yeşilyurt Çarşı 3,Yeşilyurt Çarş,YOL ÜSTÜ,YOL ÜSTÜ,50,08:00-19:00,BAKIRKÖY,28.8379358175919,40.9643809578392
Fatih Su Yolu Sokak 1,Fatih Su Yolu Soka,YOL ÜSTÜ,YOL ÜSTÜ,40,08:00-22:00,FATİH,28.9540594985905,41.0161648948098
Fatih Su Yolu Sokak 2,Fatih Su Yolu Soka,YOL ÜSTÜ,YOL ÜSTÜ,40,08:00-22:00,FATİH,28.9541522394258,41.0166520896524
Münir Nurettin Selçuk Caddesi 15,Münir Nurettin Selçuk Caddes,YOL ÜSTÜ,YOL ÜSTÜ,30,09:00-18:00,KADIKÖY,29.0400183181445,40.9788202609784
Sıracevizler Caddesi Yol Üstü 4,Şişli Sıracevizler Caddes,YOL ÜSTÜ,YOL ÜSTÜ,50,08:00-18:00,ŞİŞLİ,28.9841634292099,41.0598012396442
Eski Büyükdere Caddesi 1,Eski Büyükdere Caddes,YOL ÜSTÜ,YOL ÜSTÜ,30,08:00-19:00,KAĞITHANE,29.0062693981217,41.0881222691293
Gazi Umur Paşa Sokak 6,Gazi Umur Paşa Soka,YOL ÜSTÜ,YOL ÜSTÜ,42,08:00-18:00,BEŞİKTAŞ,29.0109362691402,41.0586236902266
Çapa Yol Üstü Otoparkı 1,Çapa Yol Üstü Otopark,YOL ÜSTÜ,YOL ÜSTÜ,30,07:00-19:00,FATİH,28.9309891714305,41.0167852916899
Eyüp Tekke Parkı,Eyüp Tekke Park,AÇIK OTOPARK,AÇIK OTOPARK,70,08:00-19:00,EYÜP,28.9397962457675,41.0564862110081
Tarabya Açık Otoparkı,Tarabya Açık Otopark,AÇIK OTOPARK,AÇIK OTOPARK,100,24 Saat,SARIYER,29.0517569676763,41.1381443882869
Eyüp İstanbul Caddesi 4,Eyüp İstanbul Caddes,YOL ÜSTÜ,YOL ÜSTÜ,40,09:00-19:00,EYÜP,28.8898819017231,41.1764729732221
Maçka Katlı Otoparkı,Maçka Katlı Otopark,KAPALI OTOPARK,KAPALI OTOPARK,508,24 Saat,ŞİŞLİ,28.9902057964602,41.048136550899
Mete Caddesi 3,Mete Caddes,YOL ÜSTÜ,YOL ÜSTÜ,35,07:30-20:30,BEYOĞLU,28.9880214120353,41.0384142241513
Matbaacılar Sitesi Yanı,Matbaacılar Sitesi Yan,AÇIK OTOPARK,AÇIK OTOPARK,250,07:00-19:00,ZEYTİNBURNU,28.9182994145558,41.0233056453673
Yenikapı Marmaray Taksi Durağı,Yenikapı Marmaray Taksi Durağ,TAKSİ PARK,TAKSİ PARK,20,07:00-18:00,FATİH,28.9518016576767,41.0064432942694
Şehzadebaşı Caddesi 1,Şehzadebaşı Caddes,YOL ÜSTÜ,YOL ÜSTÜ,50,07:00-19:00,FATİH,28.9580063593037,41.0127437614198
Kazlıçeşme Marmaray Açık Otoparkı 2,Kazlıçeşme Marmaray Açık Otopark,AÇIK OTOPARK,AÇIK OTOPARK,700,24 Saat,ZEYTİNBURNU,28.9164923338064,40.9922322731924
Kirazlı Metro Durağı P+R,Kirazlı Metro Durağı P+,AÇIK OTOPARK,AÇIK OTOPARK,650,24 Saat,BAĞCILAR,28.8417791173274,41.0330978614511
Alibeyköy Cep Otogarı Otobüs Otoparkı,Alibeyköy Cep Otogarı Otobüs Otopark,AÇIK OTOPARK,AÇIK OTOPARK,116,24 Saat,EYÜP,28.9449815819485,41.0877762255869
Üsküdar Ünalan Açık P+R,Üsküdar Ünalan Açık P+,AÇIK OTOPARK,AÇIK OTOPARK,180,06:30-19:00,ÜSKÜDAR,29.060452580452,40.997872735968
Tuzla İdo,Tuzla İdo İskeles,AÇIK OTOPARK,AÇIK OTOPARK,300,24 Saat,TUZLA,29.3036445339446,40.8150088134286
Kadıköy Metro Yol Üstü 2,Kadıköy Metro Yol Üst,YOL ÜSTÜ,YOL ÜSTÜ,25,06:30-23:00,KADIKÖY,29.0217040367545,40.9899147235396
Fatih Minibüs Depolama Alanı,Fatih Minübüs Depolama Alanı / A40 Alibeyköy-Aksara,MİNİBÜS PARK,MİNİBÜS PARK,119,07:00-18:00,FATİH,28.9469441351738,41.0130242136156
Selim Sırrı Tarcan Katlı Otoparkı,Selim Sırrı Tarcan Katlı Otopark,KAPALI OTOPARK,KAPALI OTOPARK,150,24 Saat,ŞİŞLİ,28.9980129749701,41.0731471591264
Bayrampaşa Nikah Dairesi Otoparkı,Bayrampaşa Nikah Dairesi Otopark,KAPALI OTOPARK,KAPALI OTOPARK,190,24 Saat,BAYRAMPAŞA,28.9130437374115,41.0431703036577
Rumeli Caddesi 6,Şişli Rumeli Caddes,YOL ÜSTÜ,YOL ÜSTÜ,45,08:00-23:00,ŞİŞLİ,28.991334434127,41.0518530035512
Bayrampaşa Muratpaşa Yer Altı Otoparkı,Bayrampaşa Muratpaşa Yer Altı Otopark,KAPALI OTOPARK,KAPALI OTOPARK,300,24 Saat,BAYRAMPAŞA,28.9081981991292,41.0470146103079
Çekmeköy Çavuşbaşı Caddesi 1,Çekmeköy Çavuşbaşı Caddes,YOL ÜSTÜ,YOL ÜSTÜ,50,08:00-19:00,ÇEKMEKÖY,29.1724856900986,41.0303729442975
EGS Blokları Açık Otoparkı,EGS Blokları Açık Otopark,AÇIK OTOPARK,AÇIK OTOPARK,350,24 Saat,BAKIRKÖY,28.8353911042213,40.98631063546
Altunizade Açık Otopark,Altunizade Açık Otopar,AÇIK OTOPARK,AÇIK OTOPARK,80,08:00-19:00,ÜSKÜDAR,29.0394911170006,41.0245442767946
Yenikapı Marmaray Büyük Otoparkı,Yenikapı Marmaray Büyük Otopark,AÇIK OTOPARK,AÇIK OTOPARK,350,24 Saat,FATİH,28.9506012947387,41.0057551467446
Yenikapı Marmaray Küçük Otoparkı,Yenikapı Marmaray Küçük Otopark,AÇIK OTOPARK,AÇIK OTOPARK,200,24 Saat,FATİH,28.9515739830515,41.0049568024718
Nispetiye Caddesi Açık Otoparkı,Nispetiye Caddesi Açık Otopark,AÇIK OTOPARK,AÇIK OTOPARK,90,08:00-19:00,BEŞİKTAŞ,29.0177193407245,41.0735048337776
Haliç Sosyal Tesisleri Otoparkı,Haliç Sosyal Tesisleri Otopark,AÇIK OTOPARK,AÇIK OTOPARK,60,07:30-00:00,FATİH,28.9572405370038,41.0277372163962
Sabancı Öğretmenevi Açık Otoparkı,Sabancı Öğretmenevi Açık Otopark,AÇIK OTOPARK,AÇIK OTOPARK,350,07:30-23:00,BEYKOZ,29.0673535830189,41.0810906777251
Damla Sokak 1,Damla Soka,YOL ÜSTÜ,YOL ÜSTÜ,17,08:00-18:30,ŞİŞLİ,29.0003845095634,41.0671926420455
Fatih Halıcılar Caddesi 1,Fatih Halıcılar Caddes,YOL ÜSTÜ,YOL ÜSTÜ,40,09:00-19:00,FATİH,28.9482262730598,41.0182851861138
Şişli Ali Kaya Sokak 1,Şişli Ali Kaya Soka,YOL ÜSTÜ,YOL ÜSTÜ,50,07:00-18:00,ŞİŞLİ,29.0100899530255,41.0798759872551
Avcılar Meydanı Açık Otoparkı,Avcılar Meydan Açık Otopark,AÇIK OTOPARK,AÇIK OTOPARK,600,24 Saat,AVCILAR,28.7216091156006,40.983818171315
Kartal Köprüsü Kavşağı P+R,Kartal Köprüsü Kavşağı  P+,AÇIK OTOPARK,AÇIK OTOPARK,135,06:00-17:00,KARTAL,29.2065685987473,40.9075693128331
Avni Akyol Bulvarı 7,Avni Akyol Bulvar,YOL ÜSTÜ,YOL ÜSTÜ,25,09:00-19:00,BAŞAKŞEHİR,28.6854883151754,41.070025875213
Fulya Açık Otoparkı,Fulya Açık Otopark,AÇIK OTOPARK,AÇIK OTOPARK,80,08:00-22:00,BEŞİKTAŞ,28.999802791782,41.0564978198988
Haydarpaşa Katlı Otoparkı,Haydarpaşa Katlı Otopark,KAPALI OTOPARK,KAPALI OTOPARK,840,24 Saat,ÜSKÜDAR,29.0254819393158,41.0050992841806
Üsküdar Belediyesi Yeraltı Otoparkı,Üsküdar Belediyesi Yeraltı Otopark,KAPALI OTOPARK,KAPALI OTOPARK,197,24 Saat,ÜSKÜDAR,29.0193101763725,41.0206448097112
Bağlarbaşı Katlı Otoparkı,Bağlarbaşı Katlı Otopark,KAPALI OTOPARK,KAPALI OTOPARK,130,24 Saat,ÜSKÜDAR,29.0346497297287,41.0251877577304
Fatih Kütüphane Açık Otoparkı 2,Fatih Kütüphane Açık Otopark,AÇIK OTOPARK,AÇIK OTOPARK,35,08:00-20:00,FATİH,28.9494129802795,41.0166835870469
Okan Üniversitesi Zemin Altı Otoparkı,Okan Üniversitesi Hastanesi Zemin Altı Otopark,KAPALI OTOPARK,KAPALI OTOPARK,300,07:00-23:00,TUZLA,29.3017601966858,40.8494139296324
Sultangazi Zemin Altı Otoparkı,Sultangazi Zemin Altı Otopark,KAPALI OTOPARK,KAPALI OTOPARK,104,24 Saat,SULTANGAZİ,28.8648789618908,41.0944117859861
Harbiye Cumhuriyet Caddesi Yol Üstü Otoparkı 3,Harbiye Cumhuriyet Caddesi Yol Üstü Otopark,YOL ÜSTÜ,YOL ÜSTÜ,25,08:00-18:00,ŞİŞLİ,28.9863416359333,41.0426427651563
Harbiye Cumhuriyet Caddesi Yol Üstü Otoparkı 5,Harbiye Cumhuriyet Caddesi Yol Üstü Otopark,YOL ÜSTÜ,YOL ÜSTÜ,26,08:00-18:00,ŞİŞLİ,28.9863429336572,41.0430813426176
İspark West İstanbul Marina Açık Otoparkı,İspark West İstanbul Açık Otopark,AÇIK OTOPARK,AÇIK OTOPARK,1000,24 Saat,BEYLİKDÜZÜ,28.6590609810476,40.9638856422757
Yalı Açık Otoparkı,Yalı Açık Otopark,AÇIK OTOPARK,AÇIK OTOPARK,85,08:00-21:00,MALTEPE,29.1368757391465,40.9094402447971
Beyoğlu Örnektepe Zemin Altı Otoparkı,Beyoğlu Örnektepe Zemin Altı Otopark,KAPALI OTOPARK,KAPALI OTOPARK,143,24 Saat,BEYOĞLU,28.9548772866058,41.054237061923
Bayrampaşa Sebze-Meyve Hali,Bayrampaşa Sebze - Meyve Hal,AÇIK OTOPARK,AÇIK OTOPARK,100,24 Saat,BAYRAMPAŞA,28.8886686112516,41.0510037149773
A/46 Şirinevler-Kuleli-Başakşehir Minibüs Peronu,A/46 Şirinevler-Kuleli-Başakşehir Minibüs Peron,MİNİBÜS PARK,MİNİBÜS PARK,54,07:00-23:00,BAHÇELİEVLER,28.8469437200644,40.9920154088387
Albay Faik Sözdener 4,Albay Faik Sözdene,YOL ÜSTÜ,YOL ÜSTÜ,40,07:00-23:00,KADIKÖY,29.0214285609932,40.9873879181812
Pendik Yeni Mahalle Açık Otoparkı,Pendik Yenimahalle Açık Otopark,AÇIK OTOPARK,AÇIK OTOPARK,80,07:00-17:00,PENDİK,29.2719447612762,40.8642192362565
Pendik Yenimahalle Yolüstü Otoparkı 2,Pendik Yenimahalle Yolüstü Otopark,YOL ÜSTÜ,YOL ÜSTÜ,50,07:00-17:00,PENDİK,29.2723202705383,40.8640001629382
Ataşehir Bulvarı 24,Ataşehir Bulvar,YOL ÜSTÜ,YOL ÜSTÜ,25,08:00-18:00,ATAŞEHİR,29.1276929465593,40.9934481585166
Kadıköy Söğütlüçeşme Açık Otoparkı,Kadıköy Söğütlüçeşme Açık Otopark,AÇIK OTOPARK,AÇIK OTOPARK,230,24 Saat,KADIKÖY,29.0382224321365,40.9922164477519
Bayrampaşa Muzaffer Öztekin Zemin altı Otoparkı,Bayrampaşa Muzaffer Öztekin Zemin Altı Otopark,KAPALI OTOPARK,KAPALI OTOPARK,400,24 Saat,BAYRAMPAŞA,28.9066778907358,41.051038210844
Tamburi Ali Efendi Sokak 2,Tamburi Ali Efend,YOL ÜSTÜ,YOL ÜSTÜ,17,09:00-21:00,BEŞİKTAŞ,29.0308624165627,41.0785917283309
Levent Büyükdere Caddesi 3,Levent Büyükdere Caddes,YOL ÜSTÜ,YOL ÜSTÜ,30,09:00-22:00,BEŞİKTAŞ,29.0147401521701,41.0756267567518
Levent Büyükdere Caddesi 5,Levent Büyükdere Caddes,YOL ÜSTÜ,YOL ÜSTÜ,30,09:00-22:00,BEŞİKTAŞ,29.0144992705845,41.0761156949685
Bebek Parkı Önü,Bebek Sahil Yol,YOL ÜSTÜ,YOL ÜSTÜ,20,08:00-23:00,BEŞİKTAŞ,29.0567034551944,41.083249887178
Sultanbeyli Emir Caddesi Zemin Altı Otoparkı,Sultanbeyli Emir Caddesi Zemin Altı Otopark,KAPALI OTOPARK,KAPALI OTOPARK,130,07:00-21:00,SULTANBEYLİ,29.2554762151719,40.9716805620891
Arnavutköy Zemin Altı Otoparkı,Arnavutköy Zemin Altı Otopark,KAPALI OTOPARK,KAPALI OTOPARK,700,24 Saat,ARNAVUTKÖY,28.7394691885721,41.1834616970172
Kadıköy Yeni Salı Pazarı Katlı Otoparkı,Kadıköy Yeni Salı Pazarı Katlı Otopark,KAPALI OTOPARK,KAPALI OTOPARK,1350,24 Saat,KADIKÖY,29.0500764411344,40.9977918776891
Bağcılar Yıldıztepe Katlı Otoparkı,Bağcılar Yıldıztepe Katlı Otopark,KAPALI OTOPARK,KAPALI OTOPARK,350,24 Saat,BAĞCILAR,28.8559343388067,41.0295158384932
15 Temmuz Demokrasi Otogarı,15 Temmuz Demokrasi Otogar,AÇIK OTOPARK,AÇIK OTOPARK,1000,24 Saat,BAYRAMPAŞA,28.8945926849422,41.041551975453
Pendik Tavşantepe P+R Açık Otoparkı,Pendik Tavşantepe P+R Açık Otopark,AÇIK OTOPARK,AÇIK OTOPARK,430,24 Saat,PENDİK,29.2492738658714,40.8829169687281
Bayrampaşa Atatürk Parkı  Zemin Altı Otoparkı,Bayrampaşa Atatürk Parkı Zemin Altı Otopark,KAPALI OTOPARK,KAPALI OTOPARK,442,24 Saat,BAYRAMPAŞA,28.9130913424361,41.0335973473562
Bağcılar Kent Meydanı Zemin Altı,Bağcılar Kent Meydanı Zemin Alt,KAPALI OTOPARK,KAPALI OTOPARK,1162,24 Saat,BAĞCILAR,-99,-99
Bağcılar Kent Meydanı Zemin Altı,Bağcılar Kent Meydanı Zemin Alt,KAPALI OTOPARK,KAPALI OTOPARK,1162,24 Saat,BAĞCILAR,28.8556515123968,41.0340028757587
Büyükçamlıca Korusu Sosyal Tesisleri Önü,Büyük Çamlıca Korusu Sosyal Tesisleri Ön,AÇIK OTOPARK,AÇIK OTOPARK,230,08:00-00:00,ÜSKÜDAR,29.0695447678261,41.0267056319966
BüyükÇekmece Metrobüs Durağı Yanı Zemin Altı Otoparkı,Büyükçekmeçe Metrobüs Durağı Yanı Zemin Altı Otopark,KAPALI OTOPARK,KAPALI OTOPARK,498,24 Saat,BÜYÜKÇEKMECE,28.6241373573355,41.0220461669532
Bağcılar Çolakoğlu Zemin Altı Otoparkı,Bağcılar Çolakoğlu Zemin Altı Otopark,KAPALI OTOPARK,KAPALI OTOPARK,106,24 Saat,BAĞCILAR,28.8346857193462,41.0329354584501
Bahçelievler Devlet Hastanesi Yanı Katlı Otoparkı 1,Bahçelievler Devlet Hastanesi Yanı Katlı Otopark,KAPALI OTOPARK,KAPALI OTOPARK,740,24 Saat,BAHÇELİEVLER,28.8438658940414,41.0075606625218
Kadıköy Sahil Açık Otoparkı 1,Kadıköy Sahil Açık Otopark,AÇIK OTOPARK,AÇIK OTOPARK,50,24 Saat,KADIKÖY,29.0218351577221,40.991177468041
Bahçelievler Soğanlı Zemin Altı Otoparkı 1,Bahçelievler Soğanlı Zemin Altı Otopark,KAPALI OTOPARK,KAPALI OTOPARK,663,24 Saat,BAHÇELİEVLER,28.8579412116647,41.0153539312245
Avcılar Mustafa Kemalpaşa Metrobüs Durağı  yanı Yol üstü Otoparkı,Avcılar Mustafa Kemalpaşa Metrobüs Durağı  yanı Yol üstü Otopark,YOL ÜSTÜ,YOL ÜSTÜ,44,08:00-19:00,AVCILAR,-99,-99
Beyoğlu Gazhane Bostan Sokak 2,Beyoğlu Gazhane Bostan Soka,YOL ÜSTÜ,YOL ÜSTÜ,35,08:00-19:00,BEYOĞLU,28.989411490095,41.038319321225
Çekmeköy Mimar Sinan Caddesi 4,Çekmeköy Mimar Sinan Caddes,YOL ÜSTÜ,YOL ÜSTÜ,20,08:00-19:00,ÇEKMEKÖY,29.1763905167864,41.0327095749505
Şakayık Sokak 4,Şişli Şakayık Soka,YOL ÜSTÜ,YOL ÜSTÜ,50,08:00-19:00,ŞİŞLİ,28.9933492574671,41.0519613218585
Beyoğlu İnönü Caddesi 7,İnönü Caddes,YOL ÜSTÜ,YOL ÜSTÜ,30,08:00-20:00,BEYOĞLU,28.9874364451638,41.0354898550985
Prof. Dr.Orhan Ersek Sokak 3,Prof. Dr.Orhan Ersek Soka,YOL ÜSTÜ,YOL ÜSTÜ,40,08:00-19:00,ŞİŞLİ,28.9947635740992,41.0515334666083
Abide-i Hürriyet Caddesi 5,Abide-i Hürriyet Caddes,YOL ÜSTÜ,YOL ÜSTÜ,40,08:00-19:00,ŞİŞLİ,28.9872879133204,41.06123666465
Abide-i Hürriyet Caddesi 6,Abide-i Hürriyet Caddes,YOL ÜSTÜ,YOL ÜSTÜ,40,08:00-19:00,ŞİŞLİ,28.9871193443691,41.0606066510135
Ihlamur Dere Caddesi 2,Ihlamur Dere Caddes,YOL ÜSTÜ,YOL ÜSTÜ,27,09:00-19:00,BEŞİKTAŞ,29.0030306876818,41.0444391236136
Bağlantı Yolu 2,Levent Bağlantı Yol,YOL ÜSTÜ,YOL ÜSTÜ,120,06:45-18:00,BEŞİKTAŞ,29.0124767466166,41.0802186957629
Adliye Önü 1,Levent Adliye Ön,YOL ÜSTÜ,YOL ÜSTÜ,40,07:00-17:00,ŞİŞLİ,29.0114920399818,41.0799491877853
Gedikpaşa Açık Otoparkı,Gedikpaşa Açık Otopark,AÇIK OTOPARK,AÇIK OTOPARK,175,24 Saat,FATİH,28.9636475517086,41.0072920884186
Karaköy Balıkçılar Önü,Beyoğlu Balıkçılar Ön,AÇIK OTOPARK,AÇIK OTOPARK,70,08:00-22:00,BEYOĞLU,28.9741247551725,41.0220007012851
Poyraz Yol Üstü 4,Poyraz Yol Üst,YOL ÜSTÜ,YOL ÜSTÜ,45,08:00-18:00,KADIKÖY,29.0405062252606,40.9930658458139
Ataşehir Bulvarı 1,Ataşehir Bulvar,YOL ÜSTÜ,YOL ÜSTÜ,20,08:00-18:00,ATAŞEHİR,29.1192117333412,40.9925423959336
Ataşehir Bulvarı 8,Ataşehir Bulvar,YOL ÜSTÜ,YOL ÜSTÜ,35,08:00-18:00,ATAŞEHİR,29.1261345148087,40.9926942345984
Mid Point Önü,Bebek Sahil Yol,YOL ÜSTÜ,YOL ÜSTÜ,29,08:00-23:00,BEŞİKTAŞ,29.0526939406176,41.0803494588544
Aşiyan 1,Bebek Sahil Yol,YOL ÜSTÜ,YOL ÜSTÜ,20,08:00-23:00,BEŞİKTAŞ,29.0558047593186,41.0818558368021
Küçük Bebek,Bebek Sahil Yol,YOL ÜSTÜ,YOL ÜSTÜ,17,08:00-00:00,BEŞİKTAŞ,29.049546917487,41.0796940097818
Migros Önü,Bebek Arnavutköy Caddes,YOL ÜSTÜ,YOL ÜSTÜ,11,08:00-00:00,BEŞİKTAŞ,29.0449030668544,41.072222185239
Kabataş Set Üstü 2,Kabataş Setüst,YOL ÜSTÜ,YOL ÜSTÜ,80,08:00-18:00,BEYOĞLU,28.9932263878753,41.0355090939263
İmç Önü 1,İm,YOL ÜSTÜ,YOL ÜSTÜ,28,08:30-18:30,FATİH,28.9568744398885,41.0171314951945
Atatürk Bulvarı 1,Atatürk Bulvarı ,YOL ÜSTÜ,YOL ÜSTÜ,18,07:30-18:30,FATİH,28.9535382991555,41.0112914996693
Ataşehir Bulvarı 13,Ataşehir Bulvar,YOL ÜSTÜ,YOL ÜSTÜ,25,08:00-18:00,ATAŞEHİR,29.1276636706576,40.9930909318858
Hızır Külhani Sokak,Hızır Külhani Soka,YOL ÜSTÜ,YOL ÜSTÜ,26,08:00-18:00,FATİH,28.9604879156051,41.0201996391893
İstinye 1 ( Hastane Önü ),İstinye Caddes,YOL ÜSTÜ,YOL ÜSTÜ,25,08:00-18:00,SARIYER,29.0552176166285,41.1146198454958
İstinye 6 ( Çocuk Parkı ),İstinye Caddes,YOL ÜSTÜ,YOL ÜSTÜ,30,08:00-18:00,SARIYER,29.0601057493365,41.113820521016
Yeniköy 1,Yeniköy Köybaşı Caddes,YOL ÜSTÜ,YOL ÜSTÜ,11,08:00-18:00,SARIYER,29.0697847811823,41.1272417424237
Kireçburnu 3,Haydar Aliyev Caddes,YOL ÜSTÜ,YOL ÜSTÜ,35,09:00-20:00,SARIYER,29.0432715943784,41.1505325211231
Kireçburnu 4,Haydar Aliyev Caddes,YOL ÜSTÜ,YOL ÜSTÜ,35,09:00-20:00,SARIYER,29.0451022580013,41.148950524496
Sarıyer Yeni Mahalle Caddesi 2,Sarıyer Yeni Mahalle Caddes,YOL ÜSTÜ,YOL ÜSTÜ,11,08:00-18:00,SARIYER,29.0571458406927,41.1683574279246
Prof.Cemil Birsel Yokuşu 2,Prof.Dr.Cemil Birsel Caddes,YOL ÜSTÜ,YOL ÜSTÜ,30,07:00-18:00,FATİH,28.966984668008,41.0178777370334
Ragıp Gümüşpala Otobüs Parkı 1,Ragıp Gümüşpala Caddesi (Otobüs Parkı,YOL ÜSTÜ,YOL ÜSTÜ,40,07:00-18:00,FATİH,28.9659351292733,41.0191485037068
Yalı Köşkü Caddesi 3,Yalı Köşkü Caddes,YOL ÜSTÜ,YOL ÜSTÜ,100,07:00-22:00,FATİH,28.974881209685,41.0162466134028
Kartal Hürriyet Caddesi 5,Kartal Hürriyet Caddes,YOL ÜSTÜ,YOL ÜSTÜ,30,08:00-18:00,KARTAL,29.1897473088794,40.8892287355551
Şehit Mithat Yılmaz caddesi 1,Şehit Mithat Yılmaz caddes,YOL ÜSTÜ,YOL ÜSTÜ,16,08:00-18:00,SARIYER,29.0562210057434,41.1684967829079
Beşiktaş Kadastro Önü 1,Beşiktaş Kadastro Ön,YOL ÜSTÜ,YOL ÜSTÜ,20,08:00-18:00,BEŞİKTAŞ,29.0076809868127,41.0503370072929
Ptt Önü 1,Kadiköy Rıhtım Ptt Ön,YOL ÜSTÜ,YOL ÜSTÜ,20,08:00-23:00,KADIKÖY,29.0218714396603,40.9895526989774
Ptt Önü 2,Kadiköy Rıhtım Ptt Ön,YOL ÜSTÜ,YOL ÜSTÜ,20,08:00-23:00,KADIKÖY,29.0220790891939,40.9897455795632
Misbah Sokak 2,Misbah Soka,YOL ÜSTÜ,YOL ÜSTÜ,21,08:00-23:00,KADIKÖY,29.0226187709134,40.9889517661483
Dr.Adnan Adıvar Caddesi,Dr.Adnan Adıvar Caddes,YOL ÜSTÜ,YOL ÜSTÜ,15,08:00-18:00,FATİH,28.9453142465176,41.0082714239797
Ataşehir Bulvarı 16,Ataşehir Bulvar,YOL ÜSTÜ,YOL ÜSTÜ,25,08:00-18:00,ATAŞEHİR,29.1270089149475,40.9916657738709
Fevzipaşa Caddesi 16,Fevzipaşa Caddes,YOL ÜSTÜ,YOL ÜSTÜ,30,08:00-19:00,FATİH,28.9460944396041,41.0212281492918
Fevzipaşa Caddesi 18,Fevzipaşa Caddes,YOL ÜSTÜ,YOL ÜSTÜ,30,08:00-19:00,FATİH,28.9441623852089,41.0226581030482
Arap Camii Açık Otoparkı,Arap Camii Açık Otopark,AÇIK OTOPARK,AÇIK OTOPARK,30,08:00-18:00,BEYOĞLU,28.972318920482,41.0226502734991
19 Mayıs Caddesi 4,19 Mayıs Caddes,YOL ÜSTÜ,YOL ÜSTÜ,40,09:00-19:00,PENDİK,29.2317049497702,40.8773561202221
Bebek Açık,Bebek Açı,AÇIK OTOPARK,AÇIK OTOPARK,35,24 Saat,BEŞİKTAŞ,29.0434974035413,41.0768657533188
Küçük Çamlıca,Küçük Çamlıc,AÇIK OTOPARK,AÇIK OTOPARK,80,07:00-22:00,ÜSKÜDAR,29.0660661745633,41.0204396264326
Akdeniz Caddesi 1,Akdeniz Caddes,YOL ÜSTÜ,YOL ÜSTÜ,25,08:00-19:00,FATİH,28.9428804306775,41.0169754516484
Dumlupınar Caddesi 5,Dumlupınar Caddes,YOL ÜSTÜ,YOL ÜSTÜ,50,09:00-19:00,BAHÇELİEVLER,28.8401277755687,40.9923047206351
Dumlupınar Caddesi 8,Dumlupınar Caddes,YOL ÜSTÜ,YOL ÜSTÜ,60,09:00-19:00,BAHÇELİEVLER,28.8428014033613,40.9921183451896
Zeytinburnu 58. Bulvar 5,Zeytinburnu 58. Bulva,YOL ÜSTÜ,YOL ÜSTÜ,30,09:00-19:00,ZEYTİNBURNU,28.9036999624107,40.9907770798343
Bayrampaşa Numunebağı Caddesi 6,Bayrampaşa Numunebağı Caddes,YOL ÜSTÜ,YOL ÜSTÜ,50,08:00-18:00,BAYRAMPAŞA,28.9127101404422,41.0351621954738
Eyüp Pierloti Caddesi 1,Eyüp Pierloti Caddes,YOL ÜSTÜ,YOL ÜSTÜ,40,08:00-00:00,EYÜP,28.9330016712335,41.0541552941076
Salih Paşa Caddesi 5,Salih Paşa Caddes,YOL ÜSTÜ,YOL ÜSTÜ,30,08:00-19:00,GAZİOSMANPAŞA,28.9106710816922,41.0546931123353
Kasım Sokak 4,Güngören Kasım Soka,YOL ÜSTÜ,YOL ÜSTÜ,50,08:00-19:00,GÜNGÖREN,28.8884969630553,41.0096961201846
Sabancı Öğretmen Evi Önü 2,Sabancı Öğretmen Evi Ön,YOL ÜSTÜ,YOL ÜSTÜ,27,09:00-20:00,BEYKOZ,29.0655296671,41.0796810572859
Sabancı Öğretmen Evi Önü 5,Sabancı Öğretmen Evi Ön,YOL ÜSTÜ,YOL ÜSTÜ,27,09:00-20:00,BEYKOZ,29.0669951237303,41.0811701377321
Yeşilköy Marina 5,Yeşilköy Marin,YOL ÜSTÜ,YOL ÜSTÜ,150,08:00-00:00,BAKIRKÖY,28.8215463493894,40.9559679050794
Yeşilköy İstanbul Caddesi 1,Yeşilköy İstanbul Caddes,YOL ÜSTÜ,YOL ÜSTÜ,33,08:00-18:00,BAKIRKÖY,28.8347753164508,40.9591366124616
Röne Park Önü 1,Röne Park Ön,YOL ÜSTÜ,YOL ÜSTÜ,50,08:00-00:00,BAKIRKÖY,28.8320057062456,40.9577468165466
Atatürk Caddesi 5,Silivri Atatürk Caddes,YOL ÜSTÜ,YOL ÜSTÜ,90,09:00-23:00,SİLİVRİ,28.2437775310632,41.072890898517
Bakırköy Açık Otoparkı 2,Bakırköy Açı,AÇIK OTOPARK,AÇIK OTOPARK,40,24 Saat,BAKIRKÖY,28.8756888962707,40.9833651460067
Emirgan Korusu,Emirgan Korus,AÇIK OTOPARK,AÇIK OTOPARK,300,06:00-23:00,SARIYER,29.0528048310173,41.1085721763519
Yıldız Korusu,Yıldız Korus,AÇIK OTOPARK,AÇIK OTOPARK,500,08:00-21:00,BEŞİKTAŞ,29.0151175016762,41.0479460489626
Balmumcu Açık,Balmumcu Açı,AÇIK OTOPARK,AÇIK OTOPARK,140,24 Saat,BEŞİKTAŞ,29.0106517214342,41.0620415953331
Cihangir Katlı Otoparkı,Cihangir Katl,KAPALI OTOPARK,KAPALI OTOPARK,350,24 Saat,BEYOĞLU,28.9858067091949,41.0318488125712
Feshane P+R Açık Otoparkı,Feshane P+R Açık Otopark,AÇIK OTOPARK,AÇIK OTOPARK,200,24 Saat,EYÜP,28.9376096544914,41.046326666597
Merter Metro P+R,Merter Metro P+,AÇIK OTOPARK,AÇIK OTOPARK,300,07:00-23:00,GÜNGÖREN,28.8957323177918,41.007335531114
Kutlugün Sokak 2,Kutlugün Soka,YOL ÜSTÜ,YOL ÜSTÜ,200,08:00-02:00,FATİH,28.9801221695723,41.0060662554233
Bostancı İdo ve Adalar İskelesi Önü Taksi Durağı,Bostancı İdo ve Adalar İskelesi Önü Taksi Durağ,TAKSİ PARK,TAKSİ PARK,16,07:00-22:00,KADIKÖY,29.0937899011629,40.952526073751
Çayır Çimen Sokak 1,Çayır Çimen Soka,YOL ÜSTÜ,YOL ÜSTÜ,30,06:45-18:00,BEŞİKTAŞ,29.0133305110889,41.0791599999506
Dere Sokak,Dere Soka,YOL ÜSTÜ,YOL ÜSTÜ,15,08:00-19:00,ŞİŞLİ,28.9884407223113,41.0576280525267
Güneş Sokak Çıkmazı 1,Güneş Sokak Çıkmaz,YOL ÜSTÜ,YOL ÜSTÜ,40,07:00-18:00,BEŞİKTAŞ,29.0076827710814,41.0869371830021
Bezmialem Vakıf Üniversitesi Tıp Fakültesi 1,Bezmialem Vakıf Üniversitesi Tıp Fakültes,AÇIK OTOPARK,AÇIK OTOPARK,891,24 Saat,FATİH,28.9359945103419,41.0191610500849
Üsküdar İdo İskelesi Önü,Üsküdar İdo İskelesi Önü Taksi Durağ,TAKSİ PARK,TAKSİ PARK,15,07:00-23:00,ÜSKÜDAR,29.0157958008131,41.0276314801728
Poyrazlı Sokak 1,Poyrazlı Soka,YOL ÜSTÜ,YOL ÜSTÜ,50,08:00-18:00,GÜNGÖREN,28.8886644044539,41.0092817416347
Savaş Caddesi 2,Savaş Caddes,YOL ÜSTÜ,YOL ÜSTÜ,40,08:00-18:00,GÜNGÖREN,28.8871244683282,41.0132750503729
Sabiha Gökçen P+R,Sabiha Gökçen P+,AÇIK OTOPARK,AÇIK OTOPARK,1020,24 Saat,PENDİK,29.309766629813,40.9239043724582
Bakırköy İdo Açık Otoparkı,Bakırköy İdo İskelesi Ön,AÇIK OTOPARK,AÇIK OTOPARK,1000,24 Saat,BAKIRKÖY,28.876095779494,40.9739344805187
Cihangir Katlı Otoparkı,Cihangir Katl,KAPALI OTOPARK,KAPALI OTOPARK,350,24 Saat,BEYOĞLU,28.9858072178951,41.0318403687611
Çınar Hotel Önü 1,Çınar Hotel Ön,YOL ÜSTÜ,YOL ÜSTÜ,60,08:00-00:00,BAKIRKÖY,28.8359615614258,40.959460690961
Ümraniye Dr. Fazıl Küçük Caddesi 2,Ümraniye Dr. Fazıl Küçük Caddes,YOL ÜSTÜ,YOL ÜSTÜ,24,08:00-17:00,ÜMRANİYE,29.1128138853195,41.0268348367626
Vakıf Gureba Yolu Taksi Durağı,Vakıf Gureba Yolu Taksi Durağ,TAKSİ PARK,TAKSİ PARK,25,07:00-18:00,FATİH,28.934442058779,41.0205390163689
Maçka Caddesi Teleferik Önü 1,Maçka Caddesi Teleferik Ön,YOL ÜSTÜ,YOL ÜSTÜ,29,08:00-00:00,ŞİŞLİ,28.9946406656581,41.044441186241
İkinci Keskin Kalem Sokak 1,İkinci Keskin Kalem Soka,YOL ÜSTÜ,YOL ÜSTÜ,40,07:00-17:00,ŞİŞLİ,29.0066447854042,41.069586911439
Menekşe Plajı Açık Otoparkı,Menekşe Plaj,AÇIK OTOPARK,AÇIK OTOPARK,200,24 Saat,BAKIRKÖY,28.7766741822376,40.9762380109002
Bomanti Protestan Mezarlığı Yanı 2,Bomanti Protestan Mezarlığı Yan,YOL ÜSTÜ,YOL ÜSTÜ,20,08:00-18:00,ŞİŞLİ,28.9852128888075,41.0554310167961
Darülbedai Caddesi 2,Darülbedai Caddes,YOL ÜSTÜ,YOL ÜSTÜ,40,08:00-00:00,ŞİŞLİ,28.9900544661335,41.0488647497195
Küçük Ayasofya Caddesi,Küçük Ayasofya Caddes,YOL ÜSTÜ,YOL ÜSTÜ,50,08:00-18:00,FATİH,28.972624618407,41.003051900184
Maltepe Minibüs Durağı,Maltepe Minibüs Peronlar,MİNİBÜS PARK,MİNİBÜS PARK,100,07:00-21:00,MALTEPE,29.1309171011267,40.917723742295
Sabiha Gökçen P+R,Sabiha Gökçen P+,AÇIK OTOPARK,AÇIK OTOPARK,1020,24 Saat,PENDİK,29.3097030759629,40.9241984627225
Rumeli Hisar Önü Açık Otoparkı,Rumeli Hisar Ön,AÇIK OTOPARK,AÇIK OTOPARK,70,24 Saat,SARIYER,29.0565955638885,41.085392159146
Münir Nurettin Selçuk Caddesi 7,Münir Nurettin Selçuk Caddes,YOL ÜSTÜ,YOL ÜSTÜ,35,09:00-18:00,KADIKÖY,29.0399001332712,40.9789159557948
Yıldıray Çınar Sokak 1,Yıldıray Çınar Soka,YOL ÜSTÜ,YOL ÜSTÜ,80,05:45-16:00,BÜYÜKÇEKMECE,28.6236955672732,41.0216146636318
Akasyalı Sokak Tenis Clübü Önü 5,Akasyalı Sokak Tenis Clübü Ön,YOL ÜSTÜ,YOL ÜSTÜ,64,08:00-18:00,BEŞİKTAŞ,29.0111027811794,41.0865178336972
Seyit Nizam  Caddesi 1,Seyit Nizam  Caddes,YOL ÜSTÜ,YOL ÜSTÜ,100,08:00-18:00,ZEYTİNBURNU,28.9073251636242,41.0042713555296
Eski Büyükdere Caddesi 2,Eski Büyükdere Caddes,YOL ÜSTÜ,YOL ÜSTÜ,30,08:00-19:00,KAĞITHANE,29.0060223719673,41.0888734566838
Fişekhane Caddesi 1,Fişekhane Caddes,YOL ÜSTÜ,YOL ÜSTÜ,40,08:00-19:00,BAKIRKÖY,28.8692529442042,40.9779952200221
Ataköy Atrium AVM,Ataköy Atriu,AÇIK OTOPARK,AÇIK OTOPARK,250,24 Saat,BAKIRKÖY,28.8458602191436,40.9881280422327
Kartal Üsküdar Caddesi 4,Kartal Üsküdar Caddes,YOL ÜSTÜ,YOL ÜSTÜ,60,08:00-18:00,KARTAL,29.1829468497314,40.8891892455183
Ulu Camii Açık Otoparkı,Ulu Cami Açık Otopark,AÇIK OTOPARK,AÇIK OTOPARK,150,24 Saat,BAHÇELİEVLER,28.8500430885043,40.9980205259426
Ümraniye Dr. Fazıl Küçük Caddesi 3,Ümraniye Dr. Fazıl Küçük Caddes,YOL ÜSTÜ,YOL ÜSTÜ,24,08:00-17:00,ÜMRANİYE,29.1130204154137,41.0265242342662
Ragıp Gümüşpala Cad.(Sobacılar Önü),Rapıp Gümüşpala Cad.(Sobacılar Önü,YOL ÜSTÜ,YOL ÜSTÜ,40,07:00-18:00,FATİH,28.968970958569,41.0181316171222
Kartal Köprüsü Kavşağı P+R,Kartal Köprüsü Kavşağı  P+,AÇIK OTOPARK,AÇIK OTOPARK,135,06:00-17:00,KARTAL,29.2065034041447,40.9074954125339
Esenler Menderes Metro İstasyonu Yanı,Esenler Menderes Metro İstasyonu Yan,AÇIK OTOPARK,AÇIK OTOPARK,120,24 Saat,ESENLER,28.8782581686974,41.0426463543094
Beşiktaş Emirhan Caddesi 1,Beşiktaş Emirhan Caddes,YOL ÜSTÜ,YOL ÜSTÜ,80,07:30-18:00,BEŞİKTAŞ,29.0090131759644,41.0571555793897
B-37 Mecidiyeköy - Topkapı Minibüs Durağı,B-37 Mecidiyeköy - Topkapı Minibüs Durağ,MİNİBÜS PARK,MİNİBÜS PARK,20,24 Saat,ŞİŞLİ,28.994448399092,41.0669312938775
TRT Önü Açık Otoparkı,TRT Önü Açık Otopar,AÇIK OTOPARK,AÇIK OTOPARK,130,24 Saat,BEYOĞLU,28.9746046067958,41.032590677925
Beyoğlu Tepebaşı Katlı Otoparkı,Beyoğlu Tepebaşı Katlı Otopark,KAPALI OTOPARK,KAPALI OTOPARK,1005,24 Saat,BEYOĞLU,28.97436439991,41.0319095316963
Gençtürk Caddesi 3,Gençtürk Caddes,YOL ÜSTÜ,YOL ÜSTÜ,50,08:00-18:00,FATİH,28.9553904533386,41.0111430658192
Süleyman Seba Caddesi 2,Süleyman Seba Caddes,YOL ÜSTÜ,YOL ÜSTÜ,25,08:00-19:00,BEŞİKTAŞ,28.9998185634613,41.0425775730041
Çekmeköy Çavuşbaşı Caddesi 4,Çekmeköy Çavuşbaşı Caddes,YOL ÜSTÜ,YOL ÜSTÜ,50,08:00-19:00,ÇEKMEKÖY,29.1728974457385,41.0310263554403
Nadide Sokak 2,Nadide Soka,YOL ÜSTÜ,YOL ÜSTÜ,45,08:00-18:00,GÜNGÖREN,28.8917613424353,41.0081589877101
Yayla Sanat Merkezi Önü,Yayla Sanat Merkezi Açık Otopark,AÇIK OTOPARK,AÇIK OTOPARK,300,24 Saat,MALTEPE,29.1234683990479,40.9262729760591
Bostancı Vergi Dairesi Açık Otoparkı,Bostancı Vergi Dairesi Açık Otopark,AÇIK OTOPARK,AÇIK OTOPARK,105,07:00-20:00,ATAŞEHİR,29.1080598103622,40.9625103489262
Çırpıcı Metro Taksi Durağı,Çırpıcı Mertro Taksi Durağ,TAKSİ PARK,TAKSİ PARK,10,07:00-17:00,ZEYTİNBURNU,28.890492054617,41.0016662456777
A-15 Topkapı-Arnavutköy Minibüs Durağı,A-15 Topkapı-Arnavutköy Minibüs Durağ,MİNİBÜS PARK,MİNİBÜS PARK,193,07:00-23:00,ZEYTİNBURNU,29.325154108873,40.9326996800138
Darüşşafaka Yeraltı Otoparkı,Darüşşafaka Yer Altı Otopark,KAPALI OTOPARK,KAPALI OTOPARK,150,24 Saat,SARIYER,29.0252462985542,41.1292801899223
Bülent Ecevit Kültür Merkezi Açık Otoparkı,Bülent Ecevit Kültür Merkezi Açık Otopark,AÇIK OTOPARK,AÇIK OTOPARK,277,09:00-19:00,KARTAL,29.1970226168633,40.8854435978408
Yenikapı Spor ve Kültür Merkezi Açık Otoparkı 2,Yenikapı Spor ve Kültür Merkez,AÇIK OTOPARK,AÇIK OTOPARK,1100,24 Saat,FATİH,28.9513848768405,41.0006952624921
Karaköy Azapkapı,Karaköy Azapkap,AÇIK OTOPARK,AÇIK OTOPARK,100,08:00-19:00,BEYOĞLU,28.9690995820422,41.0255038632929
Cengiz Topel Yer Altı Katlı Otoparkı,Cengiz Topel  Yer Altı Katlı Otopark,KAPALI OTOPARK,KAPALI OTOPARK,144,24 Saat,ESENLER,28.8643401861191,41.0590445975741
Mehmet Özgün Minibüs Peronları,Mehmet Özgün Minübüs Peronlar,MİNİBÜS PARK,MİNİBÜS PARK,100,07:00-21:00,PENDİK,29.3268173933029,40.9361253348448
Fatih Çeşme Açık Otoparkı,Fatih Çeşmesi Açık Otopark,AÇIK OTOPARK,AÇIK OTOPARK,250,06:00-20:00,SARIYER,28.9462872053287,41.1689930956829
Gürpınar Balık Hali Otoparkı,Gürpınar Balık Hali Otopark,AÇIK OTOPARK,AÇIK OTOPARK,1000,24 Saat,BEYLİKDÜZÜ,28.602149543325,40.9672818477468
Beykoz Sosyal Tesisleri 1,Beykoz Sosyal Tesisler,AÇIK OTOPARK,AÇIK OTOPARK,130,07:00-23:00,BEYKOZ,29.0863082384803,41.1133482084457
Dragos Sosyal Tesisleri,Dragos Sosyal Tesisler,AÇIK OTOPARK,AÇIK OTOPARK,100,07:00-22:00,KARTAL,29.1455644369125,40.9017349898225
Florya Sosyal Tesisleri,Florya Sosyal Tesisler Otopark,AÇIK OTOPARK,AÇIK OTOPARK,60,24 Saat,BAKIRKÖY,28.8091778755188,40.9616551934753
Beykoz Sosyal Tesisleri 2,Beykoz Sosyal Tesisler,AÇIK OTOPARK,AÇIK OTOPARK,130,08:00-00:00,BEYKOZ,29.0868669748306,41.1136166110195
Fatih Akşemsettin Caddesi 3,Fatih Akşemsettin Caddes,YOL ÜSTÜ,YOL ÜSTÜ,30,08:30-19:00,FATİH,28.9422261714935,41.020748016018
Mecidiyeköy Oğuz Sokak 1,Mecidiyeköy Oğuz Soka,YOL ÜSTÜ,YOL ÜSTÜ,20,08:00-18:30,ŞİŞLİ,29.0003281831741,41.0678599725148
Langa Bostanları Açık Otoparkı,Langa Bostanları Açık Otopark,AÇIK OTOPARK,AÇIK OTOPARK,30,09:00-20:00,FATİH,28.9502950997057,41.0064298428525
Alibeyköy Cep Otogarı P+R,Alibeyköy Cep Otogarı P+,AÇIK OTOPARK,AÇIK OTOPARK,88,24 Saat,EYÜP,28.9422369003296,41.0878908883406
Avni Akyol Bulvarı 1,Avni Akyol Bulvar,YOL ÜSTÜ,YOL ÜSTÜ,25,09:00-19:00,BAŞAKŞEHİR,28.6895692413112,41.0722613570856
Avni Akyol Bulvarı 6,Avni Akyol Bulvar,YOL ÜSTÜ,YOL ÜSTÜ,25,09:00-19:00,BAŞAKŞEHİR,28.6866684168193,41.0701683773032
Bahçeşehir Gölet Açık Otoparkı,Bahçeşehir Gölet Açık Otopark,AÇIK OTOPARK,AÇIK OTOPARK,110,10:00-22:00,BAŞAKŞEHİR,28.6901833336488,41.0720313711542
Altunizade Aksoy Sokak 1,Altunizade Aksoy Soka,YOL ÜSTÜ,YOL ÜSTÜ,30,08:00-19:00,ÜSKÜDAR,29.0381473302841,41.0207864653849
Adnan Kahveci Metro Açık Otoparkı,Adnan Kahveci Metro Açık Otopark,AÇIK OTOPARK,AÇIK OTOPARK,40,09:00-19:00,PENDİK,29.227409362793,40.8949918336494
Pendik Tavşantepe Metro Taksi Durağı,Pendik Tavşantepe Metro Taksi Durağ,TAKSİ PARK,TAKSİ PARK,4,07:00-23:00,PENDİK,29.2463586947418,40.8824787217601
Esenler Adem Baştürk Kültür Merkezi Katlı,Esenler Adem Baştürk Kültür Merkezi Katl,KAPALI OTOPARK,KAPALI OTOPARK,1000,24 Saat,ESENLER,28.88508412597,41.0386915858544
Bostancı İdo Karşısı Açık Otopark 2,Bostancı İdo Karşısı Açık Otopar,AÇIK OTOPARK,AÇIK OTOPARK,84,24 Saat,KADIKÖY,29.0956429728045,40.9527243666534
Süleymaniye Cami Altı Açık Otoparkı,Süleymaniye Cami Altı Açık Otopark,AÇIK OTOPARK,AÇIK OTOPARK,250,06:30-19:00,FATİH,28.9610775272874,41.0158234443331
Harbiye Cumhuriyet Caddesi Yol Üstü Otoparkı 6,Harbiye Cumhuriyet Caddesi Yol Üstü Otopark,YOL ÜSTÜ,YOL ÜSTÜ,25,08:00-18:00,ŞİŞLİ,28.9864147002029,41.0422046978908
Pendik Tavşantepe P+R Açık Otoparkı,Pendik Tavşantepe P+R Açık Otopark,AÇIK OTOPARK,AÇIK OTOPARK,430,06:00-17:00,PENDİK,29.2486095428467,40.8829229906037
Uzunçayır P+R,Uzunçayır P+,AÇIK OTOPARK,AÇIK OTOPARK,150,06:00-20:00,KADIKÖY,29.05817603222,40.9987457065131
Beylikdüzü Atatürk Bulvarı Açık Otoparkı,Beylikdüzü Atatürk Bulvarı Açık Otopark,AÇIK OTOPARK,AÇIK OTOPARK,70,08:00-22:00,BEYLİKDÜZÜ,28.6452767927199,41.0136924097991
Dr.Fahri Atabey Caddesi 6,Üsküdar Dr.Fahri Atabey Caddes,YOL ÜSTÜ,YOL ÜSTÜ,32,08:00-18:00,ÜSKÜDAR,29.0192251680892,41.0192242668527
Pendik Yenimahalle Yolüstü Otoparkı 1,Pendik Yenimahalle Yolüstü Otopark,YOL ÜSTÜ,YOL ÜSTÜ,50,07:00-17:00,PENDİK,29.2725482583046,40.863559985654
İcadiye Açık Otoparkı,İcadiye Açık Otopark,AÇIK OTOPARK,AÇIK OTOPARK,135,07:00-18:00,ÜSKÜDAR,29.0419989824295,41.0256774465564
Kadıköy Söğütlüçeşme Açık Otoparkı,Kadıköy Söğütlüçeşme Açık Otopark,AÇIK OTOPARK,AÇIK OTOPARK,230,24 Saat,KADIKÖY,29.0388810520838,40.9920378972668
Muallim Naci Açık Otoparkı,Muallim Naci Açık Otopark,AÇIK OTOPARK,AÇIK OTOPARK,35,24 Saat,BEŞİKTAŞ,29.0342713198597,41.0561629020505
Alibeyköy Yeşiltepe Zemin Altı Otoparkı,Alibeyköy Yeşiltepe Zemin Altı Otopark,KAPALI OTOPARK,KAPALI OTOPARK,159,24 Saat,EYÜP,28.9384609099211,41.0793200794339
Bağcılar Demirkapı Zemin Altı Otoparkı,Bağcılar Demirkapı Zemin Altı Otopark,KAPALI OTOPARK,KAPALI OTOPARK,343,24 Saat,BAĞCILAR,28.8327430659809,41.0500841320561
Metrocity Önü 2,Metro City Ön,YOL ÜSTÜ,YOL ÜSTÜ,15,08:00-19:00,ŞİŞLİ,29.0140462905127,41.0765585312392
Haseki Caddesi 2,Haseki Caddes,YOL ÜSTÜ,YOL ÜSTÜ,15,07:30-18:00,FATİH,28.9448494359921,41.0092644388704
Avcılar İdo,Avcılar İd,AÇIK OTOPARK,AÇIK OTOPARK,400,24 Saat,AVCILAR,28.7185068976158,40.9711954866657
Öğretmen Evi,Öğretmen Ev,AÇIK OTOPARK,AÇIK OTOPARK,80,14:00-23:00,AVCILAR,28.7141136765325,40.9722402335861
Yenikapı Tünel Üstü Açık Otoparkı,Yenikapı Tünel Üstü Açık Otopark,AÇIK OTOPARK,AÇIK OTOPARK,700,24 Saat,FATİH,28.954148060432,41.002496315202
Kadıköy Metro 2 Açık Otoparkı,Kadıköy Metro 2 Açık Otopark,AÇIK OTOPARK,AÇIK OTOPARK,100,24 Saat,KADIKÖY,29.0209376126923,40.989017666505
Kağıthane Harmantepe Zemin Altı Otoparkı,Kağıthane Harmantepe Zemin Altı Otopark,KAPALI OTOPARK,KAPALI OTOPARK,200,24 Saat,KAĞITHANE,28.9902319255484,41.0808491059675
Esenler Menderes Parkı Zemin Altı Otoparkı,Esenler Menderes Parkı Zemin Altı Otopark,KAPALI OTOPARK,KAPALI OTOPARK,316,24 Saat,ESENLER,28.8730288299591,41.0413364320359
Kayaşehir Meydan Zemin Altı Otoparkı,Kayaşehir Meydan Zemin Altı Otopark,KAPALI OTOPARK,KAPALI OTOPARK,1054,24 Saat,BAŞAKŞEHİR,-99,-99
Pendik Yenişehir Mustafa Akyol Sokak 3,Pendik Yenişehir Mustafa Akyol Soka,YOL ÜSTÜ,YOL ÜSTÜ,115,08:00-19:00,PENDİK,29.3075452199773,40.9274782476241
Azapkapı Haliç Metro Otoparkı,Azapkapı Haliç Metro Otopark,AÇIK OTOPARK,AÇIK OTOPARK,130,24 Saat,ŞİŞLİ,28.9692861856162,41.0245045808554
Mecidiyeköy Açık Otoparkı,Mecidiyeköy Açık Otopark,AÇIK OTOPARK,AÇIK OTOPARK,250,08:00-22:00,ŞİŞLİ,28.9972854501447,41.0650202953697
Eyüpsultan Akşemsettin Mahallesi Zemin Altı Otoparkı,Eyüpsultan Akşemsettin Mahallesi Zemin Altı Otopark,KAPALI OTOPARK,KAPALI OTOPARK,110,24 Saat,EYÜP,28.9258415975185,41.0850632353534
Küçükyalı P+R,Küçükyalı P+,AÇIK OTOPARK,AÇIK OTOPARK,150,07:00-18:00,MALTEPE,29.1224876895442,40.9499442353789
Kadıköy Yekta Sokak Göztepe E 5 Yanı 2,Kadıköy Yekta Sokak Göztepe E 5 Yan,YOL ÜSTÜ,YOL ÜSTÜ,48,07:00-17:30,KADIKÖY,29.0760080437173,40.9903660803086
Eyüp Silahtarağa Açık Otoparkı,Eyüp Silahtarağa Açık Otopark,AÇIK OTOPARK,AÇIK OTOPARK,350,24 Saat,EYÜP,28.9414952399064,41.0648623184837
Halkalı Caddesi 4,Halkalı Caddes,YOL ÜSTÜ,YOL ÜSTÜ,20,24 Saat,KÜÇÜKÇEKMECE,28.7975759954353,41.0046815574757
Suadiye Sahil Açık Otoparkı,Suadiye Sahil Açık  Otopark,AÇIK OTOPARK,AÇIK OTOPARK,104,24 Saat,KADIKÖY,29.0798844247311,40.9559993823039
Üsküdar Marmaray Minibüs Taksi Dolmuş Depolama Alanı,Üsküdar Marmaray Minibüs Taksi Dolmuş Depolama Alan,MİNİBÜS PARK,MİNİBÜS PARK,30,07:00-22:00,ÜSKÜDAR,29.0109457999173,41.0257189209385
Gazi Osman Paşa Zemin Altı Otoparkı,Gazi Osman Paşa Zemin Altı Otopark,KAPALI OTOPARK,KAPALI OTOPARK,231,24 Saat,GAZİOSMANPAŞA,28.8855357846905,41.0794060220007
Beykoz Sahil Cep Otoparkı,Beykoz Sahil Cep Otopark,AÇIK OTOPARK,AÇIK OTOPARK,100,08:00-00:00,BEYKOZ,29.0947677660433,41.1294191839175
Rumeli Hisarı Sahil Yolu,Rumeli Hisarı Sahil Yol,YOL ÜSTÜ,YOL ÜSTÜ,20,08:00-00:00,SARIYER,29.0568270908247,41.0853956845786
Kadıköy Kurbağalıdere Caddesi,Kurbağalıdere Caddes,YOL ÜSTÜ,YOL ÜSTÜ,38,08:00-19:00,KADIKÖY,29.0368977032111,40.9941242630298
Bakırköy Sahil Cep Otoparkı,Bakırköy Sahil Cep Otopark,YOL ÜSTÜ,YOL ÜSTÜ,40,08:00-20:00,BAKIRKÖY,28.8781663796872,40.9747865771189
Beyoğlu Gazhane Bostan Sokak 1,Beyoğlu Gazhane Bostan Soka,YOL ÜSTÜ,YOL ÜSTÜ,35,08:00-19:00,BEYOĞLU,28.9901005980059,41.0388109562502
Vali Konağı Caddesi 2,Şişli Vali Konağı Caddes,YOL ÜSTÜ,YOL ÜSTÜ,50,08:00-19:00,ŞİŞLİ,28.9881290395756,41.0490102115612
Vali Konağı Caddesi 3,Şişli Vali Konağı Caddes,YOL ÜSTÜ,YOL ÜSTÜ,50,08:00-19:00,ŞİŞLİ,28.9957386934589,41.0553295330499
Teşvikiye Cami 1,Şişli Teşvikiye Caddes,YOL ÜSTÜ,YOL ÜSTÜ,25,08:00-19:00,ŞİŞLİ,28.99404555518,41.0490923466917
Amerikan Hastanesi 1,Amerikan Hastanes,YOL ÜSTÜ,YOL ÜSTÜ,30,08:00-19:00,ŞİŞLİ,28.994853589541,41.0534362386512
Maçka Caddesi 5,Şişli Maçka Caddes,YOL ÜSTÜ,YOL ÜSTÜ,50,08:00-00:00,ŞİŞLİ,28.9943077445935,41.0467187710567
Ergenekon Caddesi 1,Şişli Ergenekon Caddes,YOL ÜSTÜ,YOL ÜSTÜ,40,08:00-18:00,ŞİŞLİ,28.9833408981726,41.0531409577011
Abide-i Hürriyet Caddesi 2,Abide-i Hürriyet Caddes,YOL ÜSTÜ,YOL ÜSTÜ,30,08:00-19:00,ŞİŞLİ,28.987576628333,41.063402364554
Abide-i Hürriyet Caddesi 7,Abide-i Hürriyet Caddes,YOL ÜSTÜ,YOL ÜSTÜ,40,08:00-19:00,ŞİŞLİ,28.986746514948,41.0598524596391
Ortaklar Caddesi 1,Mecidiyeköy Ortaklar Caddes,YOL ÜSTÜ,YOL ÜSTÜ,22,08:00-18:00,ŞİŞLİ,28.9969765624134,41.0637431718003
Müselles Sokak 1,Müselles Soka,YOL ÜSTÜ,YOL ÜSTÜ,40,07:00-17:00,ŞİŞLİ,29.0121220901559,41.0679820267951
Ortabahçe Caddesi 2,Ortabahçe Caddes,YOL ÜSTÜ,YOL ÜSTÜ,35,08:00-18:00,BEŞİKTAŞ,29.004285553242,41.0428391706898
Prof.Dr.Ahmet Kemal Aru Caddesi 4,Prof.Dr.Ahmet Kemal Aru Caddes,YOL ÜSTÜ,YOL ÜSTÜ,40,06:45-18:00,BEŞİKTAŞ,29.0135379540576,41.0810493592643
Bosna Bulvarı 1,Ümraniye Bosna Bulvar,YOL ÜSTÜ,YOL ÜSTÜ,35,08:00-19:00,ÜMRANİYE,29.0847131609917,41.0247992416911
Selvi Sokak 1,Selvi Soka,YOL ÜSTÜ,YOL ÜSTÜ,45,08:00-18:00,BEŞİKTAŞ,29.0082733010954,41.0862668875676
Pendik Yenimahalle Yolüstü Otoparkı 4,Pendik Yenimahalle Yolüstü Otopark,YOL ÜSTÜ,YOL ÜSTÜ,50,07:00-17:00,PENDİK,29.2722747349236,40.8642165945946
Okçu Musa 2,Okçu Musa Caddes,YOL ÜSTÜ,YOL ÜSTÜ,40,08:00-18:00,BEYOĞLU,28.9717101119185,41.0265093265643
Voyvoda 3,Voyvoda Caddes,YOL ÜSTÜ,YOL ÜSTÜ,20,08:00-18:00,BEYOĞLU,28.9739947639643,41.0237861417734
Karaköy Meydan,Karaköy Meyda,YOL ÜSTÜ,YOL ÜSTÜ,16,08:00-18:00,BEYOĞLU,28.9753086281979,41.0232014282903
Poyraz Yol Üstü 5,Poyraz Yol Üst,YOL ÜSTÜ,YOL ÜSTÜ,40,08:00-18:00,KADIKÖY,29.0404352967453,40.992056580501
Ataşehir Bulvarı 4,Ataşehir Bulvar,YOL ÜSTÜ,YOL ÜSTÜ,25,08:00-18:00,ATAŞEHİR,29.1173448206253,40.9924151622938
Aşiyan 2,Bebek Sahil Yol,YOL ÜSTÜ,YOL ÜSTÜ,16,08:00-00:00,BEŞİKTAŞ,29.0570080224903,41.0845829102999
Çarşı Çıkışı,Bebek Arnavutköy Caddes,YOL ÜSTÜ,YOL ÜSTÜ,15,08:00-00:00,BEŞİKTAŞ,29.0427219374845,41.0672077467611
İmç Önü 3,İm,YOL ÜSTÜ,YOL ÜSTÜ,27,08:30-18:30,FATİH,28.9579304410331,41.0184300606985
Sarıyer Yeni Mahalle Caddesi 1,Sarıyer Yeni Mahalle Caddes,YOL ÜSTÜ,YOL ÜSTÜ,11,08:00-18:00,SARIYER,29.0571344725735,41.1681068094928
Ragıp Gümüşpala Camii Önü 1,Ragıp Gümüşpala Caddesi (Camii Önü,YOL ÜSTÜ,YOL ÜSTÜ,29,08:00-18:00,FATİH,28.9627611692393,41.0210329467797
Ragıp Gümüşpala Otobüs Parkı 2,Ragıp Gümüşpala Caddesi (Otobüs Parkı,YOL ÜSTÜ,YOL ÜSTÜ,40,07:00-18:00,FATİH,28.9648529296531,41.0197027080731
Kepenekçi Yokuşu-Odun Kapısı Yokuşu 1,Kepenekçi Yokuşu Sokak-Odun Kapısı Yokuşu Soka,YOL ÜSTÜ,YOL ÜSTÜ,30,07:00-18:00,FATİH,28.9662741778895,41.0170711100845
Kazım Özalp Sokak 2,Kazım Özalp Soka,YOL ÜSTÜ,YOL ÜSTÜ,40,09:00-20:00,KADIKÖY,29.0734358893681,40.9597530676995
Kazım Özalp Sokak 6,Kazım Özalp Soka,YOL ÜSTÜ,YOL ÜSTÜ,50,09:00-20:00,KADIKÖY,29.0757523169727,40.9619986013638
Sirkeci Gar Önü 1,Sirkeci Gar Ön,AÇIK OTOPARK,AÇIK OTOPARK,60,07:00-20:00,FATİH,28.9761848988207,41.0149750931269
Çatalçeşme 1,Çatalçeşme Soka,YOL ÜSTÜ,YOL ÜSTÜ,50,08:00-18:00,FATİH,28.975761922864,41.0092770406124
İmran Öktem Yol Üstü Otoparkı 1,İmran Öktem Yol Üstü Otopark,YOL ÜSTÜ,YOL ÜSTÜ,75,07:00-22:00,FATİH,28.9736426936005,41.0066882806944
İmran Öktem Yol Üstü Otoparkı 2,İmran Öktem Yol Üstü Otopark,YOL ÜSTÜ,YOL ÜSTÜ,75,07:00-22:00,FATİH,28.9742397548511,41.0073048410607
Cihannuma Yol Üstü 1,Cihannuma Yol Üstü Otopark,YOL ÜSTÜ,YOL ÜSTÜ,50,08:00-23:00,BEŞİKTAŞ,29.0096090651442,41.0495730252424
Pendik Lokman Hekim Caddesi 3,Pendik Lokman Hekim Caddes,YOL ÜSTÜ,YOL ÜSTÜ,25,09:00-19:00,PENDİK,29.2354831095073,40.8788748019956
Ortaköy Portakal Yokuşu 1,Beşiktaş Portakal Yokuş,YOL ÜSTÜ,YOL ÜSTÜ,15,08:00-23:00,BEŞİKTAŞ,29.0268364548683,41.050612361508
Pierre Loti Caddesi 1,Pierloti Caddes,YOL ÜSTÜ,YOL ÜSTÜ,37,07:00-18:00,FATİH,28.9693755641988,41.005328246269
Pierre Loti Caddesi 2,Pierloti Caddes,YOL ÜSTÜ,YOL ÜSTÜ,37,07:00-18:00,FATİH,28.9691095103396,41.0055183589376
Hayriye Tüccariye Caddesi 1,Hayriye Tüccariye Caddes,YOL ÜSTÜ,YOL ÜSTÜ,35,08:00-18:00,FATİH,28.9567218651891,41.0070789327206
İstinye 7 ( Spor Alanı ),İstinye Caddes,YOL ÜSTÜ,YOL ÜSTÜ,30,08:00-18:00,SARIYER,29.0573328407998,41.1150621149252
Ataşehir Bulvarı 14,Ataşehir Bulvar,YOL ÜSTÜ,YOL ÜSTÜ,20,08:00-18:00,ATAŞEHİR,29.1178984788888,40.9924426745313
Fevzipaşa Caddesi 2,Fevzipaşa Caddes,YOL ÜSTÜ,YOL ÜSTÜ,25,08:00-19:00,FATİH,28.9515428392275,41.0161469758954
Akdeniz Caddesi 3,Akdeniz Caddes,YOL ÜSTÜ,YOL ÜSTÜ,25,08:00-19:00,FATİH,28.945694385541,41.0187221516126
Etyemez Tekkesi Sokak 1,Etyemez Tekkesi Soka,YOL ÜSTÜ,YOL ÜSTÜ,59,08:00-17:00,FATİH,28.9367854918419,41.0029286139093
Etyemez Tekkesi Sokak 4,Etyemez Tekkesi Soka,YOL ÜSTÜ,YOL ÜSTÜ,59,08:00-17:00,FATİH,28.9363190590963,41.0043557409347
Bakırköy İstanbul Caddesi 3,Bakırköy İstanbul Caddes,YOL ÜSTÜ,YOL ÜSTÜ,70,08:00-19:00,BAKIRKÖY,28.8759572046035,40.9784725236022
Bakırköy İstanbul Caddesi 7,Bakırköy İstanbul Caddes,YOL ÜSTÜ,YOL ÜSTÜ,30,08:00-19:00,BAKIRKÖY,28.878549847204,40.9786184164184
Zeytinburnu 58. Bulvar 2,Zeytinburnu 58. Bulva,YOL ÜSTÜ,YOL ÜSTÜ,48,09:00-19:00,ZEYTİNBURNU,28.9038349137749,40.9933790428899
Bayrampaşa Abdi İpekçi Caddesi 2,Bayrampaşa Abdi İpekçi Caddes,YOL ÜSTÜ,YOL ÜSTÜ,30,08:00-18:00,BAYRAMPAŞA,28.9120675804557,41.0367913479225
Bayrampaşa Abdi İpekçi Caddesi 5,Bayrampaşa Abdi İpekçi Caddes,YOL ÜSTÜ,YOL ÜSTÜ,30,08:00-18:00,BAYRAMPAŞA,28.9119276715415,41.0343075331104
Pendik Sahil İdo Açık Otoparkı,Pendik Sahil İd,AÇIK OTOPARK,AÇIK OTOPARK,100,24 Saat,PENDİK,29.2360525373367,40.8754208126874
Meclis-i Mebusan Yokuşu 2,Meclis-i Mebusan Yokuş,YOL ÜSTÜ,YOL ÜSTÜ,30,09:00-18:00,BEYOĞLU,28.9883828811803,41.0323479026334
Kıztaşı Caddesi 1,Kıztaşı Caddes,YOL ÜSTÜ,YOL ÜSTÜ,40,08:30-19:00,FATİH,28.950898953995,41.0161540163621
Kıztaşı Caddesi 2,Kıztaşı Caddes,YOL ÜSTÜ,YOL ÜSTÜ,40,08:30-19:00,FATİH,28.9505164926743,41.0156996990426
Kasım Sokak 1,Güngören Kasım Soka,YOL ÜSTÜ,YOL ÜSTÜ,50,08:00-19:00,GÜNGÖREN,28.8856404202596,41.0090357033789
Sabancı Öğretmen Evi Önü 4,Sabancı Öğretmen Evi Ön,YOL ÜSTÜ,YOL ÜSTÜ,27,09:00-20:00,BEYKOZ,29.0659158204735,41.0802467042586
Yeşilköy Marina 1,Yeşilköy Marin,YOL ÜSTÜ,YOL ÜSTÜ,145,08:00-00:00,BAKIRKÖY,28.8231093953212,40.9575323782277
Yeşilköy Marina 2,Yeşilköy Marin,YOL ÜSTÜ,YOL ÜSTÜ,85,12:00-00:00,BAKIRKÖY,28.8223157132699,40.9571367972732
Yeşilköy Marina 8,Yeşilköy Marin,YOL ÜSTÜ,YOL ÜSTÜ,100,08:00-00:00,BAKIRKÖY,28.8212454401269,40.9551893023394
Şişli Kadırgalar Caddesi 1,Şişli Kadırgalar Caddes,YOL ÜSTÜ,YOL ÜSTÜ,100,08:00-00:00,ŞİŞLİ,28.9928388571993,41.0430165649705
Reşitapaşa Caddesi 2,Reşitpaşa Caddes,YOL ÜSTÜ,YOL ÜSTÜ,45,08:30-17:30,AVCILAR,28.7182958832553,40.9806119149019
Reşitapaşa Caddesi 3,Reşitpaşa Caddes,YOL ÜSTÜ,YOL ÜSTÜ,45,08:30-17:30,AVCILAR,28.7170529967408,40.9808495339875
Öğretmen Evi,Öğretmen Ev,AÇIK OTOPARK,AÇIK OTOPARK,80,24 Saat,AVCILAR,28.7141700769065,40.9722162402043
Gürpınar Yolu Caddesi 5,Gürpınar Yolu Caddes,YOL ÜSTÜ,YOL ÜSTÜ,40,08:00-18:00,BEYLİKDÜZÜ,28.6272524390684,41.0175083222788
Pendik Ankara Caddesi 1,Pendik Ankara Caddes,YOL ÜSTÜ,YOL ÜSTÜ,26,08:00-19:00,PENDİK,29.235877152468,40.8770379866724
Pendik 23 Nisan Caddesi 2,Pendik 23 Nisan Caddes,YOL ÜSTÜ,YOL ÜSTÜ,40,08:00-19:00,PENDİK,29.2356051982498,40.8777044044947
Mercan Açık,Mercan Açı,AÇIK OTOPARK,AÇIK OTOPARK,250,24 Saat,FATİH,28.9669545730466,41.0135639487422
Avcılar İdo,Avcılar İd,AÇIK OTOPARK,AÇIK OTOPARK,400,08:00-00:00,AVCILAR,28.7184655666351,40.9712309021757
İ.M.P Önü 1,İ.M.P Ön,AÇIK OTOPARK,AÇIK OTOPARK,200,08:00-05:00,BEYOĞLU,28.9746605563357,41.0317898000128
Kozyatağı Sebze-Meyve Hali,Kozyatağı Sebze-Meyve Hal,AÇIK OTOPARK,AÇIK OTOPARK,1500,24 Saat,ATAŞEHİR,29.1029469575332,40.978484297008
İçerenköy Açık Otoparkı 1,İçerenköy Açık Otopark,AÇIK OTOPARK,AÇIK OTOPARK,600,24 Saat,ATAŞEHİR,29.1045454144478,40.9765973901075
Fatih Katlı Otoparkı,Fatih Katlı Otopark,KAPALI OTOPARK,KAPALI OTOPARK,118,24 Saat,FATİH,28.9396082449959,41.0197435806677
Büyükçamlıca Korusu Sosyal Tesisleri Önü,Büyük Çamlıca Korusu Sosyal Tesisleri Ön,AÇIK OTOPARK,AÇIK OTOPARK,230,08:00-00:00,ÜSKÜDAR,29.0697805222364,41.0264293643873
Yenikapı İdo Taksi Durağı,Yenikapı İdo Taksi Durağ,TAKSİ PARK,TAKSİ PARK,40,07:00-15:00,FATİH,28.9567286974396,41.0035037300784
Çengelköy Açık Otoparkı,Çengelköy Açık Otopark,AÇIK OTOPARK,AÇIK OTOPARK,426,24 Saat,ÜSKÜDAR,29.0534689592083,41.0484355994512
Seyrantepe Katlı (Arena Karşısı) 1,Seyrantepe Katlı (Arena Karşısı,KAPALI OTOPARK,KAPALI OTOPARK,2288,24 Saat,KAĞITHANE,28.9958238392616,41.1003970701057
Kalamış Fener Caddesi 3,Kalamış Fener Caddes,YOL ÜSTÜ,YOL ÜSTÜ,14,09:00-19:00,KADIKÖY,29.0389906353271,40.9713100107441
Ortaköy Açık,Ortaköy Açı,AÇIK OTOPARK,AÇIK OTOPARK,200,24 Saat,BEŞİKTAŞ,29.0328891015864,41.0505565333188
Yeşilköy Fener Caddesi 1,Yeşilköy Fener Caddes,YOL ÜSTÜ,YOL ÜSTÜ,62,08:00-00:00,BAKIRKÖY,28.8383866669789,40.9591566955503
Vakıf Gureba 1,Bezmialem Vakıf Üniversitesi Tıp Fakültes,AÇIK OTOPARK,AÇIK OTOPARK,891,24 Saat,FATİH,28.9359039352218,41.0193036255988
Mercan Açık,Mercan Açı,AÇIK OTOPARK,AÇIK OTOPARK,250,08:00-23:00,FATİH,28.9669249484166,41.0135496488887
Hacı Osman Taksi Durağı,Hacı Osman Taksi Durağ,TAKSİ PARK,TAKSİ PARK,11,07:00-23:00,SARIYER,29.0310359120677,41.1401459367951
Marmara Üniversitesi Pendik Eğitim ve Araştırma Hastanesi Önü Taksi Durağı,Marmara Üniversitesi Pendik Eğitim Ve Araştırma Hastanesi Önü Taksi Durağ,TAKSİ PARK,TAKSİ PARK,25,08:00-16:00,PENDİK,29.261385310299,40.8867233210851
Söğütlüçeşme Metrobüs Önü Taksi,Söğütlüçeşme Metrobüs Önü Taksi Durağ,TAKSİ PARK,TAKSİ PARK,50,07:00-22:00,KADIKÖY,29.037807200082,40.9923949144964
Beşiktaş Halk Pazarı 2,Beşiktaş Halk Pazar,KAPALI OTOPARK,KAPALI OTOPARK,200,24 Saat,BEŞİKTAŞ,29.0005231475345,41.0497226732138
Güneş Plajı 2,Güneş Plajı ,AÇIK OTOPARK,AÇIK OTOPARK,1000,08:00-20:00,BAKIRKÖY,28.7868871782099,40.9726998561913
Şehit Volkan Duysak Katlı Otoparkı,Şehit Volkan Duysak Katlı Otopark,KAPALI OTOPARK,KAPALI OTOPARK,1000,24 Saat,ZEYTİNBURNU,28.9042881614357,40.9965469007855
Vatan Caddesi Migros Önü Açık,Vatan Migros Migros Ön,AÇIK OTOPARK,AÇIK OTOPARK,300,24 Saat,FATİH,28.9404453838823,41.0160067137113
Ümraniye Dr. Fazıl Küçük Caddesi 1,Ümraniye Dr. Fazıl Küçük Caddes,YOL ÜSTÜ,YOL ÜSTÜ,24,08:00-17:00,ÜMRANİYE,29.1126836778506,41.027017841635
Cadde Bostan Açık Otoparkı,Caddebostan Açık Otopark,AÇIK OTOPARK,AÇIK OTOPARK,66,24 Saat,KADIKÖY,29.067484714987,40.9637113280427
Çiroz Yeşilköy Halk Pazarı,Çiroz Yeşilköy Halk Pazar,AÇIK OTOPARK,AÇIK OTOPARK,500,07:00-19:00,BAKIRKÖY,28.8129177050206,40.9628491559778
Gençler Caddesi 1,Gençler Caddes,YOL ÜSTÜ,YOL ÜSTÜ,35,08:00-19:00,BAKIRKÖY,28.8693382177047,40.9802074031904
Hacıosman Metro Yer Altı Otoparkı,Hacıosman Metro Yer Altı Otopark,KAPALI OTOPARK,KAPALI OTOPARK,422,24 Saat,SARIYER,29.0311587123173,41.1402314254014
Kartal Sahil Açık Otoparkı,Kartal Sahil Açık Otopark,AÇIK OTOPARK,AÇIK OTOPARK,72,24 Saat,KARTAL,29.1901910305023,40.887331455586
Fatih Su Yolu Sokak 3,Fatih Su Yolu Soka,YOL ÜSTÜ,YOL ÜSTÜ,40,08:00-22:00,FATİH,28.9536236525008,41.0169435273394
Feshane P+R Açık Otoparkı,Feshane P+R Açık Otopark,AÇIK OTOPARK,AÇIK OTOPARK,200,24 Saat,EYÜP,28.937658213568,41.0462634409545
Fatih Uzunçarşı Caddesi 1,Fatih Uzun Çarşı Caddes,YOL ÜSTÜ,YOL ÜSTÜ,30,07:00-18:00,FATİH,28.9674655449747,41.0154166485643
Maslak P+R 1,Maslak P+,AÇIK OTOPARK,AÇIK OTOPARK,150,24 Saat,SARIYER,29.0240537687653,41.116532674841
Beykoz Fevzipaşa Caddesi 1,Beykoz Fevzi Paşa Caddes,YOL ÜSTÜ,YOL ÜSTÜ,22,09:00-18:00,BEYKOZ,29.0915854648547,41.1346004332964
Münir Nurettin Selçuk Caddesi 5,Münir Nurettin Selçuk Caddes,YOL ÜSTÜ,YOL ÜSTÜ,30,09:00-18:00,KADIKÖY,29.0390889901223,40.9799663298909
Münir Nurettin Selçuk Caddesi 6,Münir Nurettin Selçuk Caddes,YOL ÜSTÜ,YOL ÜSTÜ,40,09:00-18:00,KADIKÖY,29.0391678819179,40.9798145995934
Münir Nurettin Selçuk Caddesi 13,Münir Nurettin Selçuk Caddes,YOL ÜSTÜ,YOL ÜSTÜ,30,09:00-18:00,KADIKÖY,29.0397486433706,40.979135527216
Kadıköy Metro Açık Otoparkı,Kadıköy Metro Açık Otopark,AÇIK OTOPARK,AÇIK OTOPARK,60,24 Saat,KADIKÖY,29.0216182101664,40.9899183509651
Gazi Umur Paşa Sokak 5,Gazi Umur Paşa Soka,YOL ÜSTÜ,YOL ÜSTÜ,45,08:00-18:00,BEŞİKTAŞ,29.0114568326649,41.0590106537782
Sütlüce Miniatürk Yanı 1,Sütlüce Miniatürk Yan,AÇIK OTOPARK,AÇIK OTOPARK,320,24 Saat,BEYOĞLU,28.9499804001294,41.0570907959868
Sütlüce Miniatürk Yanı 2,Sütlüce Miniatürk Yan,AÇIK OTOPARK,AÇIK OTOPARK,320,24 Saat,BEYOĞLU,28.9499257153103,41.0570670441396
4.Levent P+R Açık Otoparkı,4.Levent P+R Açık Otopark,AÇIK OTOPARK,AÇIK OTOPARK,950,24 Saat,KAĞITHANE,29.0081091758835,41.0835896015817
Fişekhane Caddesi 2,Fişekhane Caddes,YOL ÜSTÜ,YOL ÜSTÜ,40,08:00-19:00,BAKIRKÖY,28.8700321405274,40.9780745209189
Süleymaniye Cami Altı Açık Otoparkı,Süleymaniye Cami Altı Açık Otopark,AÇIK OTOPARK,AÇIK OTOPARK,250,06:30-19:00,FATİH,28.9608539005372,41.0160491429123
Eyüp İstanbul Caddesi 1,Eyüp İstanbul Caddes,YOL ÜSTÜ,YOL ÜSTÜ,40,09:00-19:00,EYÜP,28.8834084558235,41.1793733766854
Eyüp İstanbul Caddesi 3,Eyüp İstanbul Caddes,YOL ÜSTÜ,YOL ÜSTÜ,40,09:00-19:00,EYÜP,28.8844409943035,41.1783602003273
Eyüp İstanbul Caddesi 5,Eyüp İstanbul Caddes,YOL ÜSTÜ,YOL ÜSTÜ,40,09:00-19:00,EYÜP,28.8901048441369,41.1764864031846
Arda Turan Spor Kompleksi Katlı,Arda Turan Spor Kompleksi Katl,KAPALI OTOPARK,KAPALI OTOPARK,500,24 Saat,BAYRAMPAŞA,28.9061343669891,41.0389017145617
Büyük Karaman - Haydarbey Caddeleri 1,Büyük Karaman - Haydarbey Caddeler,YOL ÜSTÜ,YOL ÜSTÜ,60,08:30-19:00,FATİH,28.9530799370274,41.0161345344917
Tacirhane Sokak 1,Tacirhane Soka,YOL ÜSTÜ,YOL ÜSTÜ,30,07:30-18:00,FATİH,28.9667614064156,41.0142245832163
Alibeyköy Cep Otogarı Açık Otoparkı,Alibeyköy Cep Otogarı Açık Otopark,AÇIK OTOPARK,AÇIK OTOPARK,116,24 Saat,EYÜP,28.9445382356644,41.0877898089066
Alibeyköy Cep Otogarı Açık Otoparkı,Alibeyköy Cep Otogarı Açık Otopark,AÇIK OTOPARK,AÇIK OTOPARK,400,24 Saat,EYÜP,28.944418112968,41.0876029931356
Alibeyköy Cep Otogarı Taksi Durağı,Alibeyköy Cep Otogarı Taksi Durağ,TAKSİ PARK,TAKSİ PARK,20,24 Saat,EYÜP,28.9447433064985,41.0881731777381
Şirinevler Meydan Açık Otoparkı 1,Şirinevler Meydan Açık Otopark,AÇIK OTOPARK,AÇIK OTOPARK,70,08:00-00:00,BAHÇELİEVLER,28.8494378328323,40.9960143526425
Bahçelievler Hizmet Hastanesi Önü Açık Otoparkı,Bahçeli Evler Hizmet Hastanesi Ön,AÇIK OTOPARK,AÇIK OTOPARK,150,08:00-18:00,BAHÇELİEVLER,28.8798835873604,41.0011359141164
Muallim Naci Açık Otoparkı,Muallim Naci Açık Otopark,AÇIK OTOPARK,AÇIK OTOPARK,35,24 Saat,BEŞİKTAŞ,29.0341401100159,41.0557660849204
Soğanlık Metro Açık Otoparkı 2,Soğanlık Metro Açık Otopark,AÇIK OTOPARK,AÇIK OTOPARK,500,24 Saat,KARTAL,29.1926908493042,40.913287585098
Aras Sokak 1,Aras Soka,YOL ÜSTÜ,YOL ÜSTÜ,60,05:45-16:00,BÜYÜKÇEKMECE,28.6223217351186,41.0224907672281
Cevizlibağ Taksi Durağı,Cevizlibağ Taksi Durağ,TAKSİ PARK,TAKSİ PARK,10,07:00-23:00,ZEYTİNBURNU,28.91044852088,41.01678010713
Belgrad Ormanı Bahçeköy Girişi Açık,Belgrad Ormanı Otopark,AÇIK OTOPARK,AÇIK OTOPARK,5000,06:00-20:00,SARIYER,28.9889197599634,41.1833081634424
Haznedar Yer Altı Otoparkı,Haznedar Yer Altı Otopark,KAPALI OTOPARK,KAPALI OTOPARK,540,24 Saat,GÜNGÖREN,28.8729094095495,41.0083442312323
Maltepe Orhangazi Şehir Parkı Açık Otoparkı 1,Maltepe Orhangazi Şehir Parkı Açık Otopark,AÇIK OTOPARK,AÇIK OTOPARK,2750,24 Saat,MALTEPE,29.1160869598389,40.9313148438186
Yenikapı Spor ve Kültür Merkezi Açık Otoparkı 1,Yenikapı Spor ve Kültür Merkez,AÇIK OTOPARK,AÇIK OTOPARK,1100,24 Saat,FATİH,28.9513778686523,41.0003869358983
Pendik Devlet Hastanesi Açık Otoparkı,Pendik Devlet Hastanesi Açık Otopark,AÇIK OTOPARK,AÇIK OTOPARK,124,24 Saat,PENDİK,29.2289006710052,40.8775184689066
Pendik Devlet Hastanesi Açık Otoparkı.,Pendik Devlet Hastanesi Açık Otopark,AÇIK OTOPARK,AÇIK OTOPARK,124,24 Saat,PENDİK,29.2288416624069,40.877542805453
Kadıköy Metro Yol Üstü 1,Kadıköy Metro Yol Üst,YOL ÜSTÜ,YOL ÜSTÜ,25,06:30-23:00,KADIKÖY,29.021811656285,40.9904827588532
Harbiye İlkokulu Yer Altı Otoparkı,Harbiye İlkokulu Yer Altı Otopark,KAPALI OTOPARK,KAPALI OTOPARK,110,24 Saat,ŞİŞLİ,28.9850878715515,41.0445499495558
Şehit Murat Demirci Kapalı Otoparkı,Şehit Murat Demirci Kapalı Otopark,KAPALI OTOPARK,KAPALI OTOPARK,110,24 Saat,ŞİŞLİ,28.994360268116,41.0590587548931
Dudullu Minibüs Depolama Alanı,Dudullu Minibüs Depolama Alanı / C-70 Bostanc,MİNİBÜS PARK,MİNİBÜS PARK,65,07:00-21:00,ÜMRANİYE,29.1608894931117,41.0157632571068
Yenikapı Marmaray Küçük Otoparkı,Yenikapı Marmaray Küçük Otopark,AÇIK OTOPARK,AÇIK OTOPARK,200,07:00-23:00,FATİH,28.9504444599152,41.0063845956061
Dr. Adnan Büyük Deniz Caddesi 13,Dr. Adnan Büyükdeniz Caddes,YOL ÜSTÜ,YOL ÜSTÜ,100,07:45-17:00,ÜMRANİYE,29.1183041371016,41.03293696765
Dr. Adnan Büyük Deniz Caddesi 14,Dr. Adnan Büyükdeniz Caddes,YOL ÜSTÜ,YOL ÜSTÜ,60,07:45-17:00,ÜMRANİYE,29.1193021979309,41.03385978598
Dr. Adnan Büyük Deniz Caddesi 15,Dr. Adnan Büyükdeniz Caddes,YOL ÜSTÜ,YOL ÜSTÜ,45,07:45-17:00,ÜMRANİYE,29.1195714114978,41.0341904952674
Matbaacılar Sitesi Yanı,Matbaacılar Sitesi Yan,AÇIK OTOPARK,AÇIK OTOPARK,250,24 Saat,ZEYTİNBURNU,28.9185726180048,41.0235276331245
Çekmeköy Çavuşbaşı Caddesi 3,Çekmeköy Çavuşbaşı Caddes,YOL ÜSTÜ,YOL ÜSTÜ,50,08:00-19:00,ÇEKMEKÖY,29.1727403294819,41.030674394162
Nadide Sokak 4,Nadide Soka,YOL ÜSTÜ,YOL ÜSTÜ,45,08:00-18:00,GÜNGÖREN,28.8911461830139,41.0089025188688
Ümraniye Dr. Fazıl Küçük Caddesi 5,Ümraniye Dr. Fazıl Küçük Caddes,YOL ÜSTÜ,YOL ÜSTÜ,24,08:00-17:00,ÜMRANİYE,29.1125243481899,41.0269298684413
Hat Boyu Caddesi 1,Hat Boyu Caddes,YOL ÜSTÜ,YOL ÜSTÜ,24,09:00-19:00,PENDİK,29.2338305711746,40.88012851253
Unkapanı Açık Otoparkı,Unkapanı Açık Otopark,AÇIK OTOPARK,AÇIK OTOPARK,55,08:00-18:00,FATİH,28.9642008826111,41.0195899292842
Eminönü Cep Otoparkı,Eminönü Cep Otopark,YOL ÜSTÜ,YOL ÜSTÜ,25,08:00-19:00,FATİH,28.9760904316027,41.0169576758643
Cevizli Açık Otoparkı,Cevizli Açık Otopark,AÇIK OTOPARK,AÇIK OTOPARK,100,07:00-20:00,KARTAL,29.1711846706992,40.9179041192046
Karaköy Kemankeş Caddesi 1,Karaköy Kemankeş Caddes,YOL ÜSTÜ,YOL ÜSTÜ,45,08:00-00:00,BEYOĞLU,28.9784526837874,41.0234164887299
Fatih Mütercim Asım Caddesi 1,Fatih Mütercim Asım Caddes,YOL ÜSTÜ,YOL ÜSTÜ,45,08:00-19:00,FATİH,28.9443343877792,41.0219783846296
Ressam Halim Sokak Açık Otoparkı,Ressam Halim Sokak Açık Otopark,AÇIK OTOPARK,AÇIK OTOPARK,120,24 Saat,BAHÇELİEVLER,28.8640917646052,40.996474878231
Avni Akyol Bulvarı 4,Avni Akyol Bulvar,YOL ÜSTÜ,YOL ÜSTÜ,25,09:00-19:00,BAŞAKŞEHİR,28.6887158196755,41.0715141387959
19 Mayıs Açık,19 Mayıs Açı,AÇIK OTOPARK,AÇIK OTOPARK,65,24 Saat,ŞİŞLİ,28.9940804532142,41.056333451355
Uzunçayır P+R,Uzunçayır P+,AÇIK OTOPARK,AÇIK OTOPARK,150,24 Saat,KADIKÖY,29.0580600500107,40.9987432025142
Bahçeşehir Doğa Parkı Caddesi 1,Bahçeşehir Doğa Parkı Caddes,YOL ÜSTÜ,YOL ÜSTÜ,25,09:00-20:00,BAŞAKŞEHİR,28.6911566336691,41.0673299119546
Bayrampaşa Adapark Katlı Otoparkı,Bayrampaşa Adapark Katlı Otopark,KAPALI OTOPARK,KAPALI OTOPARK,650,24 Saat,BAYRAMPAŞA,28.8872194290161,41.0641450801525
Merdivenköy Açık Otoparkı,Merdivenköy Açık Otopark,AÇIK OTOPARK,AÇIK OTOPARK,23,08:00-17:00,KADIKÖY,29.060645699501,40.987448512221
1293 Yavuz Selim Otomatik Otoparkı,Yavuz Selim Otomatik Otopark,KAPALI OTOPARK,KAPALI OTOPARK,60,24 Saat,FATİH,28.9529224727736,41.0232990736502
Şehremini Açık Otoparkı,Şehremini Açık Otopark,AÇIK OTOPARK,AÇIK OTOPARK,30,08:00-19:00,FATİH,28.9333020173581,41.0134968049432
Bayrampaşa Devlet Hastanesi Cep Otoparkı 1,Bayrampaşa Devlet Hastanesi Cep Otopark,YOL ÜSTÜ,YOL ÜSTÜ,75,08:00-19:00,BAYRAMPAŞA,28.9031956893257,41.0414957483584
Bayrampaşa Yenidoğan Mahallesi Zemin Altı Otoparkı,Bayrampaşa Yenidoğan Mahallesi Zemin Altı Otopark,KAPALI OTOPARK,KAPALI OTOPARK,120,24 Saat,BAYRAMPAŞA,28.9087543358991,41.0395060134862
Pendik Sahil İdo,Pendik Sahil İd,AÇIK OTOPARK,AÇIK OTOPARK,100,24 Saat,PENDİK,29.2370238482334,40.8755235231537
Şirinevler Meydan Zeminaltı Otoparkı,Şirinevler Meydan Zeminaltı Otopark,KAPALI OTOPARK,KAPALI OTOPARK,400,24 Saat,BAHÇELİEVLER,28.8496286819982,40.9925266902717
Azerbaycan Dostluk Parkı Zemin Altı Otoparkı,Azerbaycan Dostluk Parkı Zemin Altı Otopark,KAPALI OTOPARK,KAPALI OTOPARK,400,24 Saat,BAĞCILAR,28.8539815179886,41.0443215746298
Zeynep Kamil Hastanesi Önü 5,Zeynep Kamil Hastane Ön,YOL ÜSTÜ,YOL ÜSTÜ,39,08:00-17:00,ÜSKÜDAR,29.0252871470444,41.0155376994208
Dr.Fahri Atabey Caddesi 8,Üsküdar Dr.Fahri Atabey Caddes,YOL ÜSTÜ,YOL ÜSTÜ,23,08:00-18:00,ÜSKÜDAR,29.0194074217382,41.019189847579
Paşalimanı Sosyal Tesis Önü 3,Paşalimanı Sosyal Tesisler Ön,YOL ÜSTÜ,YOL ÜSTÜ,26,07:00-19:00,ÜSKÜDAR,29.0253373575026,41.033601776846
Ataşehir Bulvarı 20,Ataşehir Bulvar,YOL ÜSTÜ,YOL ÜSTÜ,22,08:00-18:00,ATAŞEHİR,29.1276947278216,40.9933479050612
Küçükçekmece Fevzi Çakmak Meydanı Zemin Altı Otoparkı,Küçükçekmece Fevzi Çakmak Meydanı Zemin Altı Otopark,KAPALI OTOPARK,KAPALI OTOPARK,1000,24 Saat,KÜÇÜKÇEKMECE,28.7932531936644,41.0085446963211
Ümraniye Dr.Adnan Büyükdeniz Caddesi Açık Otoparkı,Ümraniye Dr.Adnan Büyükdeniz Caddesi Açık Otopark,AÇIK OTOPARK,AÇIK OTOPARK,230,06:45-18:00,ÜMRANİYE,29.1118522373458,41.0320801168969
Bayrampaşa Muzaffer Öztekin Zemin Altı Otoparkı,Bayrampaşa Muzaffer Öztekin Zemin Altı Otopark,KAPALI OTOPARK,KAPALI OTOPARK,400,24 Saat,BAYRAMPAŞA,28.9067765960929,41.0511236963451
Levent Büyükdere Caddesi 4,Levent Büyükdere Caddes,YOL ÜSTÜ,YOL ÜSTÜ,30,09:00-22:00,BEŞİKTAŞ,-99,-99
Emirgan Sahil 7,Emirgan Sahi,YOL ÜSTÜ,YOL ÜSTÜ,15,08:00-00:00,SARIYER,29.0575767708468,41.1070443369881
Reşitapaşa Caddesi 11,Reşitpaşa Caddes,YOL ÜSTÜ,YOL ÜSTÜ,45,08:30-17:30,AVCILAR,28.7152270465458,40.9811745900338
Divan Önü 2,Bebek Arnavutköy Caddes,YOL ÜSTÜ,YOL ÜSTÜ,19,08:00-00:00,BEŞİKTAŞ,29.056932287504,41.0843327967144
Cevizli Açık Otoparkı,Cevizli Açık Otopark,AÇIK OTOPARK,AÇIK OTOPARK,100,07:00-20:00,KARTAL,29.1711486846136,40.9179174281845
Başakşehir Metro P+R,Başakşehir Metro P+,AÇIK OTOPARK,AÇIK OTOPARK,125,07:00-18:00,BAŞAKŞEHİR,28.8009291052705,41.107371570268
Üsküdar Ünalan Açık P+R,Üsküdar Ünalan Açık P+,AÇIK OTOPARK,AÇIK OTOPARK,180,06:30-19:00,ÜSKÜDAR,29.058794778935,40.9983481796528
Maçka Açık Otoparkı,Maçka Açık Otopark,AÇIK OTOPARK,AÇIK OTOPARK,110,08:00-20:00,ŞİŞLİ,28.9910309360562,41.045817301996
Belgrad Ormanı Kurt Kemeri Girişi Otoparkı,Belgrad Ormanı Kurt Kemeri Girişi Otopark,AÇIK OTOPARK,AÇIK OTOPARK,5000,06:00-00:00,EYÜP,28.9196677863534,41.1967928344884
Şişli Rumeli Caddesi Metro Yanı 1,Şişli Rumeli Caddesi Metro Yan,YOL ÜSTÜ,YOL ÜSTÜ,45,08:00-00:00,ŞİŞLİ,28.9870563332589,41.0537351622192
Belgrad Ormanı Kurt Kemeri Girişi Otoparkı,Belgrad Ormanı Kurt Kemeri Girişi Otopark,AÇIK OTOPARK,AÇIK OTOPARK,5000,06:00-00:00,EYÜP,28.9205176741653,41.1970264007371
Pendik Yenişehir Mustafa Akyol Sokak 2,Pendik Yenişehir Mustafa Akyol Soka,YOL ÜSTÜ,YOL ÜSTÜ,115,08:00-19:00,PENDİK,29.3079115329347,40.9270358315771
Halkalı Mahallesi Zemin Altı Otoparkı,Halkalı Mahallesi  Zemin Altı Otopark,KAPALI OTOPARK,KAPALI OTOPARK,347,24 Saat,KÜÇÜKÇEKMECE,28.7848154047482,41.0358298706201
Bülent Ecevit Kültür Merkezi Açık Otoparkı,Bülent Ecevit Kültür Merkezi Açık Otopark,AÇIK OTOPARK,AÇIK OTOPARK,277,09:00-19:00,KARTAL,29.1970078361443,40.8854464636483
Yamanevler P+R Açık Otoparkı,Yamanevler P+R Açık Otopark,AÇIK OTOPARK,AÇIK OTOPARK,100,08:00-19:00,ÜMRANİYE,29.105671852082,41.0260683915105
Pendik Sahil Engelliler Merkez Önü,Pendik Sahil Engelliler Merkez Ön,AÇIK OTOPARK,AÇIK OTOPARK,100,24 Saat,PENDİK,29.2330900330924,40.8733684846933
Miniatürk Çadır Açık Otoparkı,Miniatürk Çadır Açık Otopark,AÇIK OTOPARK,AÇIK OTOPARK,250,24 Saat,BEYOĞLU,28.9502120388313,41.0587435307513
Gedikpaşa Açık Otoparkı,Gedikpaşa Açık Otopark,AÇIK OTOPARK,AÇIK OTOPARK,175,24 Saat,FATİH,28.9637096267094,41.0073123357648
Bayrampaşa Altıntepsi Zemin  Altı Otoparkı,Bayrampaşa Altıntepsi Zemin Altı Otopark,KAPALI OTOPARK,KAPALI OTOPARK,110,24 Saat,BAYRAMPAŞA,28.9067464587186,41.0382110158253
Ümraniye Toya Sokak 2,Ümraniye Toya Soka,YOL ÜSTÜ,YOL ÜSTÜ,34,07:45-17:00,ÜMRANİYE,29.1150975405449,41.02613051458
Ümraniye Toya Sokak 3,Ümraniye Toya Soka,YOL ÜSTÜ,YOL ÜSTÜ,34,07:45-17:00,ÜMRANİYE,29.1151310681576,41.026084986127
Ümraniye Okan Sokak Zeminaltı Otoparkı,Ümraniye  Okan Sokak Zeminaltı Otopark,KAPALI OTOPARK,KAPALI OTOPARK,125,24 Saat,ÜMRANİYE,29.0911258695497,41.028778337696
Cemal Kamacı Spor Kompleksi Zemin Altı Otoparkı,Cemal Kamacı Spor Kompleksi Zemin Altı Otopark,KAPALI OTOPARK,KAPALI OTOPARK,510,24 Saat,KAĞITHANE,28.9586859011259,41.0537869010329
İcadiye Açık Otoparkı,İcadiye Açık Otopark,AÇIK OTOPARK,AÇIK OTOPARK,135,07:00-18:00,ÜSKÜDAR,29.0427961631656,41.0248455789954
Çekmeköy Mimar Sinan Caddesi 3,Çekmeköy Mimar Sinan Caddes,YOL ÜSTÜ,YOL ÜSTÜ,25,08:00-19:00,ÇEKMEKÖY,29.1763980638423,41.032700826397
Kalamış Parkı Yol Üstü 2,Kalamış Parkı Yol Üst,YOL ÜSTÜ,YOL ÜSTÜ,25,09:00-19:00,KADIKÖY,29.0364496713435,40.9692532913464
