ilce_adi,mahalle_adi,mahalle_uavt,1980_oncesi,1980-2000_arasi,2000_sonrasi,1-4 kat_arasi,5-9 kat_arasi,9-19 kat_arasi
ADALAR,BURGAZADA,40139,433,214,173,802,18,0
ADALAR,HEYBELİADA,40142,836,347,212,1359,36,0
ADALAR,KINALIADA,40143,610,244,158,923,89,0
ADALAR,MADEN,40140,863,510,308,1637,44,0
ADALAR,NİZAM,40141,842,426,217,1434,51,0
ARNAVUTKÖY,ADNAN MENDERES,40490,0,244,121,353,12,0
ARNAVUTKÖY,ANADOLU,99359,0,1360,845,1647,555,3
ARNAVUTKÖY,ARNAVUTKÖY MERKEZ,40478,0,685,589,797,470,7
ARNAVUTKÖY,ATATÜRK,40482,0,565,216,754,27,0
ARNAVUTKÖY,BAKLALI,191981,0,332,184,515,1,0
ARNAVUTKÖY,BALABAN,191983,0,242,53,295,0,0
ARNAVUTKÖY,BOĞAZKÖY İSTİKLAL,40483,90,864,540,1452,42,0
ARNAVUTKÖY,BOLLUCA,40487,0,578,185,716,47,0
ARNAVUTKÖY,BOYALIK,191985,0,313,205,514,4,0
ARNAVUTKÖY,ÇİLİNGİR,40494,0,315,176,485,6,0
ARNAVUTKÖY,DELİKLİKAYA,40910,0,291,279,478,36,56
ARNAVUTKÖY,DURSUNKÖY,40911,0,204,72,276,0,0
ARNAVUTKÖY,DURUSU,40915,0,208,43,251,0,0
ARNAVUTKÖY,FATİH,40495,0,219,198,406,11,0
ARNAVUTKÖY,HACIMAŞLI,191975,1,137,107,244,1,0
ARNAVUTKÖY,HADIMKÖY,40913,0,418,793,909,229,73
ARNAVUTKÖY,HARAÇÇI,40489,0,813,622,1356,79,0
ARNAVUTKÖY,HASTANE,40912,0,434,391,578,237,10
ARNAVUTKÖY,HİCRET,40486,0,221,113,323,11,0
ARNAVUTKÖY,İMRAHOR,40481,0,1141,471,1585,27,0
ARNAVUTKÖY,İSLAMBEY,40479,0,1184,481,1452,204,9
ARNAVUTKÖY,KARABURUN,191987,0,404,710,1110,4,0
ARNAVUTKÖY,KARLIBAYIR,40488,0,669,465,944,183,7
ARNAVUTKÖY,MAREŞAL FEVZİ ÇAKMAK,40493,0,458,450,881,27,0
ARNAVUTKÖY,MAVİGÖL,40485,0,420,520,907,33,0
ARNAVUTKÖY,MEHMET AKİF ERSOY,40491,0,255,218,465,8,0
ARNAVUTKÖY,MUSTAFA KEMAL PAŞA,99358,0,707,273,843,137,0
ARNAVUTKÖY,NENEHATUN,99357,0,561,223,707,77,0
ARNAVUTKÖY,ÖMERLİ,40906,0,273,329,477,83,42
ARNAVUTKÖY,SAZLIBOSNA,40907,0,338,55,393,0,0
ARNAVUTKÖY,TAŞOLUK,40492,0,607,179,750,36,0
ARNAVUTKÖY,TAYAKADIN,191977,0,817,487,1301,3,0
ARNAVUTKÖY,TERKOS,40914,0,428,132,560,0,0
ARNAVUTKÖY,YASSIÖREN,191989,0,0,342,316,24,2
ARNAVUTKÖY,YAVUZ SELİM,40480,0,968,204,1113,58,1
ARNAVUTKÖY,YENİKÖY,191979,0,190,836,1026,0,0
ARNAVUTKÖY,YEŞİLBAYIR,40908,0,172,208,357,23,0
ARNAVUTKÖY,YUNUS EMRE,40484,5,1168,327,1421,78,1
ATAŞEHİR,AŞIKVEYSEL,98687,792,181,199,886,266,20
ATAŞEHİR,ATATÜRK,99749,49,386,416,455,234,162
ATAŞEHİR,BARBAROS,40527,571,725,596,1585,205,102
ATAŞEHİR,ESATPAŞA,40793,997,396,733,1474,597,55
ATAŞEHİR,FERHATPAŞA,40577,4,845,1135,1370,599,15
ATAŞEHİR,FETIH,40795,55,339,160,265,262,27
ATAŞEHİR,İÇERENKÖY,40530,1610,1809,1203,2950,1302,370
ATAŞEHİR,İNÖNÜ,40534,89,445,887,504,898,19
ATAŞEHİR,KAYIŞDAĞI,40533,311,1394,1273,2245,723,10
ATAŞEHİR,KÜÇÜKBAKKALKÖY,40531,478,292,957,850,611,266
ATAŞEHİR,MEVLANA,99516,32,723,135,617,221,52
ATAŞEHİR,MİMAR SİNAN,99519,51,722,135,771,135,2
ATAŞEHİR,MUSTAFA KEMAL,40740,914,374,164,1170,282,0
ATAŞEHİR,ÖRNEK,40816,760,367,732,1166,667,26
ATAŞEHİR,YENİ ÇAMLICA,40746,184,793,350,1192,109,26
ATAŞEHİR,YENİSAHRA,40526,782,378,264,1216,207,1
ATAŞEHİR,YENİŞEHİR,99517,56,128,212,58,225,113
AVCILAR,AMBARLI,40146,354,941,323,561,1009,48
AVCILAR,CİHANGİR,40148,282,1376,1391,1324,1694,31
AVCILAR,DENİZKÖŞKLER,40147,379,1370,402,725,1387,39
AVCILAR,FİRUZKÖY,40152,586,1598,927,2703,397,11
AVCILAR,GÜMÜŞPALA,40151,303,1111,475,617,1253,19
AVCILAR,MERKEZ,40145,371,552,185,189,848,71
AVCILAR,MUSTAFA KEMALPAŞA,40150,258,973,717,498,1443,7
AVCILAR,TAHTAKALE,40154,4,1549,958,1956,339,216
AVCILAR,ÜNİVERSİTE,40149,59,574,626,578,655,26
AVCILAR,YEŞİLKENT,40153,0,4243,3875,7362,735,21
BAĞCILAR,100. YIL,40176,195,2175,436,1233,1555,18
BAĞCILAR,BAĞLAR,40155,239,677,356,771,462,39
BAĞCILAR,BARBAROS,40157,298,487,359,364,776,4
BAĞCILAR,ÇINAR,40163,469,1045,228,424,1304,14
BAĞCILAR,DEMİRKAPI,40171,250,1835,504,987,1554,48
BAĞCILAR,EVREN,40169,229,2099,832,1291,1840,29
BAĞCILAR,FATİH,40172,214,1996,288,975,1520,3
BAĞCILAR,FEVZİ ÇAKMAK,40173,333,1044,370,576,1142,29
BAĞCILAR,GÖZTEPE,40175,135,1714,257,1085,989,32
BAĞCILAR,GÜNEŞLİ,40168,213,1642,555,852,1503,55
BAĞCILAR,HÜRRİYET,40156,449,644,391,602,856,26
BAĞCILAR,İNÖNÜ,40159,320,825,217,564,793,5
BAĞCILAR,KAZIM KARABEKİR,40158,352,749,432,539,992,2
BAĞCILAR,KEMALPAŞA,40174,259,1457,267,843,1138,2
BAĞCILAR,KİRAZLI,40166,263,1572,457,925,1333,34
BAĞCILAR,MAHMUTBEY,40170,266,3585,434,3428,802,55
BAĞCILAR,MERKEZ,40162,180,621,243,305,722,17
BAĞCILAR,SANCAKTEPE,40164,229,657,170,363,688,5
BAĞCILAR,YAVUZ SELİM,40165,239,901,311,536,897,18
BAĞCILAR,YENİGÜN,40161,246,519,112,169,707,1
BAĞCILAR,YENİMAHALLE,40167,137,1236,247,619,953,48
BAĞCILAR,YILDIZTEPE,40160,557,1066,355,697,1260,21
BAHÇELİEVLER,BAHÇELİEVLER,40177,728,878,359,835,1014,116
BAHÇELİEVLER,CUMHURİYET,40181,196,1136,271,310,1285,8
BAHÇELİEVLER,ÇOBANÇEŞME,40184,108,1539,230,649,1216,12
BAHÇELİEVLER,FEVZİ ÇAKMAK,40185,145,881,78,184,917,3
BAHÇELİEVLER,HÜRRİYET,40187,107,1491,129,185,1517,25
BAHÇELİEVLER,KOCASİNAN MERKEZ,40182,152,1623,848,815,1785,23
BAHÇELİEVLER,SİYAVUŞPAŞA,40179,793,1308,58,111,2034,14
BAHÇELİEVLER,SOĞANLI,40180,476,1745,166,143,2234,10
BAHÇELİEVLER,ŞİRİNEVLER,40178,577,1434,230,299,1910,32
BAHÇELİEVLER,YENİBOSNA MERKEZ,40183,365,1263,567,1234,897,64
BAHÇELİEVLER,ZAFER,40186,245,2185,965,599,2789,7
BAKIRKÖY,ATAKÖY 1. KISIM,40202,61,7,27,39,42,14
BAKIRKÖY,ATAKÖY 2-5-6. KISIM,40194,123,8,93,108,74,42
BAKIRKÖY,ATAKÖY 3-4-11. KISIM,40201,156,93,11,82,170,8
BAKIRKÖY,ATAKÖY 7-8-9-10. KISIM,40196,3,426,107,239,226,71
BAKIRKÖY,BASINKÖY,40200,184,358,108,614,36,0
BAKIRKÖY,CEVİZLİK,40192,332,259,110,198,501,2
BAKIRKÖY,KARTALTEPE,40197,775,641,57,414,1056,3
BAKIRKÖY,OSMANİYE,40188,339,363,290,512,470,10
BAKIRKÖY,SAKIZAĞACI,40191,300,143,29,77,385,10
BAKIRKÖY,ŞENLİKKÖY,40199,357,1134,320,1644,166,1
BAKIRKÖY,YENİMAHALLE,40190,319,126,48,134,359,0
BAKIRKÖY,YEŞİLKÖY,40189,894,848,590,1755,554,23
BAKIRKÖY,YEŞİLYURT,40195,179,97,32,134,173,1
BAKIRKÖY,ZEYTİNLİK,40193,203,270,101,143,430,1
BAKIRKÖY,ZUHURATBABA,40198,644,319,66,279,746,4
BAŞAKŞEHİR,ALTINŞEHİR,40598,96,968,332,1256,140,0
BAŞAKŞEHİR,BAHÇEŞEHİR 1. KISIM,40871,0,699,1478,1837,176,164
BAŞAKŞEHİR,BAHÇEŞEHİR 2. KISIM,40872,1,1130,1664,2101,141,553
BAŞAKŞEHİR,BAŞAK,40357,1,644,793,792,208,438
BAŞAKŞEHİR,BAŞAKŞEHİR,40581,0,136,658,187,208,399
BAŞAKŞEHİR,GÜVERCİNTEPE,40597,110,3440,903,3784,640,29
BAŞAKŞEHİR,KAYABAŞI,40583,206,425,969,872,121,607
BAŞAKŞEHİR,ŞAHİNTEPE,40584,95,3785,959,4624,202,13
BAŞAKŞEHİR,ŞAMLAR,191991,9,347,103,440,19,0
BAŞAKŞEHİR,ZİYA GÖKALP,40585,296,2046,3498,5283,474,83
BAYRAMPAŞA,ALTINTEPSİ,40207,679,1206,353,1073,1161,4
BAYRAMPAŞA,CEVATPAŞA,40203,351,733,116,648,552,0
BAYRAMPAŞA,İSMET PAŞA,40209,555,489,166,568,611,31
BAYRAMPAŞA,KARTALTEPE,40211,1256,1408,257,1286,1631,4
BAYRAMPAŞA,KOCATEPE,40212,235,784,218,509,702,26
BAYRAMPAŞA,MURATPAŞA,40213,1285,1342,212,1551,1287,1
BAYRAMPAŞA,ORTAMAHALLE,40204,635,763,132,870,659,1
BAYRAMPAŞA,TERAZİDERE,40206,532,834,114,771,709,0
BAYRAMPAŞA,VATAN,40205,541,398,142,712,368,1
BAYRAMPAŞA,YENİDOĞAN,40208,687,762,154,804,793,6
BAYRAMPAŞA,YILDIRIM,40210,1539,1521,553,1865,1745,3
BEŞİKTAŞ,ABBASAĞA,40219,217,169,101,166,319,2
BEŞİKTAŞ,AKAT,40234,398,597,291,954,294,38
BEŞİKTAŞ,ARNAVUTKÖY,40231,611,295,196,997,105,0
BEŞİKTAŞ,BALMUMCU,40223,145,144,61,289,48,13
BEŞİKTAŞ,BEBEK,40232,477,266,170,743,169,1
BEŞİKTAŞ,CİHANNÜMA,40217,209,141,88,173,260,5
BEŞİKTAŞ,DİKİLİTAŞ,40221,288,243,170,113,529,59
BEŞİKTAŞ,ETİLER,40233,438,189,173,524,261,15
BEŞİKTAŞ,GAYRETTEPE,40222,227,169,111,137,239,131
BEŞİKTAŞ,KONAKLAR,40236,217,231,181,278,319,32
BEŞİKTAŞ,KURUÇEŞME,40228,437,147,132,667,49,0
BEŞİKTAŞ,KÜLTÜR,40229,172,141,117,286,138,6
BEŞİKTAŞ,LEVAZIM,40226,38,118,64,59,148,13
BEŞİKTAŞ,LEVENT,40235,798,158,416,1337,24,11
BEŞİKTAŞ,MECİDİYE,40224,546,320,216,673,409,0
BEŞİKTAŞ,MURADİYE,40216,141,139,34,15,293,6
BEŞİKTAŞ,NİSBETİYE,40230,201,271,114,123,426,37
BEŞİKTAŞ,ORTAKÖY,40225,474,273,284,727,303,1
BEŞİKTAŞ,SİNANPAŞA,40215,189,187,147,289,233,1
BEŞİKTAŞ,TÜRKALİ,40218,395,212,102,190,512,7
BEŞİKTAŞ,ULUS,40227,130,288,72,256,234,0
BEŞİKTAŞ,VİŞNEZADE,40214,254,273,146,338,317,18
BEŞİKTAŞ,YILDIZ,40220,270,224,184,375,295,8
BEYKOZ,ACARLAR,40250,3,1846,391,1977,262,1
BEYKOZ,AKBABA,191701,298,210,188,682,14,0
BEYKOZ,ALİBAHADIR,191703,22,151,130,302,1,0
BEYKOZ,ANADOLU FENERİ,191705,42,73,301,414,2,0
BEYKOZ,ANADOLU HİSARI,40243,362,163,138,619,44,0
BEYKOZ,ANADOLU KAVAĞI,40256,93,163,153,402,7,0
BEYKOZ,BAKLACI,40257,21,0,1024,1034,11,0
BEYKOZ,BOZHANE,191725,47,82,149,278,0,0
BEYKOZ,CUMHURİYET,191727,205,194,283,679,3,0
BEYKOZ,ÇAMLIBAHÇE,40253,699,255,115,1042,27,0
BEYKOZ,ÇENGELDERE,40258,26,3,1161,1159,31,0
BEYKOZ,ÇİFTLİK,40259,31,0,1074,1079,26,0
BEYKOZ,ÇİĞDEM,40240,962,752,177,1793,98,0
BEYKOZ,ÇUBUKLU,40241,1414,1493,428,3110,224,1
BEYKOZ,DERESEKİ,191709,130,222,370,718,4,0
BEYKOZ,ELMALI,191711,92,501,310,880,23,0
BEYKOZ,FATİH,40260,17,0,602,583,36,0
BEYKOZ,GÖKSU,40244,354,126,125,580,25,0
BEYKOZ,GÖLLÜ,191729,20,36,91,147,0,0
BEYKOZ,GÖRELE,191713,30,412,213,650,5,0
BEYKOZ,GÖZTEPE,40246,189,294,557,904,135,1
BEYKOZ,GÜMÜŞSUYU,40237,1354,1211,586,3087,64,0
BEYKOZ,İNCİRKÖY,40238,2043,775,419,3124,113,0
BEYKOZ,İSHAKLI,191731,64,213,379,655,1,0
BEYKOZ,KANLICA,40242,387,206,150,658,84,1
BEYKOZ,KAVACIK,40247,959,667,363,1296,606,87
BEYKOZ,KAYNARCA,191715,3,124,91,218,0,0
BEYKOZ,KILIÇLI,191733,0,39,293,331,1,0
BEYKOZ,MAHMUTŞEVKETPAŞA,191723,213,254,267,727,7,0
BEYKOZ,MERKEZ,40251,712,291,209,1147,64,1
BEYKOZ,ORTAÇEŞME,40254,594,705,249,1517,31,0
BEYKOZ,ÖĞÜMCE,191735,81,161,110,352,0,0
BEYKOZ,ÖRNEKKÖY,191721,20,676,358,1044,10,0
BEYKOZ,PAŞABAHÇE,40239,474,166,101,694,47,0
BEYKOZ,PAŞAMANDIRA,191737,50,269,240,559,0,0
BEYKOZ,POLONEZKÖY,191717,105,155,212,469,3,0
BEYKOZ,POYRAZKÖY,16634,89,12,205,300,6,0
BEYKOZ,RİVA,191707,8,64,1305,1367,9,1
BEYKOZ,RÜZGARLIBAHÇE,40248,536,826,342,1618,58,28
BEYKOZ,SOĞUKSU,40249,378,925,259,1470,92,0
BEYKOZ,TOKATKÖY,40255,995,1366,411,2688,84,0
BEYKOZ,YALIKÖY,40252,740,346,242,1295,33,0
BEYKOZ,YAVUZ SELİM,40261,30,18,1363,1392,19,0
BEYKOZ,YENİ MAHALLE,40245,1046,1750,648,3366,78,0
BEYKOZ,ZERZAVATÇI,191739,43,157,86,284,2,0
BEYLİKDÜZÜ,ADNAN KAHVECİ,40869,0,505,1113,583,490,545
BEYLİKDÜZÜ,BARIŞ,40875,0,303,499,368,56,378
BEYLİKDÜZÜ,BÜYÜKŞEHİR,40877,0,107,132,51,15,173
BEYLİKDÜZÜ,CUMHURİYET,40874,0,224,126,91,14,245
BEYLİKDÜZÜ,DEREAĞZI,40870,0,1134,1027,1960,192,9
BEYLİKDÜZÜ,GÜRPINAR,40867,0,953,510,1220,191,52
BEYLİKDÜZÜ,KAVAKLI,40873,0,624,920,997,421,126
BEYLİKDÜZÜ,MARMARA,40893,4,336,657,722,89,186
BEYLİKDÜZÜ,SAHİL,40876,0,369,277,540,84,22
BEYLİKDÜZÜ,YAKUPLU,40894,37,1666,1230,1522,1369,42
BEYOĞLU,ARAP CAMİ,40299,347,139,2,332,125,31
BEYOĞLU,ASMALI MESCİT,40281,156,107,77,47,276,17
BEYOĞLU,BEDRETTİN,40300,199,46,6,231,20,0
BEYOĞLU,BEREKETZADE,40298,163,124,11,95,193,10
BEYOĞLU,BOSTAN,40291,317,112,8,324,112,1
BEYOĞLU,BÜLBÜL,40292,510,216,16,575,166,1
BEYOĞLU,CAMİİKEBİR,40301,458,204,8,489,179,2
BEYOĞLU,CİHANGİR,40275,237,157,83,113,349,15
BEYOĞLU,ÇATMA MESCİT,40283,174,92,1,135,124,8
BEYOĞLU,ÇUKUR,40293,331,56,7,243,144,7
BEYOĞLU,EMEKYEMEZ,40269,169,156,14,144,181,14
BEYOĞLU,EVLİYA ÇELEBİ,40282,80,23,6,24,72,13
BEYOĞLU,FETİHTEPE,40262,1188,330,135,1164,487,2
BEYOĞLU,FİRUZAĞA,40276,337,126,58,260,260,1
BEYOĞLU,GÜMÜŞSUYU,40278,225,119,28,116,223,33
BEYOĞLU,HACIAHMET,40280,522,502,60,629,446,9
BEYOĞLU,HACIMİMİ,40285,215,116,22,188,159,6
BEYOĞLU,HALICIOĞLU,40304,336,214,91,229,407,5
BEYOĞLU,HÜSEYİNAĞA,40272,169,74,44,76,204,7
BEYOĞLU,İSTİKLAL,40279,826,242,83,1107,30,14
BEYOĞLU,KADI MEHMET EFENDİ,40267,254,171,102,178,347,2
BEYOĞLU,KALYONCU KULLUĞU,40270,331,79,8,217,200,1
BEYOĞLU,KAMER HATUN,40271,202,37,9,132,113,3
BEYOĞLU,KAPTANPAŞA,40264,578,520,202,764,535,1
BEYOĞLU,KATİPMUSTAFA ÇELEBİ,40274,177,95,93,93,265,7
BEYOĞLU,KEÇECİ PİRİ,40302,879,521,86,1071,415,0
BEYOĞLU,KEMANKEŞ KARAMUSTAFAPAŞA,40297,232,82,0,128,184,2
BEYOĞLU,KILIÇALİ PAŞA,40296,221,104,15,116,202,22
BEYOĞLU,KOCATEPE,40277,364,170,50,255,276,53
BEYOĞLU,KULAKSIZ,40266,279,181,35,217,277,1
BEYOĞLU,KULOĞLU,40288,243,106,49,117,279,2
BEYOĞLU,KÜÇÜK PİYALE,40268,325,240,48,343,266,4
BEYOĞLU,MÜEYYETZADE,40286,150,120,19,138,144,7
BEYOĞLU,ÖMER AVNİ,40294,230,92,6,98,224,6
BEYOĞLU,ÖRNEKTEPE,40305,775,192,218,936,236,13
BEYOĞLU,PİRİPAŞA,40303,882,417,136,1060,374,1
BEYOĞLU,PİYALEPAŞA,40263,1554,570,12,1381,755,0
BEYOĞLU,PÜRTELAŞ HASAN EFENDİ,40295,159,101,20,98,170,12
BEYOĞLU,SURURİ MEHMET EFENDİ,40289,365,105,5,359,114,2
BEYOĞLU,SÜTLÜCE,40306,417,160,213,433,348,9
BEYOĞLU,ŞAHKULU,40284,202,87,56,130,211,4
BEYOĞLU,ŞEHİT MUHTAR,40273,420,143,40,227,354,22
BEYOĞLU,TOMTOM,40287,260,107,53,186,227,7
BEYOĞLU,YAHYA KAHYA,40290,311,114,7,308,124,0
BEYOĞLU,YENİŞEHİR,40265,283,271,101,458,195,2
BÜYÜKÇEKMECE,19.May,40850,83,260,279,434,187,1
BÜYÜKÇEKMECE,AHMEDİYE,40891,1,242,71,311,2,1
BÜYÜKÇEKMECE,ALKENT 2000,40844,0,521,968,1456,13,20
BÜYÜKÇEKMECE,ATATÜRK,40845,63,738,395,787,409,0
BÜYÜKÇEKMECE,BAHÇELİEVLER,40882,0,1106,787,1881,12,0
BÜYÜKÇEKMECE,CELALİYE,40928,0,115,1886,1894,107,0
BÜYÜKÇEKMECE,CUMHURİYET,40846,3,388,444,719,95,21
BÜYÜKÇEKMECE,ÇAKMAKLI,99334,0,279,215,469,12,13
BÜYÜKÇEKMECE,DİZDARİYE,40847,152,167,229,344,204,0
BÜYÜKÇEKMECE,EKİNOBA,40886,1,280,240,343,130,48
BÜYÜKÇEKMECE,FATİH,40848,145,637,475,862,392,3
BÜYÜKÇEKMECE,GÜZELCE,40883,0,1283,1236,2499,14,6
BÜYÜKÇEKMECE,HÜRRİYET,40889,176,910,650,1463,273,0
BÜYÜKÇEKMECE,KAMİLOBA,40929,0,52,2090,1943,196,3
BÜYÜKÇEKMECE,KARAAĞAÇ,40849,0,273,1511,1780,4,0
BÜYÜKÇEKMECE,KUMBURGAZ,40884,0,954,556,1406,104,0
BÜYÜKÇEKMECE,MİMAR SİNAN MERKEZ,40887,298,539,493,1106,204,20
BÜYÜKÇEKMECE,MİMAROBA,140376,0,402,316,340,271,107
BÜYÜKÇEKMECE,MURAT ÇEŞME,40888,9,593,483,878,188,19
BÜYÜKÇEKMECE,PINARTEPE,40868,1,611,768,1031,343,6
BÜYÜKÇEKMECE,SİNANOBA,140374,0,639,452,857,130,104
BÜYÜKÇEKMECE,TÜRKOBA,40892,45,1404,1197,2576,39,31
BÜYÜKÇEKMECE,ULUS,40890,326,738,470,1325,209,0
BÜYÜKÇEKMECE,YENİMAHALLE,40885,0,491,207,667,31,0
ÇATALCA,AKALAN,191781,0,337,72,409,0,0
ÇATALCA,ATATÜRK,40903,90,245,310,642,3,0
ÇATALCA,AYDINLAR,191783,254,169,199,620,2,0
ÇATALCA,BAHŞAYİŞ,40902,0,6,198,204,0,0
ÇATALCA,BAŞAK,191821,68,56,86,210,0,0
ÇATALCA,BELGRAT,191823,0,16,215,231,0,0
ÇATALCA,CELEPKÖY,191825,0,2,156,158,0,0
ÇATALCA,ÇAKIL,40899,100,660,946,1706,0,0
ÇATALCA,ÇANAKÇA,191785,81,365,726,1168,4,0
ÇATALCA,ÇİFTLİKKÖY,40917,145,193,506,842,2,0
ÇATALCA,DAĞYENİCE,191787,43,136,210,389,0,0
ÇATALCA,ELBASAN,191789,0,190,291,481,0,0
ÇATALCA,FATİH,40904,184,262,428,873,1,0
ÇATALCA,FERHATPAŞA,40897,45,813,1462,1788,532,0
ÇATALCA,GÖKÇEALİ,191791,0,409,312,720,0,1
ÇATALCA,GÜMÜŞPINAR,191793,0,277,120,396,1,0
ÇATALCA,HALLAÇLI,191795,0,434,392,826,0,0
ÇATALCA,HİSARBEYLİ,191827,0,6,169,175,0,0
ÇATALCA,İHSANİYE,191797,226,354,172,742,10,0
ÇATALCA,İNCEĞİZ,191799,0,416,245,661,0,0
ÇATALCA,İZZETTİN,40900,0,243,703,944,2,0
ÇATALCA,KABAKÇA,191801,153,677,461,1291,0,0
ÇATALCA,KALEİÇİ,40898,71,880,1051,1920,82,0
ÇATALCA,KALFA,191803,87,142,173,402,0,0
ÇATALCA,KARACAKÖY MERKEZ,40916,0,25,1009,1032,2,0
ÇATALCA,KARAMANDERE,191829,12,11,326,348,1,0
ÇATALCA,KESTANELİK,191805,57,412,402,861,10,0
ÇATALCA,KIZILCAALİ,191807,0,0,204,198,6,0
ÇATALCA,MURATBEY MERKEZ,40905,0,19,678,689,8,0
ÇATALCA,NAKKAŞ,40909,0,338,311,648,1,0
ÇATALCA,OKLALI,191809,0,304,157,461,0,0
ÇATALCA,ORMANLI,191831,0,8,485,492,1,0
ÇATALCA,OVAYENİCE,40901,103,289,691,1083,0,0
ÇATALCA,ÖRCÜNLÜ,191811,0,0,421,421,0,0
ÇATALCA,ÖRENCİK,191813,62,62,409,532,1,0
ÇATALCA,SUBAŞI,191815,67,468,395,928,2,0
ÇATALCA,YALIKÖY,191833,0,29,855,872,12,0
ÇATALCA,YAYLACIK,191817,15,11,4,30,0,0
ÇATALCA,YAZLIK,191819,0,0,216,216,0,0
ÇEKMEKÖY,ALEMDAĞ,40749,64,388,557,889,117,3
ÇEKMEKÖY,AYDINLAR,40766,9,527,545,650,403,28
ÇEKMEKÖY,CUMHURİYET,40769,6,400,354,456,242,62
ÇEKMEKÖY,ÇAMLIK,40753,5,370,563,298,634,6
ÇEKMEKÖY,ÇATALMEŞE,40750,39,470,682,1010,180,1
ÇEKMEKÖY,EKŞİOĞLU,40751,14,732,325,987,82,2
ÇEKMEKÖY,GÜNGÖREN,40768,18,285,245,342,178,28
ÇEKMEKÖY,HAMİDİYE,40754,0,361,927,506,763,19
ÇEKMEKÖY,HÜSEYİNLİ,191993,38,3,482,517,3,3
ÇEKMEKÖY,KİRAZLIDERE,40770,5,252,241,266,212,20
ÇEKMEKÖY,KOÇULLU,191995,53,0,347,397,3,0
ÇEKMEKÖY,MEHMET AKİF,40755,9,623,967,630,949,20
ÇEKMEKÖY,MERKEZ,40756,58,482,1683,1662,560,1
ÇEKMEKÖY,MİMAR SİNAN,40757,4,720,742,930,485,51
ÇEKMEKÖY,NİŞANTEPE,40752,0,0,1023,962,38,23
ÇEKMEKÖY,ÖMERLİ,40758,108,0,1602,1693,17,0
ÇEKMEKÖY,REŞADİYE,191997,1,107,1105,1210,3,0
ÇEKMEKÖY,SIRAPINAR,191999,23,0,454,475,2,0
ÇEKMEKÖY,SOĞUKPINAR,40767,15,433,194,472,153,17
ÇEKMEKÖY,SULTANÇİFTLİĞİ,40764,24,324,379,452,183,92
ÇEKMEKÖY,TAŞDELEN,40765,17,126,257,202,143,55
ESENLER,BİRLİK,40348,520,839,388,703,1039,5
ESENLER,ÇİFTE HAVUZLAR,40340,111,61,99,213,58,0
ESENLER,DAVUTPAŞA,40342,384,357,260,411,590,0
ESENLER,FATİH,40350,525,1035,526,496,1588,2
ESENLER,FEVZİ ÇAKMAK,40345,366,601,358,221,1100,4
ESENLER,HAVAALANI,40354,367,1128,372,751,1056,60
ESENLER,KAZIM KARABEKİR,40346,405,652,442,277,1216,6
ESENLER,KEMER,40352,501,541,327,590,763,16
ESENLER,MENDERES,40347,497,516,349,260,1101,1
ESENLER,MİMAR SİNAN,40341,334,205,188,163,562,2
ESENLER,NAMIK KEMAL,40344,357,248,279,418,466,0
ESENLER,NİNE HATUN,40343,596,752,413,284,1472,5
ESENLER,ORUÇREİS,40355,369,2013,453,1313,1507,15
ESENLER,TUNA,40351,539,1122,453,924,1186,4
ESENLER,TURGUT REİS,40353,591,1537,412,914,1617,9
ESENLER,YAVUZ SELİM,40349,92,87,94,103,170,0
ESENYURT,AKÇABURGAZ,40880,0,657,846,1083,409,11
ESENYURT,AKEVLER,181498,0,30,92,31,72,19
ESENYURT,AKŞEMSEDDİN,181504,2,396,114,358,138,16
ESENYURT,ARDIÇLI,40861,2,480,244,586,140,0
ESENYURT,AŞIK VEYSEL,181518,1,353,70,36,199,189
ESENYURT,ATATÜRK,40881,0,559,387,637,303,6
ESENYURT,BAĞLARÇEŞME,40855,13,949,442,583,802,19
ESENYURT,BALIKYOLU,181510,4,736,636,754,620,2
ESENYURT,BARBAROS HAYRETTİN PAŞA,181488,0,134,217,101,74,176
ESENYURT,BATTALGAZİ,181526,0,477,347,406,418,0
ESENYURT,CUMHURİYET,40865,0,60,49,8,9,92
ESENYURT,ÇINAR,181514,0,751,393,476,649,19
ESENYURT,ESENKENT,40862,0,551,41,329,221,42
ESENYURT,FATİH,40851,25,664,400,403,666,20
ESENYURT,GÖKEVLER,181490,0,60,59,55,10,54
ESENYURT,GÜZELYURT,40895,12,281,284,130,414,33
ESENYURT,HÜRRİYET,181482,0,403,711,533,581,0
ESENYURT,İNCİRTEPE,40852,11,841,384,521,704,11
ESENYURT,İNÖNÜ,40853,8,799,262,455,613,1
ESENYURT,İSTİKLAL,40879,26,553,626,649,555,1
ESENYURT,KOZA,181522,4,238,99,254,13,74
ESENYURT,MEHMET AKİF ERSOY,181494,2,150,434,115,462,9
ESENYURT,MEHTERÇEŞME,40854,6,616,567,378,791,20
ESENYURT,MEVLANA,181492,2,161,39,26,63,113
ESENYURT,NAMIK KEMAL,40856,112,811,272,460,725,10
ESENYURT,NECİP FAZIL KISAKÜREK,181484,1,441,464,473,426,7
ESENYURT,ORHAN GAZİ,40863,0,416,187,394,177,32
ESENYURT,OSMANGAZİ,181480,0,1604,950,1673,880,1
ESENYURT,ÖRNEK,40857,49,862,352,736,513,14
ESENYURT,PINAR,40864,5,1256,405,768,890,8
ESENYURT,PİRİ REİS,181486,0,42,144,18,63,105
ESENYURT,SAADETDERE,40858,135,641,500,471,795,10
ESENYURT,SELAHADDİN EYYUBİ,181516,2,536,616,610,543,1
ESENYURT,SULTANİYE,181508,6,418,251,252,407,16
ESENYURT,SÜLEYMANİYE,181512,3,868,414,492,791,2
ESENYURT,ŞEHİTLER,181524,0,548,371,478,441,0
ESENYURT,TALATPAŞA,40859,1,711,467,493,675,11
ESENYURT,TURGUT ÖZAL,181502,28,462,266,228,474,54
ESENYURT,ÜÇEVLER,181496,7,512,448,294,662,11
ESENYURT,YENİKENT,40860,27,881,210,480,616,22
ESENYURT,YEŞİLKENT,40866,0,386,428,349,457,8
ESENYURT,YUNUS EMRE,181506,4,802,217,580,417,26
ESENYURT,ZAFER,181500,1,206,179,149,185,52
EYÜP,AĞAÇLI,191741,0,210,139,348,1,0
EYÜP,AKPINAR,191743,1,269,156,425,1,0
EYÜP,AKŞEMSETTİN,40358,64,1501,525,1131,944,15
EYÜP,ALİBEYKÖY,40359,874,287,384,1233,232,80
EYÜP,ÇIRÇIR,40360,717,742,904,1436,733,194
EYÜP,ÇİFTALAN,191745,0,65,32,97,0,0
EYÜP,DEFTERDAR,40361,595,164,148,679,226,2
EYÜP,DÜĞMECİLER,40362,540,322,248,767,341,2
EYÜP,EMNİYETTEPE,40363,441,104,427,614,349,9
EYÜP,ESENTEPE,40364,668,81,674,758,633,32
EYÜP,GÖKTÜRK MERKEZ,40379,59,1441,1537,2343,692,2
EYÜP,GÜZELTEPE,40366,972,374,1047,1475,849,69
EYÜP,IŞIKLAR,191747,2,188,123,295,18,0
EYÜP,İHSANİYE,191749,0,60,22,82,0,0
EYÜP,İSLAMBEY,40367,957,287,576,1475,345,0
EYÜP,KARADOLAP,40368,986,654,764,1676,573,155
EYÜP,MERKEZ,40365,512,176,406,787,306,1
EYÜP,MİMAR SİNAN,40369,138,345,410,830,48,15
EYÜP,MİTHATPAŞA,40370,206,473,847,1464,62,0
EYÜP,NİŞANCI,40371,903,448,307,1436,222,0
EYÜP,ODAYERİ,191751,1,101,68,170,0,0
EYÜP,PİRİNÇÇİ,191753,195,477,248,911,9,0
EYÜP,RAMİ CUMA,40372,345,158,260,347,416,0
EYÜP,RAMİ YENİ,40373,438,217,324,682,294,3
EYÜP,SAKARYA,40374,774,94,288,909,227,20
EYÜP,SİLAHTARAĞA,40375,652,53,336,767,267,7
EYÜP,TOPÇULAR,40376,483,305,414,1016,176,10
EYÜP,YEŞİLPINAR,40378,443,575,612,549,1063,18
FATİH,AKSARAY,99127,1095,259,121,850,586,39
FATİH,AKŞEMSETTİN,99137,1047,436,103,149,1435,2
FATİH,ALEMDAR,40307,294,114,17,203,221,1
FATİH,ALİ KUŞÇU,99141,721,186,74,376,604,1
FATİH,ATİKALİ,99140,679,167,123,371,598,0
FATİH,AYVANSARAY,99146,2004,259,378,2231,410,0
FATİH,BALABANAĞA,40308,118,51,1,39,130,1
FATİH,BALAT,99145,1352,231,229,1153,659,0
FATİH,BEYAZIT,40309,297,17,64,357,21,0
FATİH,BİNBİRDİREK,40310,173,72,40,129,154,2
FATİH,CANKURTARAN,40311,485,83,26,542,52,0
FATİH,CERRAHPAŞA,99128,606,125,75,412,385,9
FATİH,CİBALİ,99143,908,136,44,905,183,0
FATİH,DEMİRTAŞ,40312,248,69,6,248,73,2
FATİH,DERVİŞ ALİ,40422,1231,242,151,987,637,0
FATİH,EMİN SİNAN,40313,179,132,22,120,212,1
FATİH,HACI KADIN,40314,159,50,17,202,24,0
FATİH,HASEKİ SULTAN,99129,741,128,15,285,595,4
FATİH,HIRKA-İ ŞERİF,99138,1224,309,52,624,960,1
FATİH,HOBYAR,40315,162,112,74,114,221,13
FATİH,HOCA GIYASETTİN,40316,235,43,6,272,12,0
FATİH,HOCAPAŞA,40317,246,93,48,169,212,6
FATİH,İSKENDERPAŞA,40397,840,236,128,243,959,2
FATİH,KALENDERHANE,40319,84,22,4,102,8,0
FATİH,KARAGÜMRÜK,99139,497,144,247,516,360,12
FATİH,KATİP KASIM,40320,394,114,21,328,200,1
FATİH,KEMALPAŞA,40318,264,94,13,78,287,6
FATİH,KOCA MUSTAFAPAŞA,40390,1491,214,42,854,892,1
FATİH,KÜÇÜK AYASOFYA,40321,560,93,31,628,56,0
FATİH,MERCAN,40322,252,99,59,251,158,1
FATİH,MESİHPAŞA,40323,135,94,39,30,216,22
FATİH,MEVLANAKAPI,99134,1002,222,79,757,546,0
FATİH,MİMAR HAYRETTİN,40324,367,243,21,227,404,0
FATİH,MİMAR KEMALETTİN,40325,270,181,31,93,370,19
FATİH,MOLLA FENARİ,40326,317,118,56,278,213,0
FATİH,MOLLA GÜRANİ,99136,863,221,76,168,978,14
FATİH,MOLLA HÜSREV,40327,136,43,2,158,23,0
FATİH,MUHSİNE HATUN,40328,317,91,14,299,123,0
FATİH,NİŞANCA,40329,312,252,123,345,340,2
FATİH,RÜSTEMPAŞA,40330,81,51,40,94,78,0
FATİH,SARAÇ İSHAK,40331,185,103,11,159,135,5
FATİH,SARIDEMİR,40332,151,12,2,154,11,0
FATİH,SEYYİD ÖMER,40387,1093,264,116,385,1088,0
FATİH,SİLİVRİKAPI,99132,752,192,43,332,649,6
FATİH,SULTAN AHMET,40333,284,28,53,349,16,0
FATİH,SURURİ,40334,124,77,87,110,178,0
FATİH,SÜLEYMANİYE,40335,196,74,26,217,79,0
FATİH,SÜMBÜL EFENDİ,99131,693,138,27,389,469,0
FATİH,ŞEHREMİNİ,99133,1074,261,122,411,1042,4
FATİH,ŞEHSUVAR BEY,40336,366,130,25,373,148,0
FATİH,TAHTAKALE,40337,233,74,15,207,112,3
FATİH,TAYA HATUN,40338,141,77,91,216,88,5
FATİH,TOPKAPI,99135,762,153,60,567,393,15
FATİH,YAVUZ SİNAN,40339,170,19,1,186,4,0
FATİH,YAVUZ SULTAN SELİM,99144,1069,216,227,828,684,0
FATİH,YEDİKULE,99130,1379,26,33,914,524,0
FATİH,ZEYREK,99142,841,197,123,504,657,0
GAZİOSMANPAŞA,BAĞLARBAŞI,40454,1048,231,448,924,799,4
GAZİOSMANPAŞA,BARBAROS HAYRETTİN PAŞA,40459,874,1343,630,1101,1744,2
GAZİOSMANPAŞA,FEVZİ ÇAKMAK,40457,412,313,300,449,570,6
GAZİOSMANPAŞA,HÜRRİYET,40458,629,588,341,488,1070,0
GAZİOSMANPAŞA,KARADENİZ,40464,828,1434,1010,1083,2189,0
GAZİOSMANPAŞA,KARAYOLLARI,40463,443,1203,748,1439,918,37
GAZİOSMANPAŞA,KARLITEPE,40451,542,143,395,540,533,7
GAZİOSMANPAŞA,KAZIM KARABEKİR,40461,520,940,661,677,1436,8
GAZİOSMANPAŞA,MERKEZ,40455,1092,543,719,1276,1071,7
GAZİOSMANPAŞA,MEVLANA,40462,39,397,278,165,534,15
GAZİOSMANPAŞA,PAZARİÇİ,40450,976,141,297,1146,267,1
GAZİOSMANPAŞA,SARIGÖL,40453,1531,139,524,1553,626,15
GAZİOSMANPAŞA,ŞEMSİPAŞA,40456,546,338,422,451,855,0
GAZİOSMANPAŞA,YENİ MAHALLE,40460,794,506,684,990,984,10
GAZİOSMANPAŞA,YENİDOĞAN,40452,1019,45,211,1157,117,1
GAZİOSMANPAŞA,YILDIZTABYA,40449,1493,71,454,1479,539,0
GÜNGÖREN,ABDURRAHMAN NAFİZ GÜRMAN,40504,247,241,37,138,314,73
GÜNGÖREN,AKINCILAR,40497,121,522,46,56,632,1
GÜNGÖREN,GENÇOSMAN,40498,109,925,213,410,824,13
GÜNGÖREN,GÜNEŞTEPE,40499,265,1207,195,253,1409,5
GÜNGÖREN,GÜVEN,40500,259,360,24,34,606,3
GÜNGÖREN,HAZNEDAR,40501,442,343,27,37,773,2
GÜNGÖREN,MAREŞAL ÇAKMAK,40502,246,784,67,74,1022,1
GÜNGÖREN,MEHMET NESİH ÖZMEN,40506,90,681,117,411,474,3
GÜNGÖREN,MERKEZ,40496,334,982,185,118,1372,11
GÜNGÖREN,SANAYİ,40503,253,868,139,396,863,1
GÜNGÖREN,TOZKOPARAN,40505,147,374,64,275,288,22
KADIKÖY,19.May,40528,224,401,329,240,351,363
KADIKÖY,ACIBADEM,40509,554,413,353,368,895,57
KADIKÖY,BOSTANCI,40523,619,264,482,397,522,446
KADIKÖY,CADDEBOSTAN,40521,488,202,339,292,350,387
KADIKÖY,CAFERAĞA,40512,1552,237,461,600,1636,14
KADIKÖY,DUMLUPINAR,40518,418,250,123,568,176,47
KADIKÖY,EĞİTİM,40516,747,234,348,949,293,87
KADIKÖY,ERENKÖY,40524,490,219,354,234,328,501
KADIKÖY,FENERBAHÇE,40514,504,168,443,406,357,352
KADIKÖY,FENERYOLU,40515,518,130,227,200,337,338
KADIKÖY,FİKİRTEPE,40517,628,204,203,818,198,19
KADIKÖY,GÖZTEPE,40520,699,202,453,287,510,557
KADIKÖY,HASANPAŞA,40510,704,280,298,580,697,5
KADIKÖY,KOŞUYOLU,40508,610,162,372,941,197,6
KADIKÖY,KOZYATAĞI,40529,301,394,314,163,357,489
KADIKÖY,MERDİVENKÖY,40519,747,526,294,691,575,301
KADIKÖY,OSMANAĞA,40511,794,354,373,422,1092,7
KADIKÖY,RASİMPAŞA,40507,979,358,272,520,1081,8
KADIKÖY,SAHRAYICEDİT,40525,269,405,179,163,371,319
KADIKÖY,SUADİYE,40522,628,165,425,324,467,427
KADIKÖY,ZÜHTÜPAŞA,40513,343,43,141,260,200,67
KAĞITHANE,ÇAĞLAYAN,40535,957,417,771,1052,1056,37
KAĞITHANE,ÇELİKTEPE,40536,984,685,557,1027,1194,5
KAĞITHANE,EMNİYET EVLERİ,40537,208,146,130,167,313,4
KAĞITHANE,GÜLTEPE,40538,406,683,61,526,621,3
KAĞITHANE,GÜRSEL,40539,858,682,472,1033,962,17
KAĞITHANE,HAMİDİYE,40541,179,802,339,559,611,150
KAĞITHANE,HARMANTEPE,40540,600,830,304,956,774,4
KAĞITHANE,HÜRRİYET,40542,878,463,265,807,781,18
KAĞITHANE,MEHMET AKİF ERSOY,40544,551,322,89,600,362,0
KAĞITHANE,MERKEZ,40543,576,847,473,895,919,82
KAĞITHANE,NURTEPE,40545,546,651,267,819,620,25
KAĞITHANE,ORTABAYIR,40546,726,702,107,630,893,12
KAĞITHANE,SEYRANTEPE,40548,449,540,478,647,798,22
KAĞITHANE,SULTAN SELİM,40547,808,1047,255,712,1385,13
KAĞITHANE,ŞİRİNTEPE,40549,511,657,138,609,692,5
KAĞITHANE,TALATPAŞA,40550,1166,946,232,1298,1037,9
KAĞITHANE,TELSİZLER,40551,474,325,165,496,461,7
KAĞITHANE,YAHYA KEMAL,40552,508,503,252,795,465,3
KAĞITHANE,YEŞİLCE,40553,428,629,58,540,572,3
KARTAL,ATALAR,40554,490,712,321,506,900,117
KARTAL,CEVİZLİ,40555,655,721,259,787,802,46
KARTAL,CUMHURİYET,40556,374,903,503,1140,607,33
KARTAL,ÇAVUŞOĞLU,40558,582,549,201,880,392,60
KARTAL,ESENTEPE,40559,672,1122,446,1390,797,53
KARTAL,GÜMÜŞPINAR,40560,301,813,339,830,566,57
KARTAL,HÜRRİYET,40561,908,2020,784,2645,984,83
KARTAL,KARLIKTEPE,40562,686,570,549,774,934,97
KARTAL,KORDONBOYU,40563,208,324,200,253,390,89
KARTAL,ORHANTEPE,40564,802,994,267,1318,686,59
KARTAL,ORTA,40565,278,479,326,462,595,26
KARTAL,PETROL İŞ,40566,382,688,202,329,796,147
KARTAL,SOĞANLIK YENİ,40567,488,687,366,811,676,54
KARTAL,TOPSELVİ,40568,569,423,151,803,331,9
KARTAL,UĞUR MUMCU,40569,5,570,112,148,168,371
KARTAL,YAKACIK ÇARSI,40557,317,736,583,1212,369,55
KARTAL,YAKACIK YENİ,40570,48,736,300,775,248,61
KARTAL,YALI,40571,491,343,96,588,332,10
KARTAL,YUKARI,40572,293,240,74,263,317,27
KARTAL,YUNUS,40573,662,856,186,1318,365,21
KÜÇÜKÇEKMECE,ATAKENT,40582,6,210,962,283,337,558
KÜÇÜKÇEKMECE,ATATÜRK,40591,317,2060,664,1765,1268,8
KÜÇÜKÇEKMECE,BEŞYOL,40603,45,66,118,100,122,7
KÜÇÜKÇEKMECE,CENNET,40607,367,413,431,579,632,0
KÜÇÜKÇEKMECE,CUMHURİYET,40601,615,934,732,1257,1000,24
KÜÇÜKÇEKMECE,FATİH,40606,268,143,213,412,185,27
KÜÇÜKÇEKMECE,FEVZİ ÇAKMAK,40596,604,790,334,889,815,24
KÜÇÜKÇEKMECE,GÜLTEPE,40589,213,486,823,502,1020,0
KÜÇÜKÇEKMECE,HALKALI MERKEZ,40590,283,2295,1097,1991,1566,118
KÜÇÜKÇEKMECE,İNÖNÜ,40592,436,2409,1026,2279,1532,60
KÜÇÜKÇEKMECE,İSTASYON,40605,575,1037,658,1481,678,111
KÜÇÜKÇEKMECE,KANARYA,40604,1042,1553,873,1991,1454,23
KÜÇÜKÇEKMECE,KARTALTEPE,40588,340,473,313,761,365,0
KÜÇÜKÇEKMECE,KEMALPAŞA,40594,232,470,129,324,507,0
KÜÇÜKÇEKMECE,MEHMET AKİF,40586,172,2178,687,1650,1380,7
KÜÇÜKÇEKMECE,SÖĞÜTLÜ ÇEŞME,40587,776,1273,516,1603,960,2
KÜÇÜKÇEKMECE,SULTAN MURAT,40595,245,424,271,543,397,0
KÜÇÜKÇEKMECE,TEVFİKBEY,40593,454,1024,574,1099,920,33
KÜÇÜKÇEKMECE,YARIMBURGAZ,40599,91,938,268,1160,137,0
KÜÇÜKÇEKMECE,YENİ MAHALLE,40600,333,425,473,670,560,1
KÜÇÜKÇEKMECE,YEŞİLOVA,40602,121,1020,818,1232,727,0
MALTEPE,ALTAYÇEŞME,40612,249,679,144,359,554,159
MALTEPE,ALTINTEPE,40613,315,878,86,333,924,22
MALTEPE,AYDINEVLER,40617,83,722,220,580,428,17
MALTEPE,BAĞLARBAŞI,40615,854,1183,187,962,1128,134
MALTEPE,BAŞIBÜYÜK,40625,583,1522,336,2122,292,27
MALTEPE,BÜYÜKBAKKALKÖY,40624,105,383,367,803,47,5
MALTEPE,CEVİZLİ,40614,481,1390,233,1070,948,86
MALTEPE,ÇINAR,40608,208,524,43,252,523,0
MALTEPE,ESENKENT,40620,531,1413,71,1535,480,0
MALTEPE,FEYZULLAH,40610,366,472,52,287,509,94
MALTEPE,FINDIKLI,40619,91,1317,819,621,1550,56
MALTEPE,GİRNE,40618,18,587,124,405,243,81
MALTEPE,GÜLENSU,40622,722,1937,183,2712,130,0
MALTEPE,GÜLSUYU,40621,802,1249,129,1934,233,13
MALTEPE,İDEALTEPE,40609,129,688,126,371,568,4
MALTEPE,KÜÇÜKYALI MERKEZ,40611,390,625,99,433,678,3
MALTEPE,YALI,40616,303,559,100,638,247,77
MALTEPE,ZÜMRÜTEVLER,40623,311,2016,738,1229,1588,248
PENDİK,AHMET YESEVİ,40632,27,1294,524,1254,578,13
PENDİK,BAHÇELİEVLER,40628,284,347,426,673,345,39
PENDİK,BALLICA,191755,14,117,197,327,1,0
PENDİK,BATI,40633,231,361,339,338,589,4
PENDİK,ÇAMÇEŞME,40649,413,1105,321,910,906,23
PENDİK,ÇAMLIK,40656,0,365,663,854,117,57
PENDİK,ÇINARDERE,40644,498,618,319,1063,357,15
PENDİK,DOĞU,40627,111,479,347,366,496,75
PENDİK,DUMLUPINAR,40626,859,879,513,1721,514,16
PENDİK,EMİRLİ,191757,19,88,149,253,3,0
PENDİK,ERTUĞRUL GAZİ,40635,2,2876,407,3265,20,0
PENDİK,ESENLER,40638,103,747,771,830,754,37
PENDİK,ESENYALI,40643,124,616,245,195,224,566
PENDİK,FATİH,40647,129,977,358,897,564,3
PENDİK,FEVZİ ÇAKMAK,40629,467,1063,593,1140,946,37
PENDİK,GÖÇBEYLİ,191759,0,11,674,684,1,0
PENDİK,GÜLLÜ BAĞLAR,40640,69,943,295,1014,283,10
PENDİK,GÜZELYALI,40634,148,850,840,446,603,789
PENDİK,HARMANDERE,40636,90,198,156,348,36,60
PENDİK,KAVAKPINAR,40646,305,3558,850,3313,1378,22
PENDİK,KAYNARCA,40631,392,1167,943,964,1426,112
PENDİK,KURNA,191761,79,206,279,563,1,0
PENDİK,KURTDOĞMUŞ,191763,13,103,239,355,0,0
PENDİK,KURTKÖY,40654,164,725,723,1014,487,111
PENDİK,ORHANGAZİ,40650,192,1276,448,1118,795,3
PENDİK,ORTA,40645,343,229,116,583,104,1
PENDİK,RAMAZANOĞLU,40639,61,570,635,1177,86,3
PENDİK,SANAYİ,40651,29,333,418,709,63,8
PENDİK,SAPAN BAĞLARI,40637,356,319,244,643,243,33
PENDİK,SÜLÜNTEPE,40655,44,1645,673,2070,240,52
PENDİK,ŞEYHLİ,40630,117,462,527,732,319,55
PENDİK,VELİBABA,40642,228,1469,1043,2139,575,26
PENDİK,YAYALAR,40641,167,634,265,887,165,14
PENDİK,YENİ,40652,403,405,343,793,312,46
PENDİK,YENİŞEHİR,40653,1,696,829,792,336,398
PENDİK,YEŞİLBAĞLAR,40648,221,156,189,393,161,12
SANCAKTEPE,ABDURRAHMANGAZİ,40579,41,1025,1371,1673,743,21
SANCAKTEPE,AKPINAR,40575,1,1351,532,1527,357,0
SANCAKTEPE,ATATÜRK,98781,54,1110,713,1068,809,0
SANCAKTEPE,EMEK,40759,4,843,694,903,602,36
SANCAKTEPE,EYÜP SULTAN,40578,68,615,986,1093,571,5
SANCAKTEPE,FATİH,40576,8,839,986,1123,679,31
SANCAKTEPE,HİLAL,40776,1,422,469,874,18,0
SANCAKTEPE,İNÖNÜ,40760,20,608,699,541,786,0
SANCAKTEPE,KEMAL TÜRKLER,40761,24,679,579,761,519,2
SANCAKTEPE,MECLİS,40762,53,660,761,567,907,0
SANCAKTEPE,MERVE,40775,2,660,848,1093,412,5
SANCAKTEPE,MEVLANA,40773,1,814,602,1151,264,2
SANCAKTEPE,OSMANGAZİ,40580,25,1906,1282,2477,704,32
SANCAKTEPE,PAŞAKÖY,192001,99,151,445,686,9,0
SANCAKTEPE,SAFA,40771,1,515,605,736,366,19
SANCAKTEPE,SARIGAZİ,40763,41,737,543,750,571,0
SANCAKTEPE,VEYSEL KARANİ,40574,5,1298,517,1459,328,33
SANCAKTEPE,YENİDOĞAN,40774,6,814,613,995,425,13
SANCAKTEPE,YUNUS EMRE,40772,6,826,715,1152,389,6
SARIYER,AYAZAĞA,40686,733,1198,707,2017,562,59
SARIYER,BAHÇEKÖY KEMER,40684,73,140,95,269,36,3
SARIYER,BAHÇEKÖY MERKEZ,40682,132,102,63,211,84,2
SARIYER,BAHÇEKÖY YENİ,40683,96,168,117,276,99,6
SARIYER,BALTALİMANI,40657,268,593,364,1204,19,2
SARIYER,BÜYÜKDERE,40658,552,885,353,1688,102,0
SARIYER,CUMHURİYET,40659,425,780,313,1400,118,0
SARIYER,ÇAMLITEPE,40660,441,233,243,850,67,0
SARIYER,ÇAYIRBAŞI,40661,340,347,182,844,25,0
SARIYER,DARÜŞŞAFAKA,40662,25,237,76,174,162,2
SARIYER,DEMİRCİKÖY,191765,6,392,318,715,1,0
SARIYER,EMİRGAN,40663,406,281,363,973,77,0
SARIYER,FATİH SULTAN MEHMET,40664,255,1782,800,2762,75,0
SARIYER,FERAHEVLER,40665,546,961,534,1777,263,1
SARIYER,GARİPÇE,191767,19,76,54,146,3,0
SARIYER,GÜMÜŞDERE,191769,17,352,409,766,12,0
SARIYER,HUZUR,40700,212,161,178,368,106,77
SARIYER,İSTİNYE,40666,432,378,688,1261,237,0
SARIYER,KAZIM KARABEKİR PAŞA,40667,430,807,304,1508,31,2
SARIYER,KISIRKAYA,191771,0,121,92,213,0,0
SARIYER,KİREÇBURNU,40668,380,384,224,917,71,0
SARIYER,KOCATAŞ,40669,228,484,258,968,2,0
SARIYER,KUMKÖY (KİLYOS),191773,0,544,766,1288,22,0
SARIYER,MADEN,40670,513,991,743,2162,85,0
SARIYER,MASLAK,40704,115,180,347,564,54,24
SARIYER,PINAR,40672,378,298,854,1424,106,0
SARIYER,POLİGON,40673,210,148,360,649,69,0
SARIYER,PTT EVLERİ,40674,162,257,137,479,77,0
SARIYER,REŞİTPAŞA,40675,1225,637,822,2464,215,5
SARIYER,RUMELİ HİSARI,40676,558,407,385,1071,276,3
SARIYER,RUMELİ KAVAĞI,40677,319,265,181,709,56,0
SARIYER,RUMELİFENERİ,191775,3,353,345,684,17,0
SARIYER,SARIYER MERKEZ,40671,715,781,372,1593,275,0
SARIYER,TARABYA,40678,365,1330,599,2009,284,1
SARIYER,USKUMRUKÖY,191777,38,1277,1397,2710,2,0
SARIYER,YENİ,40679,318,240,154,667,45,0
SARIYER,YENİKÖY,40680,904,950,591,2140,299,6
SARIYER,ZEKERİYAKÖY,191779,57,1639,1517,2915,297,1
SİLİVRİ,AKÖREN,191835,0,695,440,1129,6,0
SİLİVRİ,ALİBEY,40920,1,268,668,353,574,10
SİLİVRİ,ALİPAŞA,40927,0,456,472,925,3,0
SİLİVRİ,BALABAN,40930,17,1842,977,2788,48,0
SİLİVRİ,BEKİRLİ,191845,109,56,109,274,0,0
SİLİVRİ,BEYCİLER,191847,0,565,259,824,0,0
SİLİVRİ,BÜYÜK ÇAVUŞLU,40941,0,1107,455,1553,5,4
SİLİVRİ,BÜYÜK KILIÇLI,16775,0,557,351,905,3,0
SİLİVRİ,BÜYÜK SİNEKLİ,16771,0,238,86,324,0,0
SİLİVRİ,CUMHURİYET,40922,0,1541,1015,2431,125,0
SİLİVRİ,ÇAYIRDERE,191851,316,328,417,1061,0,0
SİLİVRİ,ÇELTİK,191837,0,602,265,861,6,0
SİLİVRİ,DANAMANDIRA,191853,0,342,160,501,1,0
SİLİVRİ,FATİH,40918,5,357,314,465,211,0
SİLİVRİ,FENER,16765,312,621,446,1376,3,0
SİLİVRİ,FEVZİPAŞA,40933,14,590,474,1061,16,1
SİLİVRİ,GAZİTEPE,40925,0,526,228,752,2,0
SİLİVRİ,GÜMÜŞYAKA,40935,0,2966,1610,4502,74,0
SİLİVRİ,HÜRRİYET,40937,0,0,910,904,6,0
SİLİVRİ,İSMETPAŞA,40934,149,504,401,1048,6,0
SİLİVRİ,KADIKÖY,40939,281,354,294,929,0,0
SİLİVRİ,KAVAKLI,40936,0,0,943,927,16,0
SİLİVRİ,KURFALLI,191855,1,350,148,497,1,1
SİLİVRİ,KÜÇÜK KILIÇLI,40924,0,124,117,241,0,0
SİLİVRİ,KÜÇÜK SİNEKLİ,16779,0,88,13,101,0,0
SİLİVRİ,MİMAR SİNAN,40923,0,1899,1315,3105,105,4
SİLİVRİ,ORTAKÖY,40938,116,859,1002,1950,23,4
SİLİVRİ,PİRİ MEHMET PAŞA,40919,0,241,527,310,439,19
SİLİVRİ,SANCAKTEPE,40931,17,1172,914,1996,102,5
SİLİVRİ,SAYALAR,191859,0,319,251,570,0,0
SİLİVRİ,SELİMPAŞA,40940,0,1371,3583,4723,231,0
SİLİVRİ,SEMİZKUMLAR,40926,0,2739,2671,5369,39,2
SİLİVRİ,SEYMEN,191841,0,562,340,895,7,0
SİLİVRİ,YENİ,40921,0,751,1085,1385,348,103
SİLİVRİ,YOLÇATI,40932,0,302,124,426,0,0
SULTANBEYLİ,ABDURRAHMANGAZİ,40949,117,2143,669,2481,436,12
SULTANBEYLİ,ADİL,40943,2,719,538,939,290,30
SULTANBEYLİ,AHMET YESEVİ,40942,22,2165,619,2407,392,7
SULTANBEYLİ,AKŞEMSETTİN,40956,1,944,681,1534,92,0
SULTANBEYLİ,BATTALGAZİ,40944,3,2151,1213,3007,345,15
SULTANBEYLİ,FATİH,40951,0,1702,416,1970,148,0
SULTANBEYLİ,HAMİDİYE,40952,3,1923,786,2572,140,0
SULTANBEYLİ,HASANPAŞA,40948,5,1112,651,1512,248,8
SULTANBEYLİ,MECİDİYE,40945,12,1828,646,2230,254,2
SULTANBEYLİ,MEHMET AKİF,40950,265,1791,733,2298,487,4
SULTANBEYLİ,MİMAR SİNAN,40946,1,1100,1184,2150,121,14
SULTANBEYLİ,NECİP FAZIL,40954,0,1174,797,1900,70,1
SULTANBEYLİ,ORHANGAZİ,40955,0,1034,556,1538,52,0
SULTANBEYLİ,TURGUT REİS,40947,27,1368,463,1513,344,1
SULTANBEYLİ,YAVUZ SELİM,40953,0,1662,685,2268,79,0
SULTANGAZİ,50. YIL,40471,212,2975,926,1346,2765,2
SULTANGAZİ,75. YIL,40467,207,529,676,341,1071,0
SULTANGAZİ,CEBECİ,40474,512,2700,1307,2258,2258,3
SULTANGAZİ,CUMHURİYET,40465,61,423,193,170,507,0
SULTANGAZİ,ESENTEPE,40470,95,2026,1414,1552,1978,5
SULTANGAZİ,ESKİ HABİPLER,40356,117,257,395,601,148,20
SULTANGAZİ,GAZİ,40469,764,673,650,1290,797,0
SULTANGAZİ,HABİBLER,40477,161,891,851,1877,24,2
SULTANGAZİ,İSMETPAŞA,40475,399,1735,911,1047,1996,2
SULTANGAZİ,MALKOÇOĞLU,40476,1,531,236,279,489,0
SULTANGAZİ,SULTANÇİFTLİĞİ,40472,385,1143,675,813,1388,2
SULTANGAZİ,UĞUR MUMCU,40473,421,1398,738,951,1598,8
SULTANGAZİ,YAYLA,40377,33,823,491,1307,40,0
SULTANGAZİ,YUNUS EMRE,40466,362,649,905,627,1289,0
SULTANGAZİ,ZÜBEYDE HANIM,40468,772,1668,656,2358,738,0
ŞİLE,AĞAÇDERE,191927,5,60,15,80,0,0
ŞİLE,AĞVA MERKEZ,40961,200,508,151,844,15,0
ŞİLE,AHMETLİ,191861,20,519,324,846,17,0
ŞİLE,AKÇAKESE,191863,5,338,27,368,2,0
ŞİLE,ALACALI,191947,0,36,512,548,0,0
ŞİLE,AVCIKORU,191949,29,72,26,127,0,0
ŞİLE,BALİBEY,40960,47,939,831,1781,36,0
ŞİLE,BIÇKIDERE,191951,37,130,18,185,0,0
ŞİLE,BOZGOCA,16785,4,79,13,96,0,0
ŞİLE,BUCAKLI,191897,38,208,39,284,1,0
ŞİLE,ÇATAKLI,191899,47,46,25,118,0,0
ŞİLE,ÇAVUŞ,40959,171,1156,451,1586,192,0
ŞİLE,ÇAYIRBAŞI,191867,0,415,148,557,6,0
ŞİLE,ÇELEBİ,191901,0,114,39,153,0,0
ŞİLE,ÇENGİLLİ,191929,0,95,12,107,0,0
ŞİLE,DARLIK,191869,0,42,17,59,0,0
ŞİLE,DEĞİRMENÇAYIRI,191931,0,225,101,326,0,0
ŞİLE,DOĞANCILI,191953,0,0,714,710,4,0
ŞİLE,ERENLER,191871,0,41,6,47,0,0
ŞİLE,ESENCELİ,191955,8,25,16,49,0,0
ŞİLE,GEREDELİ,191903,24,454,103,581,0,0
ŞİLE,GÖÇE,191905,62,213,63,337,1,0
ŞİLE,GÖKMAŞLI,16807,49,94,8,151,0,0
ŞİLE,GÖKSU,191909,48,130,24,202,0,0
ŞİLE,HACI KASIM,40958,82,173,19,240,34,0
ŞİLE,HACILLI,191911,4,101,18,123,0,0
ŞİLE,HASANLI,191933,1,122,33,156,0,0
ŞİLE,İMRENDERE,191873,0,384,29,411,2,0
ŞİLE,İMRENLİ,191875,7,358,126,487,4,0
ŞİLE,İSAKÖY,191913,45,51,30,126,0,0
ŞİLE,KABAKOZ,191877,7,444,185,631,5,0
ŞİLE,KADIKÖY,191915,0,83,11,94,0,0
ŞİLE,KALEM,191917,55,116,26,197,0,0
ŞİLE,KARABEYLİ,191879,1,116,15,131,1,0
ŞİLE,KARACAKÖY,191881,4,205,61,268,2,0
ŞİLE,KARAKİRAZ,191957,12,182,45,239,0,0
ŞİLE,KARAMANDERE,191883,6,127,26,159,0,0
ŞİLE,KERVANSARAY,191959,15,118,24,157,0,0
ŞİLE,KIZILCA,191885,140,158,83,370,11,0
ŞİLE,KORUCU,191887,3,105,22,130,0,0
ŞİLE,KÖMÜRLÜK,191961,27,72,12,111,0,0
ŞİLE,KUMBABA,40957,0,717,422,1137,2,0
ŞİLE,KURFALLI,191919,0,50,236,285,1,0
ŞİLE,KURNA,191963,16,201,37,253,1,0
ŞİLE,MEŞRUTİYET,191889,2,262,109,364,9,0
ŞİLE,ORUÇOĞLU,191965,47,124,22,193,0,0
ŞİLE,OSMANKÖY,191935,6,118,14,138,0,0
ŞİLE,OVACIK,191891,2,71,24,97,0,0
ŞİLE,SAHİLKÖY,191967,4,10,977,991,0,0
ŞİLE,SATMAZLI,191893,3,196,42,241,0,0
ŞİLE,SOFULAR,191969,12,125,72,209,0,0
ŞİLE,SOĞULLU,191921,68,59,8,135,0,0
ŞİLE,SORTULLU,191937,0,48,4,52,0,0
ŞİLE,ŞUAYİPLİ,191923,37,69,125,231,0,0
ŞİLE,TEKE,16816,3,226,36,265,0,0
ŞİLE,ULUPELİT,191971,0,139,29,168,0,0
ŞİLE,ÜVEZLİ,191973,5,161,84,250,0,0
ŞİLE,YAKA,191939,0,85,18,103,0,0
ŞİLE,YAYLALI,191941,0,48,9,56,1,0
ŞİLE,YAZIMANAYIR,191943,4,107,11,122,0,0
ŞİLE,YENİKÖY,191895,0,142,15,156,1,0
ŞİLE,YEŞİLVADİ,191945,5,111,20,136,0,0
ŞİŞLİ,19.May,40685,389,190,49,90,437,101
ŞİŞLİ,BOZKURT,40687,480,377,32,148,710,31
ŞİŞLİ,CUMHURİYET,40688,278,241,56,94,425,56
ŞİŞLİ,DUATEPE,40689,264,291,18,69,496,8
ŞİŞLİ,ERGENEKON,40690,165,272,22,193,190,76
ŞİŞLİ,ESENTEPE,40691,486,194,88,319,351,98
ŞİŞLİ,ESKİŞEHİR,40692,502,523,97,510,595,17
ŞİŞLİ,FERİKÖY,40693,383,377,88,148,693,7
ŞİŞLİ,FULYA,40694,426,379,63,126,656,86
ŞİŞLİ,GÜLBAHAR,40695,437,429,89,216,618,121
ŞİŞLİ,HALASKARGAZİ,40698,230,91,34,55,261,39
ŞİŞLİ,HALİDE EDİP ADIVAR,40696,240,454,90,210,537,37
ŞİŞLİ,HALİL RIFAT PAŞA,40697,83,249,49,258,123,0
ŞİŞLİ,HARBİYE,40699,142,129,53,116,159,49
ŞİŞLİ,İNÖNÜ,40711,411,320,56,470,270,47
ŞİŞLİ,İZZET PAŞA,40712,345,242,16,199,389,15
ŞİŞLİ,KAPTANPAŞA,40701,49,30,22,54,23,24
ŞİŞLİ,KUŞTEPE,40702,993,701,66,1335,404,21
ŞİŞLİ,MAHMUT ŞEVKET PAŞA,40703,606,502,40,335,795,18
ŞİŞLİ,MECİDİYEKÖY,40705,612,437,46,306,694,95
ŞİŞLİ,MERKEZ,40706,839,451,89,301,1007,71
ŞİŞLİ,MEŞRUTİYET,40707,600,300,41,96,764,81
ŞİŞLİ,PAŞA,40708,682,618,221,891,623,7
ŞİŞLİ,TEŞVİKİYE,40709,449,369,58,145,656,75
ŞİŞLİ,YAYLA,40710,510,321,118,553,391,5
TUZLA,AKFIRAT,40725,0,0,480,475,5,0
TUZLA,ANADOLU,40730,0,40,160,193,7,0
TUZLA,AYDINLI,40720,158,2730,2258,4130,844,172
TUZLA,AYDINTEPE,40717,140,699,615,744,592,118
TUZLA,CAMİ,40724,170,457,283,809,100,1
TUZLA,EVLİYA ÇELEBİ,40718,88,590,554,871,360,1
TUZLA,FATİH,40731,0,61,271,303,29,0
TUZLA,İÇMELER,40716,269,713,198,908,271,1
TUZLA,İSTASYON,40723,301,398,664,894,469,0
TUZLA,MESCİT,40732,13,41,638,625,67,0
TUZLA,MİMAR SİNAN,40721,240,1582,490,1998,262,52
TUZLA,ORHANLI,40728,81,89,1675,1693,148,4
TUZLA,ORTA,40729,2,11,967,762,216,2
TUZLA,POSTANE,40719,719,1416,1223,3061,288,9
TUZLA,ŞİFA,40722,234,1538,584,1844,483,29
TUZLA,TEPEÖREN,40726,78,188,2515,2699,81,1
TUZLA,YAYLA,40715,387,583,740,1105,598,7
ÜMRANİYE,ADEM YAVUZ,98684,390,927,342,1383,254,22
ÜMRANİYE,ALTINŞEHİR,98685,180,1020,647,938,895,14
ÜMRANİYE,ARMAĞANEVLER,98686,240,499,947,562,1002,122
ÜMRANİYE,AŞAĞI DUDULLU,40742,111,845,408,1113,224,27
ÜMRANİYE,ATAKENT,40748,24,548,416,656,290,42
ÜMRANİYE,ATATÜRK,40735,366,518,465,519,770,60
ÜMRANİYE,CEMİL MERİÇ,98688,325,2024,531,2618,241,21
ÜMRANİYE,ÇAKMAK,40738,150,464,908,394,1071,57
ÜMRANİYE,ÇAMLIK,98689,4,344,625,277,613,83
ÜMRANİYE,DUMLUPINAR,98690,276,1674,517,2417,49,1
ÜMRANİYE,ELMALIKENT,98691,90,1589,399,1816,220,42
ÜMRANİYE,ESENEVLER,98692,74,473,610,374,727,56
ÜMRANİYE,ESENKENT,98709,40,997,1017,1434,601,19
ÜMRANİYE,ESENŞEHİR,40747,157,894,601,1077,553,22
ÜMRANİYE,FATİH SULTAN MEHMET,98693,15,57,147,107,94,18
ÜMRANİYE,HEKİMBAŞI,40744,197,1140,360,1678,18,1
ÜMRANİYE,HUZUR,98694,37,798,395,1089,137,4
ÜMRANİYE,IHLAMURKUYU,40745,398,846,402,1249,379,18
ÜMRANİYE,İNKILAP,40737,240,1498,755,2020,379,94
ÜMRANİYE,İSTİKLAL,40739,103,918,827,505,1266,77
ÜMRANİYE,KAZIM KARABEKİR,40743,562,1465,402,2243,183,3
ÜMRANİYE,MADENLER,98695,5,397,532,621,276,37
ÜMRANİYE,MEHMET AKİF,98696,5,165,507,136,375,166
ÜMRANİYE,NAMIK KEMAL,40736,366,631,553,656,862,32
ÜMRANİYE,NECİP FAZIL,98699,30,1163,790,1362,541,80
ÜMRANİYE,PARSELLER,98700,2,679,641,1083,222,17
ÜMRANİYE,SARAY,98701,43,71,254,293,40,35
ÜMRANİYE,SİTE,98702,276,610,570,986,349,121
ÜMRANİYE,ŞERİFALİ,98703,7,280,679,508,391,67
ÜMRANİYE,TANTAVİ,98704,36,200,191,166,234,27
ÜMRANİYE,TATLISU,98705,8,260,421,279,221,189
ÜMRANİYE,TEPEÜSTÜ,98706,201,499,225,544,364,17
ÜMRANİYE,TOPAĞACI,98707,260,2051,611,2868,54,0
ÜMRANİYE,YAMANEVLER,98708,163,352,334,404,434,11
ÜMRANİYE,YUKARI DUDULLU,40741,67,1383,856,1524,762,20
ÜSKÜDAR,ACIBADEM,40778,268,412,146,92,690,44
ÜSKÜDAR,AHMEDİYE,98664,203,324,69,143,450,3
ÜSKÜDAR,ALTUNİZADE,40781,173,461,195,353,413,63
ÜSKÜDAR,AZİZ MAHMUT HÜDAYİ,98665,416,348,62,394,428,4
ÜSKÜDAR,BAHÇELİEVLER,40785,569,1254,417,1944,295,1
ÜSKÜDAR,BARBAROS,40786,181,400,60,270,349,22
ÜSKÜDAR,BEYLERBEYİ,40787,540,215,157,773,139,0
ÜSKÜDAR,BULGURLU,40788,124,1076,160,386,928,46
ÜSKÜDAR,BURHANİYE,40789,501,831,332,1153,510,1
ÜSKÜDAR,CUMHURİYET,40790,230,1119,523,460,1390,22
ÜSKÜDAR,ÇENGELKÖY,98666,713,847,259,1432,384,3
ÜSKÜDAR,FERAH,40794,204,775,315,815,479,0
ÜSKÜDAR,GÜZELTEPE,40797,423,727,251,1092,308,1
ÜSKÜDAR,İCADİYE,40802,685,580,97,478,883,1
ÜSKÜDAR,KANDİLLİ,40806,211,279,86,554,22,0
ÜSKÜDAR,KISIKLI,40809,256,991,315,938,611,13
ÜSKÜDAR,KİRAZLITEPE,40808,733,580,191,1361,143,0
ÜSKÜDAR,KULELİ,40810,251,188,36,461,14,0
ÜSKÜDAR,KUZGUNCUK,40811,304,574,184,935,127,0
ÜSKÜDAR,KÜÇÜKÇAMLICA,98667,243,790,458,1267,222,2
ÜSKÜDAR,KÜÇÜKSU,40812,291,904,239,1056,377,1
ÜSKÜDAR,KÜPLÜCE,40813,717,744,148,1201,408,0
ÜSKÜDAR,MEHMET AKİF ERSOY,40814,578,1045,300,1574,341,8
ÜSKÜDAR,MİMAR SİNAN,98668,493,412,143,522,524,2
ÜSKÜDAR,MURATREİS,40815,520,320,159,401,597,1
ÜSKÜDAR,SALACAK,40804,475,247,49,252,518,1
ÜSKÜDAR,SELAMİ ALİ,40819,378,276,128,188,591,3
ÜSKÜDAR,SELİMİYE,40820,443,236,100,396,372,11
ÜSKÜDAR,SULTANTEPE,98669,468,222,47,198,538,1
ÜSKÜDAR,ÜNALAN,40827,953,1059,190,1239,805,158
ÜSKÜDAR,VALİDE-İ ATİK,40828,576,475,163,291,922,1
ÜSKÜDAR,YAVUZTÜRK,40830,496,2354,372,2804,387,31
ÜSKÜDAR,ZEYNEP KAMİL,98670,248,424,27,112,586,1
ZEYTİNBURNU,BEŞTELSİZ,40838,361,880,309,482,1058,10
ZEYTİNBURNU,ÇIRPICI,40837,381,759,311,464,986,1
ZEYTİNBURNU,GÖKALP,40834,116,716,243,218,856,1
ZEYTİNBURNU,KAZLIÇEŞME,40840,111,171,240,449,60,13
ZEYTİNBURNU,MALTEPE,40843,450,927,185,1228,269,65
ZEYTİNBURNU,MERKEZEFENDİ,40842,182,625,162,469,469,31
ZEYTİNBURNU,NURİPAŞA,40832,43,1017,183,251,991,1
ZEYTİNBURNU,SEYİTNİZAM,40841,157,1024,372,839,672,42
ZEYTİNBURNU,SÜMER,40831,53,1025,223,252,989,60
ZEYTİNBURNU,TELSİZ,40839,567,763,710,596,1443,1
ZEYTİNBURNU,VELİEFENDİ,40836,92,1020,185,418,879,0
ZEYTİNBURNU,YENİDOĞAN,40833,31,450,67,109,438,1
ZEYTİNBURNU,YEŞİLTEPE,40835,50,726,113,203,685,1
