ilce,mahalle,nufus_yogunlugu,nufus,yuzolcumu,maliyet
ARNAVUTKOY,ANADOLU,21607.0,33177,1.5,201000
ARNAVUTKOY,YUNUS EMRE,14919.0,16085,1.1,201000
ARNAVUTKOY,BOGAZKOY ATATURK,11965.0,7726,0.65,201000
ARNAVUTKOY,ARNAVUTKOY ISLAMBEY,11923.0,18832,1.6,201000
ARNAVUTKOY,MUSTAFA KEMAL PASA,9630.0,12585,1.3,201000
ARNAVUTKOY,NENEHATUN,6756.0,8344,1.2,201000
ARNAVUTKOY,KARLIBAYIR,6491.0,8308,1.3,201000
ARNAVUTKOY,ARNAVUTKOY YAVUZSELIM,5460.0,11217,2.1,201000
ARNAVUTKOY,MAVIGOL,4782.0,7412,1.6,201000
ARNAVUTKOY,TASOLUK,3694.0,5816,1.6,201000
ARNAVUTKOY,HICRET,3155.0,3086,0.98,201000
ARNAVUTKOY,TASOLUK MEHMET AKIF ERSOY,3023.0,6349,2.1,201000
ARNAVUTKOY,ARNAVUTKOY MERKEZ,2771.0,18695,6.7,201000
ARNAVUTKOY,DURUSU ZAFER,2248.0,792,0.35,201000
ARNAVUTKOY,HADIMKOY,2146.0,21598,10.1,201000
ARNAVUTKOY,TASOLUK M. FEVZI CAKMAK,1804.0,4611,2.6,201000
ARNAVUTKOY,TASOLUK ADNAN MENDERES,1757.0,3996,2.3,201000
ARNAVUTKOY,HASTANE,1446.0,8205,5.7,201000
ARNAVUTKOY,TASOLUK FATIH,991.0,2484,2.5,201000
ARNAVUTKOY,HARACCI,954.0,8297,8.7,201000
ARNAVUTKOY,DELIKLIKAYA,847.0,4857,5.7,201000
ARNAVUTKOY,OMERLI,633.0,6818,10.8,201000
ARNAVUTKOY,BOLLUCA MERKEZ,579.0,6984,12.1,201000
ARNAVUTKOY,BOGAZKOY ISTIKLAL,337.0,9925,29.4,201000
ARNAVUTKOY,ARNAVUTKOY IMRAHOR,302.0,10052,33.2,201000
ARNAVUTKOY,KARABURUN,202.0,1521,7.5,201000
ARNAVUTKOY,TAYAKADIN,149.0,5242,35.3,201000
ARNAVUTKOY,TASOLUK CILINGIR,89.5,1072,12.0,201000
ARNAVUTKOY,SAZLIBOSNA,67.1,1149,17.1,201000
ARNAVUTKOY,TERKOS,61.9,935,15.1,201000
ARNAVUTKOY,BAKLALI,46.9,825,17.6,201000
ARNAVUTKOY,YENIKOY,44.3,1397,31.5,201000
ARNAVUTKOY,YESILBAYIR,42.3,600,14.2,201000
ARNAVUTKOY,BOYALIK,24.8,674,27.1,201000
ARNAVUTKOY,HACIMASLI,19.3,551,28.6,201000
ARNAVUTKOY,DURSUNKOY,17.6,464,26.4,201000
ARNAVUTKOY,BALABAN,13.8,413,29.8,201000
ARNAVUTKOY,YASSIOREN,13.7,561,41.1,201000
ATASEHIR,ASIKVEYSEL,31612.0,13225,0.42,486000
ATASEHIR,FETIH,29144.0,12218,0.42,486000
ATASEHIR,ORNEK,28712.0,27615,0.96,486000
ATASEHIR,ESATPASA,27272.0,26866,0.99,486000
ATASEHIR,MUSTAFA KEMAL,24979.0,15033,0.6,486000
ATASEHIR,MEVLANA,23601.0,18832,0.8,486000
ATASEHIR,INONU,22867.0,28456,1.2,486000
ATASEHIR,KAYISDAGI,22630.0,41757,1.8,486000
ATASEHIR,MIMARSINAN,21210.0,10637,0.5,486000
ATASEHIR,ICERENKOY,21205.0,76344,3.6,486000
ATASEHIR,YENICAMLICA,19142.0,14109,0.74,486000
ATASEHIR,YENISAHRA,16164.0,11428,0.71,486000
ATASEHIR,YENISEHIR,15932.0,13016,0.82,486000
ATASEHIR,KUCUKBAKKALKOY,12777.0,29032,2.3,486000
ATASEHIR,ATATURK,11843.0,30063,2.5,486000
ATASEHIR,BARBAROS,11065.0,32487,2.9,486000
ATASEHIR,FERHATPASA,5825.0,22254,3.8,486000
AVCILAR,MUSTAFA KEMAL PASA,50617.0,47027,0.93,252000
AVCILAR,MERKEZ,37079.0,31820,0.86,252000
AVCILAR,GUMUSPALA,35971.0,41317,1.1,252000
AVCILAR,DENIZKOSKLER,27287.0,45942,1.7,252000
AVCILAR,AMBARLI,21054.0,38318,1.8,252000
AVCILAR,CIHANGIR,16300.0,62149,3.8,252000
AVCILAR,YESILKENT,14168.0,71783,5.1,252000
AVCILAR,UNIVERSITE,7623.0,21621,2.8,252000
AVCILAR,TAHTAKALE,4657.0,53209,11.4,252000
AVCILAR,FIRUZKOY,1800.0,22496,12.5,252000
BAGCILAR,YENIGUN,84843.0,23112,0.27,315000
BAGCILAR,FATIH,68402.0,45242,0.66,315000
BAGCILAR,YILDIZTEPE,66463.0,40160,0.6,315000
BAGCILAR,CINAR,66380.0,36588,0.55,315000
BAGCILAR,KEMALPASA,60866.0,34581,0.57,315000
BAGCILAR,KÂZIM KARABEKIR,57400.0,28688,0.5,315000
BAGCILAR,DEMIRKAPI,51597.0,55446,1.1,315000
BAGCILAR,BARBAROS,50038.0,21929,0.44,315000
BAGCILAR,INONU,49562.0,24735,0.5,315000
BAGCILAR,SANCAKTEPE,49289.0,19528,0.4,315000
BAGCILAR,FEVZI CAKMAK,48158.0,35448,0.74,315000
BAGCILAR,KIRAZLI,46122.0,43390,0.94,315000
BAGCILAR,YENIMAHALLE,44992.0,34907,0.78,315000
BAGCILAR,YAVUZSELIM,44894.0,28833,0.64,315000
BAGCILAR,HURRIYET,43222.0,25196,0.58,315000
BAGCILAR,GUNESLI,38177.0,46831,1.2,315000
BAGCILAR,YUZUNCU YIL,37356.0,49136,1.3,315000
BAGCILAR,MERKEZ,30484.0,26146,0.86,315000
BAGCILAR,15 TEMMUZ,26817.0,50755,1.9,315000
BAGCILAR,GOZTEPE,23064.0,37553,1.6,315000
BAGCILAR,BAGLAR,11425.0,15683,1.4,315000
BAGCILAR,MAHMUTBEY,5225.0,24596,4.7,315000
BAHCELIEVLER,HURRIYET,82759.0,47377,0.57,264000
BAHCELIEVLER,SIYAVUSPASA,81140.0,65868,0.81,264000
BAHCELIEVLER,ZAFER,78772.0,85464,1.1,264000
BAHCELIEVLER,SOGANLI,74494.0,71388,0.96,264000
BAHCELIEVLER,CUMHURIYET,59967.0,41720,0.7,264000
BAHCELIEVLER,SIRINEVLER,52796.0,57641,1.1,264000
BAHCELIEVLER,FEVZI CAKMAK,49501.0,26191,0.53,264000
BAHCELIEVLER,KOCASINAN,36835.0,72738,2.0,264000
BAHCELIEVLER,COBANCESME,26433.0,33552,1.3,264000
BAHCELIEVLER,BAHCELIEVLER,19452.0,61832,3.2,264000
BAHCELIEVLER,YENIBOSNA,7805.0,34683,4.4,264000
BAKIRKOY,YENIMAHALLE,29809.0,6953,0.23,525000
BAKIRKOY,CEVIZLIK,28679.0,5363,0.19,525000
BAKIRKOY,KARTALTEPE,28268.0,37778,1.3,525000
BAKIRKOY,SAKIZAGACI,21258.0,8137,0.38,525000
BAKIRKOY,ZEYTINLIK,18610.0,5376,0.29,525000
BAKIRKOY,ATAKOY 3-4-11. KISIM,12669.0,8150,0.64,525000
BAKIRKOY,ATAKOY 7-8-9-10. KISIM,11918.0,24444,2.1,525000
BAKIRKOY,ZUHURATBABA,11368.0,20966,1.8,525000
BAKIRKOY,YESILYURT,11333.0,7816,0.69,525000
BAKIRKOY,ATAKOY 2-5-6. KISIM,11131.0,13671,1.2,525000
BAKIRKOY,OSMANIYE,10086.0,24126,2.4,525000
BAKIRKOY,SENLIKKOY,9388.0,28206,3.0,525000
BAKIRKOY,BASINKOY,3814.0,5932,1.6,525000
BAKIRKOY,ATAKOY 1. KISIM,2622.0,1667,0.64,525000
BAKIRKOY,YESILKOY,1794.0,23785,13.3,525000
BASAKSEHIR,ALTINSEHIR,10911.0,14859,1.4,345000
BASAKSEHIR,GUVERCINTEPE,9414.0,55783,5.9,345000
BASAKSEHIR,BASAKSEHIR,7185.0,58445,8.1,345000
BASAKSEHIR,BASAK,5851.0,70258,12.0,345000
BASAKSEHIR,KAYABASI,5408.0,74815,13.8,345000
BASAKSEHIR,BAHCESEHIR 2. KISIM,4770.0,41437,8.7,345000
BASAKSEHIR,BAHCESEHIR 1. KISIM,2952.0,24548,8.3,345000
BASAKSEHIR,SAHINTEPE,2951.0,34138,11.6,345000
BASAKSEHIR,ZIYA GOKALP,1443.0,21113,14.6,345000
BASAKSEHIR,SAMLAR,179.0,1269,7.1,345000
BAYRAMPASA,KARTALTEPE,52713.0,44460,0.84,300000
BAYRAMPASA,VATAN,44120.0,10015,0.23,300000
BAYRAMPASA,MURATPASA,42019.0,33908,0.81,300000
BAYRAMPASA,YILDIRIM,35666.0,53027,1.5,300000
BAYRAMPASA,CEVATPASA,32398.0,19093,0.59,300000
BAYRAMPASA,TERAZIDERE,31994.0,15723,0.49,300000
BAYRAMPASA,ISMETPASA,28663.0,14605,0.51,300000
BAYRAMPASA,YENIDOGAN,22331.0,18696,0.84,300000
BAYRAMPASA,ALTINTEPSI,22260.0,28293,1.3,300000
BAYRAMPASA,ORTA,18332.0,14929,0.81,300000
BAYRAMPASA,KOCATEPE,12394.0,21448,1.7,300000
BESIKTAS,MURADIYE,62042.0,5048,0.081,777000
BESIKTAS,TURKALI,43960.0,10346,0.24,777000
BESIKTAS,ABBASAGA,36746.0,5288,0.14,777000
BESIKTAS,DIKILITAS,26466.0,16893,0.64,777000
BESIKTAS,GAYRETTEPE,24288.0,14530,0.6,777000
BESIKTAS,MECIDIYE,21967.0,10766,0.49,777000
BESIKTAS,SINANPASA,14670.0,2534,0.17,777000
BESIKTAS,ULUS,14273.0,7159,0.5,777000
BESIKTAS,CIHANNUMA,13965.0,3898,0.28,777000
BESIKTAS,NISBETIYE,12153.0,12435,1.0,777000
BESIKTAS,AKATLAR,10356.0,15624,1.5,777000
BESIKTAS,VISNEZADE,10244.0,6758,0.66,777000
BESIKTAS,ORTAKOY,9867.0,9556,0.97,777000
BESIKTAS,ETILER,9854.0,12023,1.2,777000
BESIKTAS,ARNAVUTKOY,8756.0,3933,0.45,777000
BESIKTAS,LEVAZIM,8119.0,6142,0.76,777000
BESIKTAS,KULTUR,6826.0,4925,0.72,777000
BESIKTAS,BALMUMCU,5988.0,3889,0.65,777000
BESIKTAS,KONAKLAR,5864.0,15350,2.6,777000
BESIKTAS,YILDIZ,5581.0,6232,1.1,777000
BESIKTAS,BEBEK,4880.0,5891,1.2,777000
BESIKTAS,KURUCESME,3412.0,3082,0.9,777000
BESIKTAS,LEVENT,2956.0,3145,1.1,777000
BEYKOZ,KAVACIK,13862.0,22371,1.6,363000
BEYKOZ,CIGDEM,13116.0,11619,0.89,363000
BEYKOZ,CAMLIBAHCE,12811.0,6405,0.5,363000
BEYKOZ,SOGUKSU,11901.0,11133,0.94,363000
BEYKOZ,ORTACESME,9766.0,8065,0.83,363000
BEYKOZ,INCIRKOY,9184.0,18130,2.0,363000
BEYKOZ,CUBUKLU,8977.0,21051,2.3,363000
BEYKOZ,YENIMAHALLE,7956.0,19458,2.4,363000
BEYKOZ,PASABAHCE,6923.0,3894,0.56,363000
BEYKOZ,GUMUSSUYU,5776.0,14232,2.5,363000
BEYKOZ,YALIKOY,5405.0,5471,1.0,363000
BEYKOZ,TOKATKOY,3867.0,15449,4.0,363000
BEYKOZ,GOKSU,3851.0,2830,0.73,363000
BEYKOZ,GOZTEPE,3827.0,10016,2.6,363000
BEYKOZ,KANLICA,3215.0,4242,1.3,363000
BEYKOZ,ANADOLUHISARI,2664.0,2644,0.99,363000
BEYKOZ,RUZGARLIBAHCE,2331.0,8011,3.4,363000
BEYKOZ,MERKEZ,1693.0,6064,3.6,363000
BEYKOZ,ACARLAR,1346.0,7319,5.4,363000
BEYKOZ,CIFTLIK,1311.0,5358,4.1,363000
BEYKOZ,FATIH,1205.0,4342,3.6,363000
BEYKOZ,ORNEKKOY,1083.0,3982,3.7,363000
BEYKOZ,CENGELDERE,1038.0,5005,4.8,363000
BEYKOZ,ELMALI,685.0,2989,4.4,363000
BEYKOZ,GORELE,611.0,2020,3.3,363000
BEYKOZ,AKBABA,593.0,2726,4.6,363000
BEYKOZ,ANADOLUKAVAGI,401.0,2104,5.2,363000
BEYKOZ,YAVUZ SELIM,374.0,5072,13.5,363000
BEYKOZ,ZERZAVATCI,278.0,980,3.5,363000
BEYKOZ,BAKLACI,260.0,3062,11.8,363000
BEYKOZ,CUMHURIYET,186.0,1966,10.6,363000
BEYKOZ,DERESEKI,176.0,1513,8.6,363000
BEYKOZ,MAHMUTSEVKETPASA,112.0,1808,16.1,363000
BEYKOZ,KAYNARCA,111.0,627,5.7,363000
BEYKOZ,POYRAZKOY,108.0,923,8.6,363000
BEYKOZ,ISHAKLI,104.0,1283,12.4,363000
BEYKOZ,RIVA,99.2,2237,22.5,363000
BEYKOZ,PASAMANDIRA,87.4,1055,12.1,363000
BEYKOZ,ALIBAHADIR,68.0,764,11.2,363000
BEYKOZ,OGUMCE,44.9,477,10.6,363000
BEYKOZ,ANADOLUFENERI,44.2,750,17.0,363000
BEYKOZ,KILICLI,33.3,545,16.4,363000
BEYKOZ,BOZHANE,33.3,475,14.3,363000
BEYKOZ,GOLLU,16.6,243,14.7,363000
BEYKOZ,POLONEZKOY,12.8,377,29.4,363000
BEYLIKDUZU,BUYUKSEHIR,21693.0,20795,0.96,291000
BEYLIKDUZU,BARIS,20286.0,51900,2.6,291000
BEYLIKDUZU,ADNAN KAHVECI,18865.0,86584,4.6,291000
BEYLIKDUZU,CUMHURIYET,17975.0,21674,1.2,291000
BEYLIKDUZU,GURPINAR,7737.0,19557,2.5,291000
BEYLIKDUZU,YAKUPLU,5986.0,43962,7.3,291000
BEYLIKDUZU,KAVAKLI,5232.0,27566,5.3,291000
BEYLIKDUZU,MARMARA,4790.0,26537,5.5,291000
BEYLIKDUZU,SAHIL,2894.0,4443,1.5,291000
BEYLIKDUZU,DEREAGZI,1765.0,11644,6.6,291000
BEYOGLU,KADI MEHMET EFENDI,72513.0,10172,0.14,582000
BEYOGLU,KALYONCUKULLUGU,63495.0,3108,0.049,582000
BEYOGLU,YENISEHIR,55422.0,5823,0.11,582000
BEYOGLU,CUKUR,51825.0,2735,0.053,582000
BEYOGLU,KAPTANPASA,48196.0,19818,0.41,582000
BEYOGLU,PIYALEPASA,47589.0,23469,0.49,582000
BEYOGLU,FETIHTEPE,47265.0,15490,0.33,582000
BEYOGLU,KUCUKPIYALE,46560.0,9312,0.2,582000
BEYOGLU,HACIAHMET,45817.0,15383,0.34,582000
BEYOGLU,YAHYA KAHYA,43557.0,3733,0.086,582000
BEYOGLU,SURURI,41497.0,4388,0.11,582000
BEYOGLU,BULBUL,41435.0,3883,0.094,582000
BEYOGLU,KULAKSIZ,41426.0,9706,0.23,582000
BEYOGLU,BOSTAN,39812.0,2468,0.062,582000
BEYOGLU,FIRUZAGA,39618.0,4046,0.1,582000
BEYOGLU,KECECIPIRI,37393.0,14386,0.38,582000
BEYOGLU,HALICIOGLU,33275.0,13274,0.4,582000
BEYOGLU,PIRIPASA,31619.0,15706,0.5,582000
BEYOGLU,CIHANGIR,31069.0,3482,0.11,582000
BEYOGLU,CATMAMESCIT,26839.0,2504,0.093,582000
BEYOGLU,ORNEKTEPE,19564.0,10556,0.54,582000
BEYOGLU,TOMTOM,18950.0,2657,0.14,582000
BEYOGLU,SUTLUCE,18395.0,12474,0.68,582000
BEYOGLU,ISTIKLAL,17438.0,4481,0.26,582000
BEYOGLU,PURTELAS,17346.0,1872,0.11,582000
BEYOGLU,SEHIT MUHTAR,15608.0,1493,0.096,582000
BEYOGLU,HACIMIMI,14808.0,1368,0.092,582000
BEYOGLU,KULOGLU,13778.0,1463,0.11,582000
BEYOGLU,KAMERHATUN,13549.0,886,0.065,582000
BEYOGLU,KOCATEPE,12439.0,2136,0.17,582000
BEYOGLU,KILICALIPASA,10321.0,2476,0.24,582000
BEYOGLU,SAHKULU,10112.0,840,0.083,582000
BEYOGLU,KATIP MUSTAFA CELEBI,9670.0,834,0.086,582000
BEYOGLU,OMERAVNI,8836.0,2092,0.24,582000
BEYOGLU,MUEYYETZADE,7146.0,518,0.072,582000
BEYOGLU,CAMIIKEBIR,6742.0,2854,0.42,582000
BEYOGLU,GUMUSSUYU,6215.0,2109,0.34,582000
BEYOGLU,HUSEYINAGA,5770.0,368,0.064,582000
BEYOGLU,BEREKETZADE,5520.0,405,0.073,582000
BEYOGLU,ASMALIMESCIT,5375.0,463,0.086,582000
BEYOGLU,EVLIYA CELEBI,4451.0,283,0.064,582000
BEYOGLU,BEDRETTIN,3111.0,752,0.24,582000
BEYOGLU,EMEKYEMEZ,1947.0,121,0.062,582000
BEYOGLU,KEMANKES KARA MUSTAFA PASA,905.0,128,0.14,582000
BEYOGLU,ARAPCAMI,583.0,91,0.16,582000
BUYUKCEKMECE,ATATURK,15106.0,18711,1.2,267000
BUYUKCEKMECE,MIMAROBA,13530.0,18376,1.4,267000
BUYUKCEKMECE,DIZDARIYE,11959.0,6987,0.58,267000
BUYUKCEKMECE,FATIH,9822.0,19379,2.0,267000
BUYUKCEKMECE,EKINOBA,9675.0,12040,1.2,267000
BUYUKCEKMECE,SINANOBA,9356.0,14778,1.6,267000
BUYUKCEKMECE,MURATCESME,6430.0,15632,2.4,267000
BUYUKCEKMECE,PINARTEPE,4962.0,18425,3.7,267000
BUYUKCEKMECE,MIMARSINAN,3472.0,8814,2.5,267000
BUYUKCEKMECE,ULUS,3375.0,15732,4.7,267000
BUYUKCEKMECE,CUMHURIYET,3195.0,7553,2.4,267000
BUYUKCEKMECE,HURRIYET,3006.0,20603,6.9,267000
BUYUKCEKMECE,KUMBURGAZ MERKEZ,1711.0,6850,4.0,267000
BUYUKCEKMECE,YENIMAHALLE,1280.0,1986,1.6,267000
BUYUKCEKMECE,TURKOBA,1144.0,13189,11.5,267000
BUYUKCEKMECE,GUZELCE,1141.0,6836,6.0,267000
BUYUKCEKMECE,19 MAYIS,1106.0,8337,7.5,267000
BUYUKCEKMECE,CAKMAKLI,942.0,5137,5.5,267000
BUYUKCEKMECE,ALKENT,712.0,4635,6.5,267000
BUYUKCEKMECE,KAMILOBA,481.0,6800,14.1,267000
BUYUKCEKMECE,BAHCELIEVLER,478.0,3428,7.2,267000
BUYUKCEKMECE,CELALIYE,410.0,5484,13.4,267000
BUYUKCEKMECE,AHMEDIYE,406.0,1233,3.0,267000
BUYUKCEKMECE,KARAAGAC,89.4,2529,28.3,267000
CATALCA,FERHATPASA,829.0,21572,26.0,213000
CATALCA,KALEICI,314.0,7503,23.9,213000
CATALCA,KESTANELIK,228.0,2286,10.0,213000
CATALCA,CANAKCA,208.0,2598,12.5,213000
CATALCA,GOKCEALI,198.0,1812,9.2,213000
CATALCA,OKLALI,190.0,1345,7.1,213000
CATALCA,CAKIL,116.0,2491,21.4,213000
CATALCA,SUBASI,77.4,1444,18.7,213000
CATALCA,KABAKCA,76.3,1624,21.3,213000
CATALCA,MURATBEY MERKEZ,76.2,1409,18.5,213000
CATALCA,CIFTLIKKOY,75.8,1872,24.7,213000
CATALCA,AKALAN,65.1,1085,16.7,213000
CATALCA,OVAYENICE,58.6,1172,20.0,213000
CATALCA,IHSANIYE,49.5,1641,33.2,213000
CATALCA,IZETTIN,44.5,1017,22.9,213000
CATALCA,ORCUNLU,43.7,561,12.8,213000
CATALCA,HISARBEYLI,40.3,369,9.1,213000
CATALCA,BAHSAYIS,38.8,367,9.5,213000
CATALCA,KARACAKOY,36.8,2490,67.6,213000
CATALCA,GUMUSPINAR,35.4,851,24.0,213000
CATALCA,ELBASAN,35.1,563,16.0,213000
CATALCA,HALLACLI,34.9,1213,34.8,213000
CATALCA,ORENCIK,33.9,790,23.3,213000
CATALCA,ORMANLI,33.1,1051,31.8,213000
CATALCA,DAGYENICE,32.3,713,22.1,213000
CATALCA,ATATURK,32.3,1127,34.9,213000
CATALCA,BASAK,32.0,386,12.1,213000
CATALCA,INCEGIZ,31.0,772,24.9,213000
CATALCA,KALFA,29.9,776,26.0,213000
CATALCA,AYDINLAR,23.5,829,35.3,213000
CATALCA,YAZLIK,19.6,356,18.1,213000
CATALCA,KARAMANDERE,19.0,553,29.1,213000
CATALCA,KIZILCAALI,18.6,220,11.8,213000
CATALCA,YALIKOY,18.1,1469,81.0,213000
CATALCA,NAKKAS,17.5,818,46.8,213000
CATALCA,BELGRAT,13.1,358,27.3,213000
CATALCA,CELEPKOY,12.2,239,19.5,213000
CATALCA,YAYLACIK,11.7,58,5.0,213000
CATALCA,FATIH,7.3,1257,171.0,213000
CEKMEKOY,CAMLIK,49963.0,20672,0.41,312000
CEKMEKOY,MEHMET AKIF,36666.0,31401,0.86,312000
CEKMEKOY,HAMIDIYE,31683.0,29311,0.93,312000
CEKMEKOY,CUMHURIYET,27033.0,12709,0.47,312000
CEKMEKOY,AYDINLAR,25633.0,16681,0.65,312000
CEKMEKOY,GUNGOREN,20444.0,8228,0.4,312000
CEKMEKOY,MIMAR SINAN,19720.0,24057,1.2,312000
CEKMEKOY,SULTANCIFTLIGI,17822.0,15472,0.87,312000
CEKMEKOY,SOGUKPINAR,12856.0,7939,0.62,312000
CEKMEKOY,KIRAZLIDERE,12778.0,8925,0.7,312000
CEKMEKOY,TASDELEN,12415.0,7411,0.6,312000
CEKMEKOY,EKSIOGLU,5696.0,7110,1.2,312000
CEKMEKOY,ALEMDAG,4560.0,6527,1.4,312000
CEKMEKOY,MERKEZ,2925.0,24594,8.4,312000
CEKMEKOY,NISANTEPE,2414.0,10236,4.2,312000
CEKMEKOY,CATALMESE,1486.0,8360,5.6,312000
CEKMEKOY,KOCULLU,122.0,1365,11.2,312000
CEKMEKOY,RESADIYE,110.0,2132,19.4,312000
CEKMEKOY,SIRAPINAR,97.2,885,9.1,312000
CEKMEKOY,OMERLI,88.3,4073,46.1,312000
CEKMEKOY,HUSEYINLI,59.1,771,13.0,312000
ESENLER,FATIH,89562.0,45797,0.51,237000
ESENLER,NENEHATUN,86504.0,43328,0.5,237000
ESENLER,KÂZIM KARABEKIR,84393.0,35790,0.42,237000
ESENLER,DAVUTPASA,79991.0,16727,0.21,237000
ESENLER,TURGUTREIS,79872.0,46953,0.59,237000
ESENLER,MIMARSINAN,75555.0,13092,0.17,237000
ESENLER,MENDERES,74680.0,32987,0.44,237000
ESENLER,NAMIK KEMAL,69474.0,16334,0.24,237000
ESENLER,FEVZI CAKMAK,68758.0,33610,0.49,237000
ESENLER,HAVAALANI,54987.0,34313,0.62,237000
ESENLER,BIRLIK,46651.0,28455,0.61,237000
ESENLER,TUNA,46195.0,33398,0.72,237000
ESENLER,KEMER,29066.0,22007,0.76,237000
ESENLER,ORUCREIS,16520.0,45372,2.7,237000
ESENLER,YAVUZ SELIM,15916.0,3839,0.24,237000
ESENLER,CIFTEHAVUZLAR,2162.0,2567,1.2,237000
ESENYURT,INCIRTEPE,66533.0,25506,0.38,246000
ESENYURT,SAADETDERE,62919.0,21850,0.35,246000
ESENYURT,MEHTERCESME,59240.0,36090,0.61,246000
ESENYURT,UCEVLER,57208.0,25490,0.45,246000
ESENYURT,SEHITLER,56068.0,15915,0.28,246000
ESENYURT,TALATPASA,55498.0,26077,0.47,246000
ESENYURT,SULEYMANIYE,53999.0,28839,0.53,246000
ESENYURT,PINAR,53445.0,36477,0.68,246000
ESENYURT,CINAR,51954.0,28093,0.54,246000
ESENYURT,NECIP FAZIL KISAKUREK,51007.0,17161,0.34,246000
ESENYURT,INONU,49768.0,24472,0.49,246000
ESENYURT,BALIKYOLU,49086.0,26828,0.55,246000
ESENYURT,MEHMET AKIF ERSOY,48002.0,22844,0.48,246000
ESENYURT,BAGLARCESME,47099.0,28514,0.61,246000
ESENYURT,FATIH,46954.0,25282,0.54,246000
ESENYURT,HURRIYET,46681.0,24769,0.53,246000
ESENYURT,YENIKENT,46595.0,20962,0.45,246000
ESENYURT,CUMHURIYET,41283.0,14369,0.35,246000
ESENYURT,ISTIKLAL,41152.0,18108,0.44,246000
ESENYURT,ORNEK,38436.0,18499,0.48,246000
ESENYURT,NAMIK KEMAL,38416.0,21366,0.56,246000
ESENYURT,YUNUS EMRE,38105.0,18739,0.49,246000
ESENYURT,TURGUT OZAL,37125.0,24050,0.65,246000
ESENYURT,SULTANIYE,32079.0,17294,0.54,246000
ESENYURT,YESILKENT,28559.0,31751,1.1,246000
ESENYURT,BATTALGAZI,27721.0,15621,0.56,246000
ESENYURT,BARBAROS HAYRETTIN PASA,19359.0,21017,1.1,246000
ESENYURT,ASIK VEYSEL,18994.0,15953,0.84,246000
ESENYURT,AKEVLER,17355.0,10294,0.59,246000
ESENYURT,GUZELYURT (HARAMIDERE),15760.0,15146,0.96,246000
ESENYURT,MEVLANA,15713.0,13636,0.87,246000
ESENYURT,PIRI REIS,14845.0,11389,0.77,246000
ESENYURT,ESENKENT,13117.0,10183,0.78,246000
ESENYURT,AKSEMSEDDIN,9054.0,6519,0.72,246000
ESENYURT,SELAHADDIN EYYUBI,8755.0,22624,2.6,246000
ESENYURT,ATATURK,8373.0,13077,1.6,246000
ESENYURT,OSMANGAZI,8086.0,29605,3.7,246000
ESENYURT,ARDICLIEVLER,7294.0,8524,1.2,246000
ESENYURT,ZAFER,7167.0,11807,1.6,246000
ESENYURT,ARDICLI,5878.0,6767,1.2,246000
ESENYURT,KOZA,3751.0,5159,1.4,246000
ESENYURT,AKCABURGAZ,3120.0,19365,6.2,246000
ESENYURT,ORHAN GAZI,2823.0,10461,3.7,246000
EYUPSULTAN,RAMI CUMA,63130.0,14651,0.23,471000
EYUPSULTAN,ESENTEPE,46574.0,19987,0.43,471000
EYUPSULTAN,DUGMECILER,38777.0,18435,0.48,471000
EYUPSULTAN,SILAHTARAGA,30615.0,9263,0.3,471000
EYUPSULTAN,YESILPINAR,30091.0,38497,1.3,471000
EYUPSULTAN,AKSEMSETTIN,29109.0,41073,1.4,471000
EYUPSULTAN,ISLAMBEY,28347.0,15321,0.54,471000
EYUPSULTAN,CIRCIR,27297.0,28537,1.0,471000
EYUPSULTAN,RAMI YENI,27259.0,13904,0.51,471000
EYUPSULTAN,NISANCI,24605.0,16191,0.66,471000
EYUPSULTAN,KARADOLAP,24510.0,26979,1.1,471000
EYUPSULTAN,SAKARYA,22492.0,9966,0.44,471000
EYUPSULTAN,EMNIYETTEPE,12719.0,9397,0.74,471000
EYUPSULTAN,MERKEZ,12405.0,10914,0.88,471000
EYUPSULTAN,ALIBEYKOY,10412.0,9569,0.92,471000
EYUPSULTAN,DEFTERDAR,5012.0,4709,0.94,471000
EYUPSULTAN,GUZELTEPE,3634.0,34564,9.5,471000
EYUPSULTAN,TOPCULAR,2820.0,4673,1.7,471000
EYUPSULTAN,GOKTURK MERKEZ,1261.0,36843,29.2,471000
EYUPSULTAN,MIMARSINAN,295.0,4882,16.5,471000
EYUPSULTAN,PIRINCCI,133.0,3561,26.8,471000
EYUPSULTAN,MITHATPASA,110.0,5179,47.1,471000
EYUPSULTAN,AKPINAR,82.9,2275,27.5,471000
EYUPSULTAN,ISIKLAR,52.8,569,10.8,471000
EYUPSULTAN,AGACLI,42.8,671,15.7,471000
EYUPSULTAN,IHSANIYE,32.3,160,5.0,471000
EYUPSULTAN,ODAYERI,23.6,195,8.3,471000
EYUPSULTAN,CIFTALAN,8.1,149,18.4,471000
FATIH,ATIKALI,66843.0,15133,0.23,348000
FATIH,SEYYID OMER,57079.0,26773,0.47,348000
FATIH,HIRKAISERIF,56720.0,24649,0.43,348000
FATIH,AKSEMSETTIN,56537.0,24856,0.44,348000
FATIH,SILIVRIKAPI,54105.0,16823,0.31,348000
FATIH,SUMBULEFENDI,53145.0,17016,0.32,348000
FATIH,YAVUZ SULTAN SELIM,52339.0,18294,0.35,348000
FATIH,DERVIS ALI,51074.0,18632,0.36,348000
FATIH,SEHREMINI,47657.0,22028,0.46,348000
FATIH,ZEYREK,47237.0,14769,0.31,348000
FATIH,KOCAMUSTAFAPASA,43941.0,21851,0.5,348000
FATIH,MEVLANAKAPI,43577.0,20470,0.47,348000
FATIH,MOLLAGURANI,41107.0,18296,0.45,348000
FATIH,ISKENDERPASA,39543.0,16686,0.42,348000
FATIH,HASEKISULTAN,39020.0,11377,0.29,348000
FATIH,ALI KUSCU,36301.0,11253,0.31,348000
FATIH,BALAT,34016.0,13802,0.41,348000
FATIH,NISANCA,32986.0,6866,0.21,348000
FATIH,KARAGUMRUK,32722.0,11640,0.36,348000
FATIH,CIBALI,29292.0,8057,0.28,348000
FATIH,AYVANSARAY,28594.0,17777,0.62,348000
FATIH,SARACISHAK,25357.0,1700,0.067,348000
FATIH,YEDIKULE,22294.0,17399,0.78,348000
FATIH,MUHSINEHATUN,20349.0,2576,0.13,348000
FATIH,EMINSINAN,18549.0,1225,0.066,348000
FATIH,KATIP KASIM,18164.0,3069,0.17,348000
FATIH,TOPKAPI,17917.0,11429,0.64,348000
FATIH,SEHSUVARBEY,16859.0,2557,0.15,348000
FATIH,MOLLAHUSREV,14630.0,1301,0.089,348000
FATIH,KALENDERHANE,12590.0,1673,0.13,348000
FATIH,AKSARAY,12144.0,11758,0.97,348000
FATIH,CERRAHPASA,11002.0,9147,0.83,348000
FATIH,BINBIRDIREK,10557.0,1671,0.16,348000
FATIH,KUCUKAYASOFYA,10248.0,2594,0.25,348000
FATIH,MIMAR HAYRETTIN,8082.0,888,0.11,348000
FATIH,HOCA GIYASETTIN,8064.0,697,0.086,348000
FATIH,YAVUZSINAN,4958.0,252,0.051,348000
FATIH,HACIKADIN,4044.0,414,0.1,348000
FATIH,SULTANAHMET,3844.0,783,0.2,348000
FATIH,ALEMDAR,3489.0,488,0.14,348000
FATIH,KEMALPASA,3433.0,618,0.18,348000
FATIH,DEMIRTAS,2858.0,242,0.085,348000
FATIH,MIMAR KEMALETTIN,2786.0,411,0.15,348000
FATIH,MESIHPASA,2635.0,206,0.078,348000
FATIH,TAYAHATUN,2551.0,131,0.051,348000
FATIH,SULEYMANIYE,2457.0,709,0.29,348000
FATIH,CANKURTARAN,2171.0,1909,0.88,348000
FATIH,BALABANAGA,1284.0,146,0.11,348000
FATIH,HOCAPASA,1178.0,360,0.31,348000
FATIH,BEYAZIT,1027.0,114,0.11,348000
FATIH,MOLLAFENARI,902.0,135,0.15,348000
FATIH,MERCAN,581.0,48,0.083,348000
FATIH,TAHTAKALE,510.0,24,0.047,348000
FATIH,SURURI,477.0,30,0.063,348000
FATIH,HOBYAR,407.0,82,0.2,348000
FATIH,RUSTEMPASA,242.0,25,0.1,348000
FATIH,SARIDEMIR,132.0,14,0.11,348000
GAZIOSMANPASA,SEMSIPASA,68734.0,24409,0.36,387000
GAZIOSMANPASA,HURRIYET,61812.0,28739,0.46,387000
GAZIOSMANPASA,KARLITEPE,59473.0,19517,0.33,387000
GAZIOSMANPASA,BARBAROS HAYRETTIN PASA,54978.0,50748,0.92,387000
GAZIOSMANPASA,KÂZIM KARABEKIR,53352.0,47072,0.88,387000
GAZIOSMANPASA,KARADENIZ,53003.0,73225,1.4,387000
GAZIOSMANPASA,BAGLARBASI,44858.0,28843,0.64,387000
GAZIOSMANPASA,PAZARICI,43245.0,12622,0.29,387000
GAZIOSMANPASA,YENIMAHALLE,41542.0,36751,0.88,387000
GAZIOSMANPASA,SARIGOL,41443.0,25095,0.61,387000
GAZIOSMANPASA,FEVZI CAKMAK,37646.0,22748,0.6,387000
GAZIOSMANPASA,YILDIZTABYA,36586.0,25602,0.7,387000
GAZIOSMANPASA,MERKEZ,34348.0,29266,0.85,387000
GAZIOSMANPASA,YENIDOGAN,27603.0,8878,0.32,387000
GAZIOSMANPASA,KARAYOLLARI,26385.0,40628,1.5,387000
GAZIOSMANPASA,MEVLANA,24214.0,23816,0.98,387000
GUNGOREN,MARESAL FEVZI CAKMAK,86603.0,31630,0.37,273000
GUNGOREN,AKINCILAR,82208.0,21045,0.26,273000
GUNGOREN,GUNESTEPE,69528.0,51759,0.74,273000
GUNGOREN,MERKEZ,60285.0,47371,0.79,273000
GUNGOREN,HAZNEDAR,59767.0,21298,0.36,273000
GUNGOREN,GUVEN,56468.0,18004,0.32,273000
GUNGOREN,GENCOSMAN,32245.0,40525,1.3,273000
GUNGOREN,ABDURRAHMAN NAFIZ GURMAN,31476.0,22696,0.72,273000
GUNGOREN,TOZKOPARAN,26133.0,19086,0.73,273000
GUNGOREN,SANAYI,19063.0,13369,0.7,273000
GUNGOREN,MEHMET NEZIH OZMEN,10525.0,10184,0.97,273000
KADIKOY,FENERYOLU,24161.0,24488,1.0,567000
KADIKOY,KOZYATAGI,23691.0,34164,1.4,567000
KADIKOY,ERENKOY,23013.0,31098,1.4,567000
KADIKOY,SAHRAYICEDIT,22699.0,30833,1.4,567000
KADIKOY,19 MAYIS,22695.0,30310,1.3,567000
KADIKOY,ACIBADEM,20983.0,30549,1.5,567000
KADIKOY,GOZTEPE,19792.0,35260,1.8,567000
KADIKOY,MERDIVENKOY,19764.0,33166,1.7,567000
KADIKOY,CAFERAGA,19324.0,23977,1.2,567000
KADIKOY,HASANPASA,19249.0,15577,0.81,567000
KADIKOY,BOSTANCI,17671.0,31450,1.8,567000
KADIKOY,RASIMPASA,17111.0,14276,0.83,567000
KADIKOY,FIKIRTEPE,16921.0,9025,0.53,567000
KADIKOY,OSMANAGA,15693.0,8466,0.54,567000
KADIKOY,SUADIYE,15157.0,22484,1.5,567000
KADIKOY,DUMLUPINAR,14157.0,10985,0.78,567000
KADIKOY,EGITIM,14026.0,13438,0.96,567000
KADIKOY,ZUHTUPASA,12188.0,8095,0.66,567000
KADIKOY,KOSUYOLU,11217.0,7839,0.7,567000
KADIKOY,CADDEBOSTAN,11012.0,18316,1.7,567000
KADIKOY,FENERBAHCE,10440.0,17657,1.7,567000
KAGITHANE,HARMANTEPE,75102.0,22007,0.29,516000
KAGITHANE,GULTEPE,72930.0,13810,0.19,516000
KAGITHANE,CELIKTEPE,63390.0,32935,0.52,516000
KAGITHANE,ORTABAYIR,61544.0,22994,0.37,516000
KAGITHANE,SIRINTEPE,57953.0,21823,0.38,516000
KAGITHANE,YAHYA KEMAL,51900.0,17746,0.34,516000
KAGITHANE,TELSIZLER,51586.0,11774,0.23,516000
KAGITHANE,SANAYI,49207.0,36381,0.74,516000
KAGITHANE,HURRIYET,44854.0,20219,0.45,516000
KAGITHANE,EMNIYET,44216.0,8390,0.19,516000
KAGITHANE,GURSEL,35434.0,30033,0.85,516000
KAGITHANE,NURTEPE,33089.0,25628,0.77,516000
KAGITHANE,CAGLAYAN,32900.0,30047,0.91,516000
KAGITHANE,YESILCE,31272.0,11934,0.38,516000
KAGITHANE,TALATPASA,30348.0,33039,1.1,516000
KAGITHANE,MEHMET AKIF ERSOY,21411.0,12672,0.59,516000
KAGITHANE,SEYRANTEPE,20330.0,22545,1.1,516000
KAGITHANE,MERKEZ,14618.0,30404,2.1,516000
KAGITHANE,HAMIDIYE,11336.0,38313,3.4,516000
KARTAL,ATALAR,27928.0,31275,1.1,363000
KARTAL,PETROL-IS,26327.0,28760,1.1,363000
KARTAL,YUKARIMAHALLE,24808.0,8143,0.33,363000
KARTAL,UGUR MUMCU,23557.0,41544,1.8,363000
KARTAL,KARLIKTEPE,22884.0,31049,1.4,363000
KARTAL,GUMUSPINAR,22695.0,26464,1.2,363000
KARTAL,YALI,21723.0,11471,0.53,363000
KARTAL,HURRIYET,18568.0,47943,2.6,363000
KARTAL,ORTAMAHALLE,17783.0,18790,1.1,363000
KARTAL,YAKACIK YENI,17458.0,16238,0.93,363000
KARTAL,CEVIZLI,16240.0,27267,1.7,363000
KARTAL,TOPSELVI,15753.0,12201,0.77,363000
KARTAL,SOGANLIK,15196.0,26713,1.8,363000
KARTAL,CUMHURIYET,14612.0,21609,1.5,363000
KARTAL,YUNUS,11172.0,15215,1.4,363000
KARTAL,ESENTEPE,10531.0,26844,2.5,363000
KARTAL,CAVUSOGLU,10415.0,14286,1.4,363000
KARTAL,ORHANTEPE,10342.0,29960,2.9,363000
KARTAL,KORDONBOYU,6099.0,11356,1.9,363000
KARTAL,YAKACIK CARSI,4096.0,16305,4.0,363000
KUCUKCEKMECE,YESILOVA,57065.0,33002,0.58,315000
KUCUKCEKMECE,SULTANMURAT,53338.0,13776,0.26,315000
KUCUKCEKMECE,MEHMET AKIF,48041.0,53351,1.1,315000
KUCUKCEKMECE,KANARYA,47501.0,67272,1.4,315000
KUCUKCEKMECE,KEMALPASA,45388.0,14667,0.32,315000
KUCUKCEKMECE,GULTEPE,44973.0,30092,0.67,315000
KUCUKCEKMECE,YENIMAHALLE,42418.0,19408,0.46,315000
KUCUKCEKMECE,INONU,38862.0,73048,1.9,315000
KUCUKCEKMECE,CUMHURIYET,38556.0,51065,1.3,315000
KUCUKCEKMECE,FEVZI CAKMAK,34915.0,25229,0.72,315000
KUCUKCEKMECE,CENNET,34678.0,29995,0.86,315000
KUCUKCEKMECE,SOGUTLUCESME,33902.0,33233,0.98,315000
KUCUKCEKMECE,ATATURK,26390.0,42737,1.6,315000
KUCUKCEKMECE,TEVFIKBEY,25136.0,36848,1.5,315000
KUCUKCEKMECE,HALKALI,17716.0,78180,4.4,315000
KUCUKCEKMECE,KARTALTEPE,14477.0,12166,0.84,315000
KUCUKCEKMECE,BESYOL,13817.0,4092,0.3,315000
KUCUKCEKMECE,ISTASYON,12355.0,37997,3.1,315000
KUCUKCEKMECE,ATAKENT,10949.0,93229,8.5,315000
KUCUKCEKMECE,FATIH,7102.0,10544,1.5,315000
KUCUKCEKMECE,YARIMBURGAZ,1997.0,10461,5.2,315000
MALTEPE,FINDIKLI,51454.0,59271,1.2,390000
MALTEPE,ALTINTEPE,30234.0,30375,1.0,390000
MALTEPE,BAGLARBASI,25604.0,41773,1.6,390000
MALTEPE,ZUMRUTEVLER,25477.0,82651,3.2,390000
MALTEPE,KUCUKYALI,24814.0,25940,1.0,390000
MALTEPE,FEYZULLAH,23378.0,19052,0.81,390000
MALTEPE,ALTAYCESME,22494.0,30255,1.3,390000
MALTEPE,GIRNE,21090.0,16172,0.77,390000
MALTEPE,CINAR,19626.0,19848,1.0,390000
MALTEPE,ESENKENT,18059.0,21745,1.2,390000
MALTEPE,IDEALTEPE,17406.0,21982,1.3,390000
MALTEPE,GULENSU,17119.0,15441,0.9,390000
MALTEPE,GULSUYU,16868.0,15288,0.91,390000
MALTEPE,CEVIZLI,16245.0,35382,2.2,390000
MALTEPE,AYDINEVLER,14180.0,20099,1.4,390000
MALTEPE,YALI,5648.0,12893,2.3,390000
MALTEPE,BASIBUYUK,2129.0,21640,10.2,390000
MALTEPE,BUYUKBAKKALKOY,359.0,7779,21.7,390000
PENDIK,ORHANGAZI,34207.0,28009,0.82,294000
PENDIK,FATIH,32334.0,21209,0.66,294000
PENDIK,ESENLER,29704.0,31553,1.1,294000
PENDIK,ESENYALI,29327.0,14088,0.48,294000
PENDIK,CAMCESME,26977.0,31480,1.2,294000
PENDIK,SAPANBAGLARI,22678.0,11264,0.5,294000
PENDIK,KAVAKPINAR,21185.0,60252,2.8,294000
PENDIK,FEVZI CAKMAK,20138.0,36918,1.8,294000
PENDIK,YENI,19817.0,15263,0.77,294000
PENDIK,GUZELYALI,19812.0,33575,1.7,294000
PENDIK,AHMET YESEVI,19214.0,26717,1.4,294000
PENDIK,ORTA,18846.0,5909,0.31,294000
PENDIK,DUMLUPINAR,18004.0,25596,1.4,294000
PENDIK,YESILBAGLAR,17103.0,6262,0.37,294000
PENDIK,SULUNTEPE,16946.0,23741,1.4,294000
PENDIK,KURTKOY,16427.0,30775,1.9,294000
PENDIK,CINARDERE,15917.0,18465,1.2,294000
PENDIK,BAHCELIEVLER,15880.0,12417,0.78,294000
PENDIK,KAYNARCA,14944.0,48246,3.2,294000
PENDIK,DOGU,13613.0,16043,1.2,294000
PENDIK,SEYHLI,12847.0,16720,1.3,294000
PENDIK,BATI,12549.0,15521,1.2,294000
PENDIK,GULLUBAGLAR,11236.0,13852,1.2,294000
PENDIK,VELIBABA,10802.0,36461,3.4,294000
PENDIK,YENISEHIR,8697.0,57841,6.7,294000
PENDIK,ERTUGRULGAZI,8430.0,14532,1.7,294000
PENDIK,YAYALAR,7936.0,11782,1.5,294000
PENDIK,CAMLIK,6308.0,15987,2.5,294000
PENDIK,HARMANDERE,6253.0,7925,1.3,294000
PENDIK,RAMAZANOGLU,1296.0,2930,2.3,294000
PENDIK,SANAYI,251.0,3414,13.6,294000
PENDIK,GOCBEYLI,46.4,1172,25.3,294000
PENDIK,KURNA,40.0,1244,31.1,294000
PENDIK,EMIRLI,20.9,256,12.3,294000
PENDIK,BALLICA,17.6,400,22.7,294000
PENDIK,KURTDOGMUS,17.2,441,25.6,294000
SANCAKTEPE,INONU,37620.0,22817,0.61,252000
SANCAKTEPE,ATATURK,29817.0,28687,0.96,252000
SANCAKTEPE,MECLIS,25475.0,25603,1.0,252000
SANCAKTEPE,KEMAL TURKLER,25281.0,19404,0.77,252000
SANCAKTEPE,SAFA,21614.0,18424,0.85,252000
SANCAKTEPE,YENIDOGAN,19349.0,20155,1.0,252000
SANCAKTEPE,SARIGAZI,17699.0,21755,1.2,252000
SANCAKTEPE,MERVE,17117.0,18226,1.1,252000
SANCAKTEPE,YUNUS EMRE,17012.0,20761,1.2,252000
SANCAKTEPE,VEYSEL KARANI,14230.0,19545,1.4,252000
SANCAKTEPE,EMEK,13249.0,24340,1.8,252000
SANCAKTEPE,AKPINAR,12576.0,20949,1.7,252000
SANCAKTEPE,MEVLANA,11143.0,15823,1.4,252000
SANCAKTEPE,OSMANGAZI,11036.0,40149,3.6,252000
SANCAKTEPE,FATIH,9574.0,27938,2.9,252000
SANCAKTEPE,ABDURRAHMANGAZI,8093.0,31716,3.9,252000
SANCAKTEPE,EYUPSULTAN,3043.0,18918,6.2,252000
SANCAKTEPE,HILAL,2265.0,5458,2.4,252000
SANCAKTEPE,PASAKOY,67.4,1723,25.6,252000
SARIYER,FATIH SULTAN MEHMET,15943.0,15813,0.99,819000
SARIYER,PINAR,15300.0,11628,0.76,819000
SARIYER,BAHCEKOY YENIMAHALLE,13779.0,5225,0.38,819000
SARIYER,BAHCEKOY,12274.0,3868,0.32,819000
SARIYER,ISTINYE,12196.0,16089,1.3,819000
SARIYER,FERAHEVLER,11530.0,15183,1.3,819000
SARIYER,KIRECBURNU,11310.0,7049,0.62,819000
SARIYER,RUMELIHISARI,11284.0,10785,0.96,819000
SARIYER,CAYIRBASI,10554.0,5089,0.48,819000
SARIYER,CUMHURIYET,9800.0,11247,1.1,819000
SARIYER,MERKEZ,9185.0,12750,1.4,819000
SARIYER,POLIGON,8763.0,6704,0.77,819000
SARIYER,BUYUKDERE,7552.0,8841,1.2,819000
SARIYER,EMIRGÂN,7482.0,8954,1.2,819000
SARIYER,TARABYA,7230.0,18103,2.5,819000
SARIYER,KOCATAS,6989.0,4500,0.64,819000
SARIYER,YENIKOY,6926.0,15481,2.2,819000
SARIYER,DARUSSAFAKA,6607.0,9458,1.4,819000
SARIYER,RESITPASA,6171.0,17903,2.9,819000
SARIYER,YENI MAHALLE,5939.0,3442,0.58,819000
SARIYER,BALTALIMANI,5251.0,5181,0.99,819000
SARIYER,DERBENT (CAMLITEPE),4171.0,6119,1.5,819000
SARIYER,MADEN,3327.0,13207,4.0,819000
SARIYER,HUZUR,3314.0,7948,2.4,819000
SARIYER,BAHCEKOY KEMER,3115.0,2379,0.76,819000
SARIYER,AYAZAGA,2264.0,35317,15.6,819000
SARIYER,ZEKERIYAKOY,1623.0,18867,11.6,819000
SARIYER,MASLAK,1328.0,8091,6.1,819000
SARIYER,KÂZIM KARABEKIR,1241.0,8201,6.6,819000
SARIYER,PTT EVLERI,1192.0,5405,4.5,819000
SARIYER,KUMKOY,964.0,3331,3.5,819000
SARIYER,RUMELIKAVAGI,834.0,3765,4.5,819000
SARIYER,USKUMRUKOY,488.0,8178,16.8,819000
SARIYER,GUMUSDERE,446.0,4193,9.4,819000
SARIYER,RUMELIFENERI,360.0,4550,12.7,819000
SARIYER,DEMIRCI,120.0,1306,10.9,819000
SARIYER,GARIPCE,100.0,393,3.9,819000
SARIYER,KISIRKAYA,33.3,333,10.0,819000
SILE,HACIKASIM,4181.0,944,0.23,327000
SILE,CAVUS,1669.0,8576,5.1,327000
SILE,AGVA,1124.0,1973,1.8,327000
SILE,BALIBEY,622.0,3398,5.5,327000
SILE,MESRUTIYET,505.0,1636,3.2,327000
SILE,KUMBABA,407.0,741,1.8,327000
SILE,AHMETLI,280.0,1815,6.5,327000
SILE,CAYIRBASI,244.0,994,4.1,327000
SILE,GOCE,129.0,724,5.6,327000
SILE,KURFALLI,51.8,247,4.8,327000
SILE,AKCAKESE,51.0,388,7.6,327000
SILE,DEGIRMENCAYIRI,49.7,455,9.2,327000
SILE,DOGANCILI,48.9,756,15.5,327000
SILE,KADIKOY,47.6,159,3.3,327000
SILE,SATMAZLI,42.8,355,8.3,327000
SILE,SAHILKOY,38.5,766,19.9,327000
SILE,GOKMASLI,36.2,188,5.2,327000
SILE,KARACAKOY,34.7,269,7.8,327000
SILE,IMRENLI,29.8,260,8.7,327000
SILE,ALACALI,29.6,515,17.4,327000
SILE,KARAMANDERE,28.2,324,11.5,327000
SILE,KABAKOZ,27.9,522,18.7,327000
SILE,ISAKOY,27.8,122,4.4,327000
SILE,BICKIDERE,27.4,265,9.7,327000
SILE,GEREDELI,27.1,574,21.2,327000
SILE,IMRENDERE,26.1,264,10.1,327000
SILE,KORUCU,24.2,205,8.5,327000
SILE,OSMANKOY,23.8,257,10.8,327000
SILE,BOZGOCA,22.5,92,4.1,327000
SILE,SUAYIPLI,22.1,231,10.4,327000
SILE,KIZILCA,21.5,496,23.1,327000
SILE,UVEZLI,21.1,337,16.0,327000
SILE,BUCAKLI,19.1,305,16.0,327000
SILE,KOMURLUK,18.9,211,11.2,327000
SILE,YENIKOY,18.7,412,22.1,327000
SILE,OVACIK,18.3,148,8.1,327000
SILE,HASANLI,18.1,215,11.8,327000
SILE,CELEBI,17.3,144,8.3,327000
SILE,SOFULAR,17.2,272,15.8,327000
SILE,KARABEYLI,17.0,207,12.1,327000
SILE,SORTULLU,17.0,113,6.7,327000
SILE,YAZIMANAYIR,16.6,221,13.3,327000
SILE,HACILLI,15.9,241,15.1,327000
SILE,ORUCOGLU,15.1,334,22.1,327000
SILE,ULUPELIT,14.3,202,14.2,327000
SILE,KARAKIRAZ,13.9,289,20.8,327000
SILE,TEKE,13.9,499,35.9,327000
SILE,GOKSU,13.4,306,22.8,327000
SILE,CENGILLI,13.2,185,14.0,327000
SILE,AGACDERE,13.2,90,6.8,327000
SILE,CATAKLI,11.7,216,18.5,327000
SILE,KALEM,11.2,219,19.5,327000
SILE,KURNA,11.0,146,13.2,327000
SILE,ERENLER,11.0,121,11.0,327000
SILE,SOGULLU,10.9,189,17.4,327000
SILE,YAKA,10.6,208,19.7,327000
SILE,YESILVADI,9.1,146,16.1,327000
SILE,YAYLALI,7.6,58,7.7,327000
SILE,KERVANSARAY,7.2,278,38.5,327000
SILE,AVCIKORU,6.5,130,20.1,327000
SILE,DARLIK,5.9,104,17.7,327000
SILE,ESENCELI,4.9,74,15.2,327000
SILIVRI,ALIBEY,28282.0,18122,0.64,186000
SILIVRI,PIRI MEHMET PASA,16653.0,9002,0.54,186000
SILIVRI,FATIH,15526.0,7093,0.46,186000
SILIVRI,CUMHURIYET,2073.0,7442,3.6,186000
SILIVRI,SEMIZKUMLAR,1722.0,23579,13.7,186000
SILIVRI,MIMAR SINAN,1702.0,14481,8.5,186000
SILIVRI,YENI,1368.0,32829,24.0,186000
SILIVRI,SELIMPASA,1048.0,19003,18.1,186000
SILIVRI,SANCAKTEPE,333.0,5114,15.4,186000
SILIVRI,HURRIYET,295.0,1790,6.1,186000
SILIVRI,GUMUSYAKA,272.0,7810,28.7,186000
SILIVRI,FEVZIPASA,246.0,3127,12.7,186000
SILIVRI,ORTAKOY,227.0,3809,16.8,186000
SILIVRI,KAVAKLI,205.0,1938,9.5,186000
SILIVRI,ISMETPASA,84.1,3027,36.0,186000
SILIVRI,BALABAN,74.8,2988,40.0,186000
SILIVRI,GAZITEPE,72.3,1293,17.9,186000
SILIVRI,KADIKOY,71.8,1483,20.7,186000
SILIVRI,BUYUK CAVUSLU,65.1,3299,50.7,186000
SILIVRI,BEYCILER,51.2,1434,28.0,186000
SILIVRI,BUYUK KILICLI,50.8,1159,22.8,186000
SILIVRI,FENER,39.8,1528,38.4,186000
SILIVRI,YOLCATI,33.8,373,11.0,186000
SILIVRI,CELTIK,30.4,1011,33.3,186000
SILIVRI,AKOREN,28.4,1274,44.9,186000
SILIVRI,DANAMANDIRA,28.4,1109,39.1,186000
SILIVRI,KUCUK KILICLI,28.0,275,9.8,186000
SILIVRI,ALIPASA,27.7,954,34.4,186000
SILIVRI,KUCUK SINEKLI,27.3,156,5.7,186000
SILIVRI,BUYUK SINEKLI,20.6,338,16.4,186000
SILIVRI,SEYMEN,20.4,1032,50.5,186000
SILIVRI,CAYIRDERE,20.2,1204,59.5,186000
SILIVRI,SAYALAR,18.2,784,43.2,186000
SILIVRI,BEKIRLI,12.9,201,15.6,186000
SILIVRI,KURFALLI,12.4,463,37.3,186000
SISLI,ESKISEHIR,66149.0,12164,0.18,543000
SISLI,FERIKOY,62279.0,14630,0.23,543000
SISLI,BOZKURT,60565.0,10930,0.18,543000
SISLI,DUATEPE,58547.0,8096,0.14,543000
SISLI,MAHMUT SEVKET PASA,56769.0,18977,0.33,543000
SISLI,GULBAHAR,55818.0,23271,0.42,543000
SISLI,HALIDE EDIP ADIVAR,46677.0,17012,0.36,543000
SISLI,YAYLA,46084.0,11475,0.25,543000
SISLI,IZZETPASA,45505.0,8044,0.18,543000
SISLI,MECIDIYEKOY,44410.0,20219,0.46,543000
SISLI,KUSTEPE,38260.0,15710,0.41,543000
SISLI,MESRUTIYET,26446.0,7922,0.3,543000
SISLI,19 MAYIS,26284.0,11458,0.44,543000
SISLI,ERGENEKON,26103.0,2684,0.1,543000
SISLI,FULYA,25700.0,17327,0.67,543000
SISLI,TESVIKIYE,25431.0,11522,0.45,543000
SISLI,PASA,24804.0,18698,0.75,543000
SISLI,INONU,21793.0,4019,0.18,543000
SISLI,CUMHURIYET,19941.0,7255,0.36,543000
SISLI,HALASKARGAZI,16748.0,1691,0.1,543000
SISLI,MERKEZ,12072.0,13654,1.1,543000
SISLI,HALIL RIFAT PASA,10724.0,4566,0.43,543000
SISLI,KAPTANPASA,10690.0,3312,0.31,543000
SISLI,ESENTEPE,4514.0,7056,1.6,543000
SISLI,HARBIYE,3247.0,2504,0.77,543000
SULTANBEYLI,AHMET YESEVI,22558.0,29261,1.3,216000
SULTANBEYLI,HAMIDIYE,21162.0,27189,1.3,216000
SULTANBEYLI,ABDURRAHMANGAZI,21049.0,29276,1.4,216000
SULTANBEYLI,HASANPASA,20801.0,17450,0.84,216000
SULTANBEYLI,FATIH,20139.0,21541,1.1,216000
SULTANBEYLI,YAVUZ SELIM,19172.0,19506,1.0,216000
SULTANBEYLI,TURGUTREIS,18920.0,20178,1.1,216000
SULTANBEYLI,MEHMET AKIF,16523.0,27515,1.7,216000
SULTANBEYLI,ORHANGAZI,15079.0,15748,1.0,216000
SULTANBEYLI,MECIDIYE,14084.0,22972,1.6,216000
SULTANBEYLI,NECIP FAZIL,11478.0,15937,1.4,216000
SULTANBEYLI,ADIL,10891.0,20853,1.9,216000
SULTANBEYLI,BATTALGAZI,10162.0,31820,3.1,216000
SULTANBEYLI,AKSEMSETTIN,9998.0,12581,1.3,216000
SULTANBEYLI,MIMARSINAN,6112.0,18158,3.0,216000
SULTANGAZI,50. YIL,63763.0,72891,1.1,231000
SULTANGAZI,SULTANCIFTLIGI,62604.0,38550,0.62,231000
SULTANGAZI,ISMETPASA,60320.0,54837,0.91,231000
SULTANGAZI,MALKOCOGLU,40706.0,13328,0.33,231000
SULTANGAZI,GAZI,39643.0,34762,0.88,231000
SULTANGAZI,YUNUSEMRE,36974.0,46999,1.3,231000
SULTANGAZI,ESENTEPE,36088.0,63310,1.8,231000
SULTANGAZI,75. YIL,33237.0,32605,0.98,231000
SULTANGAZI,UGUR MUMCU,29110.0,41665,1.4,231000
SULTANGAZI,CUMHURIYET,20167.0,14819,0.73,231000
SULTANGAZI,ESKI HABIBLER,11735.0,7275,0.62,231000
SULTANGAZI,ZUBEYDEHANIM,9275.0,32238,3.5,231000
SULTANGAZI,CEBECI,5571.0,60416,10.8,231000
SULTANGAZI,YAYLA,1698.0,8076,4.8,231000
SULTANGAZI,HABIBLER,1091.0,6743,6.2,231000
TUZLA,MIMARSINAN,18130.0,24236,1.3,294000
TUZLA,SIFA,14815.0,28263,1.9,294000
TUZLA,YAYLA,12747.0,26839,2.1,294000
TUZLA,ICMELER,11484.0,10467,0.91,294000
TUZLA,AYDINTEPE,8339.0,23998,2.9,294000
TUZLA,CAMI,4123.0,5260,1.3,294000
TUZLA,ISTASYON,4003.0,19935,5.0,294000
TUZLA,POSTANE,3737.0,19574,5.2,294000
TUZLA,EVLIYA CELEBI,3503.0,10861,3.1,294000
TUZLA,AYDINLI,3426.0,55493,16.2,294000
TUZLA,ORTA,2806.0,10387,3.7,294000
TUZLA,MESCIT,1074.0,4612,4.3,294000
TUZLA,ANADOLU,667.0,905,1.4,294000
TUZLA,FATIH,377.0,1045,2.8,294000
TUZLA,TEPEOREN,253.0,6673,26.4,294000
TUZLA,ORHANLI,228.0,1903,8.4,294000
TUZLA,AKFIRAT,94.8,2471,26.1,294000
UMRANIYE,ISTIKLAL,46808.0,47160,1.0,372000
UMRANIYE,CAKMAK,43418.0,37323,0.86,372000
UMRANIYE,ESENEVLER,38219.0,26864,0.7,372000
UMRANIYE,NAMIK KEMAL,35812.0,28849,0.81,372000
UMRANIYE,MEHMET AKIF,33665.0,24911,0.74,372000
UMRANIYE,ARMAGANEVLER,33633.0,37444,1.1,372000
UMRANIYE,ALTINSEHIR,33445.0,28231,0.84,372000
UMRANIYE,ATATURK,32648.0,24740,0.76,372000
UMRANIYE,TEPEUSTU,31846.0,13593,0.43,372000
UMRANIYE,ADEM YAVUZ,22985.0,17630,0.77,372000
UMRANIYE,ATAKENT,21987.0,21146,0.96,372000
UMRANIYE,KÂZIM KARABEKIR,21222.0,17257,0.81,372000
UMRANIYE,HUZUR,19778.0,12001,0.61,372000
UMRANIYE,TATLISU,19658.0,20041,1.0,372000
UMRANIYE,YAMANEVLER,19478.0,14190,0.73,372000
UMRANIYE,CAMLIK,19224.0,22420,1.2,372000
UMRANIYE,TANTAVI,18301.0,10002,0.55,372000
UMRANIYE,ELMALIKENT,18136.0,22176,1.2,372000
UMRANIYE,NECIP FAZIL,16653.0,27002,1.6,372000
UMRANIYE,MADENLER,15604.0,14327,0.92,372000
UMRANIYE,PARSELLER,15337.0,15373,1.0,372000
UMRANIYE,INKILAP,14444.0,29569,2.0,372000
UMRANIYE,CEMIL MERIC,13538.0,22094,1.6,372000
UMRANIYE,ASAGIDUDULLU,12777.0,12611,0.99,372000
UMRANIYE,DUMLUPINAR,12552.0,13076,1.0,372000
UMRANIYE,IHLAMURKUYU,11876.0,16308,1.4,372000
UMRANIYE,SITE,11834.0,25779,2.2,372000
UMRANIYE,TOPAGACI,11420.0,14977,1.3,372000
UMRANIYE,YUKARIDUDULLU,11369.0,20295,1.8,372000
UMRANIYE,ESENSEHIR,11343.0,19317,1.7,372000
UMRANIYE,SERIFALI,6872.0,8460,1.2,372000
UMRANIYE,ESENKENT,5182.0,19953,3.9,372000
UMRANIYE,HEKIMBASI,5154.0,8495,1.6,372000
UMRANIYE,SARAY,1287.0,2307,1.8,372000
UMRANIYE,FATIH SULTAN MEHMET,955.0,3976,4.2,372000
USKUDAR,VALIDE-I ATIK,50726.0,21519,0.42,393000
USKUDAR,CUMHURIYET,42304.0,36237,0.86,393000
USKUDAR,AHMEDIYE,42288.0,9520,0.23,393000
USKUDAR,MURAT REIS,37790.0,14161,0.37,393000
USKUDAR,BULGURLU,34506.0,30753,0.89,393000
USKUDAR,ICADIYE,34171.0,17160,0.5,393000
USKUDAR,ZEYNEP KAMIL,33815.0,12559,0.37,393000
USKUDAR,SELAMI ALI,29625.0,13245,0.45,393000
USKUDAR,AZIZ MAHMUD HUDAYI,26039.0,8880,0.34,393000
USKUDAR,MIMAR SINAN,23838.0,12077,0.51,393000
USKUDAR,UNALAN,22820.0,34162,1.5,393000
USKUDAR,SULTANTEPE,22111.0,11452,0.52,393000
USKUDAR,SALACAK,21941.0,9545,0.44,393000
USKUDAR,KUPLUCE,20476.0,17542,0.86,393000
USKUDAR,YAVUZTURK,20109.0,34355,1.7,393000
USKUDAR,MEHMET AKIF ERSOY,19536.0,20960,1.1,393000
USKUDAR,FERAH,19177.0,20482,1.1,393000
USKUDAR,KIRAZLITEPE,19050.0,13296,0.7,393000
USKUDAR,ACIBADEM,15154.0,24747,1.6,393000
USKUDAR,GUZELTEPE,13231.0,13438,1.0,393000
USKUDAR,BAHCELIEVLER,13231.0,21240,1.6,393000
USKUDAR,KISIKLI,12975.0,19659,1.5,393000
USKUDAR,BARBAROS,12557.0,18139,1.4,393000
USKUDAR,KUCUKSU,12166.0,19655,1.6,393000
USKUDAR,BURHANIYE,11036.0,16929,1.5,393000
USKUDAR,CENGELKOY,8608.0,14298,1.7,393000
USKUDAR,ALTUNIZADE,7833.0,13886,1.8,393000
USKUDAR,SELIMIYE,5084.0,8658,1.7,393000
USKUDAR,BEYLERBEYI,5010.0,5749,1.1,393000
USKUDAR,KUCUK CAMLICA,4482.0,10917,2.4,393000
USKUDAR,KULELI,3126.0,2280,0.73,393000
USKUDAR,KUZGUNCUK,2899.0,4358,1.5,393000
USKUDAR,KANDILLI,1399.0,1712,1.2,393000
ZEYTINBURNU,YESILTEPE,96576.0,21679,0.22,360000
ZEYTINBURNU,NURIPASA,79421.0,27283,0.34,360000
ZEYTINBURNU,CIRPICI,75658.0,29022,0.38,360000
ZEYTINBURNU,YENIDOGAN,69744.0,10884,0.16,360000
ZEYTINBURNU,GOKALP,69558.0,19959,0.29,360000
ZEYTINBURNU,VELIEFENDI,69001.0,27737,0.4,360000
ZEYTINBURNU,TELSIZ,62252.0,37515,0.6,360000
ZEYTINBURNU,SUMER,55980.0,36848,0.66,360000
ZEYTINBURNU,BESTELSIZ,41357.0,23926,0.58,360000
ZEYTINBURNU,SEYITNIZAM,19385.0,24113,1.2,360000
ZEYTINBURNU,MERKEZEFENDI,17433.0,23742,1.4,360000
ZEYTINBURNU,KAZLICESME,973.0,2078,2.1,360000
ZEYTINBURNU,MALTEPE,807.0,2592,3.2,360000
