TÜR,MAHAL ADI,İLÇE,latitude,longitude
PARK,KAYALI BAHÇE PARKI,BAKIRKÖY,40.97300068 , 28.78923982
PARK,FLORYA SAHİL PARKI,BAKIRKÖY,40.97004532 , 28.79125272
PARK,FLORYA AKVARYUM ÇEVRESİ,BAKIRKÖY,40.96565926 , 28.79825785
PARK,DENİZ AKTAŞ PARKI,BAKIRKÖY,40.96378000 , 28.83312400
PARK,ŞEHİT GÜLŞEN BAHADIR PARKI (YEŞİLKÖY SAHİL PARKI),BAKIRKÖY,40.96378000 , 28.83312400
PARK,KAZAKİSTAN PARKI,BAKIRKÖY,40.97633300 , 28.86503800
PARK,AYTEKİN KOTİL PARKI ,BAKIRKÖY,40.97740700 , 28.88432000
PARK,BAKIRKÖY SAKIZAĞACI PARKI,BAKIRKÖY,40.97855300 , 28.88447400
PARK,BAKIRKÖY CEVİZLİK PARKI,BAKIRKÖY,40.97465500 , 28.87640300
PARK,BİLAL BOZKAYA PARKI,BAKIRKÖY,40.98722800 , 28.86873800
PARK,ÇAMLIK ATATÜRK PARKI,BAKIRKÖY,40.98726333 , 28.86964946
PARK,DİNAZORLU PARK,BAKIRKÖY,40.98250900 , 28.87212600
PARK,BARUTHANE MİLLET BAHÇESİ,BAKIRKÖY,40.97520012 , 28.85888457
PARK,ZUHURATBABA PARKI,BAKIRKÖY,40.98727641 , 28.87068897
PARK,ÖZGÜRLÜK VE DEMOKRASİ PARKI (OLİMPİYAT PARKI),BAKIRKÖY,40.95989909 , 28.83706748
PARK,ÇINAR OTEL YANI PARKI,BAKIRKÖY,40.95946360 , 28.83750468
PARK,ATATÜRK PARKI,BAKIRKÖY,40.98055515 , 28.79377797
PARK,50.YIL PARKI,FATİH,41.01483464 , 28.95550311
PARK,ARKEOLOJİ PARKI,FATİH,41.01464440 , 28.95324469
PARK,ŞEHİT MEHMET HÜSEYİN BALTA PARKI,FATİH,41.02979312 , 28.93634140
PARK,FATİH ANIT PARK,FATİH,41.01575345 , 28.95433903
PARK,HAVA ŞEHİTLİK PARKI,FATİH,41.01593964 , 28.95280480
PARK,ŞEHİT AHMET KARA PARK,FATİH,41.01665607 , 28.95575523
PARK,MACAR KARDEŞLER PARKI,FATİH,41.01535274 , 28.95263046
PARK,ORUÇGAZİ PARKI,FATİH,41.01303745 , 28.95275116
PARK,NUMUNE PARKI,FATİH,41.01242624 , 28.95442486
PARK,ŞELALE PARKI VE SÜS HAVUZU,GÜNGÖREN,41.00302654 , 28.88429582
PARK,TOPKAPI DEPREM PARKI,ZEYTİNBURNU,41.02142796 , 28.92103672
PARK,TÜRK BAHÇESİ,ZEYTİNBURNU,40.99330563 , 28.92042518
PARK,ÇIRPICI ŞEHİR PARKI,ZEYTİNBURNU,41.00031811 , 28.89099330
PARK,DR. MİMAR KADİR TOPBAŞ PARKI,FATİH,40.99771484 , 28.94713998
PARK,ÇATLADIKAPI PARKI,FATİH,41.00159744 , 28.97589326
PARK,GAYRET PARKI,FATİH,41.00240713 , 28.94027352
PARK,GENÇLİK PARKI,FATİH,41.00424509 , 28.95488620
PARK,MEHMET AKİF ERSOY PARKI,FATİH,40.99743952 , 28.93231004
PARK,NADİR NADİ PARKI,FATİH,41.00041932 , 28.93406153
PARK,SİRKECİ GAR ÖNÜ PARKI,FATİH,41.01604083 , 28.97674620
PARK,MERMERKULE  PARKI,FATİH,40.99098350 , 28.92536581
PARK,KOCA MUSTAFA PAŞA SAHİL PARKI,FATİH,40.99008256 , 28.92576277
PARK,ULUSLARARASI BARIŞ PARKI,FATİH,40.99020404 , 28.91971707
PARK,TURŞUCUZADE KONAĞI PARKI,FATİH,41.00826495 , 28.97790492
PARK,ŞEHİT ESRA TEKİN-HAKAN TEKİN PARKI,ZEYTİNBURNU,40.98886374 , 28.91169727
PARK,KAZLIÇEŞME SAHİL PARKI,ZEYTİNBURNU,40.98719138 , 28.91345680
PARK,KADI MEHMET EFENDİ PARKI,BEYOĞLU,41.03397732 , 28.96411568
PARK,DİKİLİTAŞ PARKI,BEŞİKTAŞ,41.05608262 , 29.00451645
PARK,TOPHANE PARKI,BEYOĞLU,41.02709388 , 28.98185313
PARK,FINDIKLI PARKI,BEŞİKTAŞ,41.03143203 , 28.98999631
PARK,KURUÇEŞME PARKI,BEŞİKTAŞ,41.06153219 , 29.03845310
PARK,TÜRKAN SABANCI BEBEK PARKI,BEŞİKTAŞ,41.07600895 , 29.04380679
PARK,BEBEK ÇINARLI BAHÇE PARKI,BEŞİKTAŞ,41.07668225 , 29.04288948
PARK,YAHYA KEMAL PARKI,BEŞİKTAŞ,41.04866849 , 29.00877714
PARK,EMİRHAN  PARKI,BEŞİKTAŞ,41.05861583 , 29.00885761
PARK,CEMİL TOPUZLU PARKI,BEŞİKTAŞ,41.05475277 , 29.03471947
PARK,TOPHANELİ KIDEMLİ YÜZBAŞI HAKKI EFENDİ PARKI,BEYOĞLU,41.02697652 , 28.97981465
PARK,CEZAYİRLİ HASAN PAŞA PARKI,BEYOĞLU,41.03038799 , 28.96706879
PARK,SURURİ PARKI,BEYOĞLU,41.03748958 , 28.97150517
PARK,MAHMUT ŞEVKET PAŞA PARKI,KAĞITHANE,41.05445342 , 28.96155417
PARK,BEYOĞLU HACI AHMET PARKI,BEYOĞLU,41.04372459 , 28.97292137
PARK,TAKSİM GEZİ PARKI,BEYOĞLU,41.03865085 , 28.98665965
PARK,KARAKÖY SAHİL PARKI,BEYOĞLU,41.02372676 , 28.96913946
PARK,KIBRIS BARIŞ ORMANI,BEYOĞLU,41.05438870 , 28.95416200
PARK,ÇAĞLAYAN ADLİYE SARAYI-ABİDEİ HÜRRİYET VE ŞEHİTLİK,ŞİŞLİ,41.06825430 , 28.98251295
PARK,İNÖNÜ PARKI,ŞİŞLİ,41.04196461 , 28.99687886
PARK,DARÜLBEDAİ PARKI,ŞİŞLİ,41.04828618 , 28.99112552
PARK,CİHANGİR PARKI,BEYOĞLU,41.03184479 , 28.98553312
PARK,CİHANGİR SOSYAL TESİSLERİ,BEYOĞLU,41.02850624 , 28.98265243
PARK,MAÇKA DEMOKRASİ PARKI,ŞİŞLİ,41.04418987 , 28.99375677
PARK,AŞİYAN PARKI,BEŞİKTAŞ,41.08127997 , 29.05413866
PARK,BALTALİMANI PARKI,SARIYER,41.09727847 , 29.05317307
PARK,CUMHURİYET MAHALLESİ PARKI,SARIYER,41.14417201 , 29.03286338
PARK,ÇAMLIK PARKI,SARIYER,41.12539455 , 29.07051640
PARK,DUATEPE PARKI,SARIYER,41.08740571 , 29.05107021
PARK,EMİRGAN PARKI,SARIYER,41.10762670 , 29.05713201
PARK,HİDAYETİN BAĞI PARKI,SARIYER,41.17199611 , 29.05598121
PARK,ŞEHİT ÇETİN CAN PARKI,SARIYER,41.12350160 , 29.03757334
PARK,İSTİNYE İDO PARKI,SARIYER,41.11387815 , 29.06118091
PARK,JAPON BAHÇESİ PARKI,SARIYER,41.09721334 , 29.05219870
PARK,NADİR NADİ PARKI,SARIYER,41.15250944 , 29.04165566
PARK,POLİGON PARKI,SARIYER,41.11648608 , 29.04118896
PARK,ŞALCIKIR PARKI,SARIYER,41.14209386 , 29.04090070
PARK,YENİKÖY CAMİ PARKI,SARIYER,41.12166090 , 29.06986177
PARK,YENİKÖY PLAJ  PARKI,SARIYER,41.11740751 , 29.06486213
PARK,PINAR MAHALLESİ PARKI,SARIYER,41.12611606 , 29.03180122
PARK,SARIYER HEZARFEN AHMET ÇELEBİ PARKI,SARIYER,41.10256846 , 29.03882485
PARK,FSM PARKI,SARIYER,41.08973994 , 29.04682654
PARK,SARIYER LİSELİLER PARKI,SARIYER,41.16327503 , 29.04923558
PARK,RUMELİ KAVAĞI SAHİL PARKI,SARIYER,41.18128688 , 29.07415020
PARK,PROF.DR. AZİZ SANCAR PARKI,SARIYER,41.10468005 , 29.04602498
PARK,BAŞAKŞEHİR 2.ETAP KORU PARKI,BAŞAKŞEHİR,41.10538900 , 28.78594500
PARK,KAYAŞEHİR  912 ADA PARKI,BAŞAKŞEHİR,41.10885544 , 28.75573754
PARK,BAŞAKŞEHİR ONURKENT PARKI -1,BAŞAKŞEHİR,41.10978507 , 28.78280640
PARK,BAŞAKŞEHİR SPOR PARKI,BAŞAKŞEHİR,41.12401884 , 28.77528548
PARK,GÖÇMEN KONUTLARI PARKI,BAŞAKŞEHİR,41.10188282 , 28.80011201
PARK,KAYAŞEHİR BÖLGE PARKI,BAŞAKŞEHİR,41.11001950 , 28.75622034
PARK,HOŞDERE HAYAT PARKI,BAŞAKŞEHİR,41.09266975 , 28.65003705
PARK,TATARCIK PARKI,BAŞAKŞEHİR,41.10761862 , 28.67122650
PARK,BAŞAKŞEHİR SULAR VADİSİ,BAŞAKŞEHİR,41.11767424 , 28.80728960
PARK,BAŞAKŞEHİR ONURKENT PARKI-2,BAŞAKŞEHİR,41.10798946 , 28.79487500
PARK,HALICIOĞLU PARKI,BEYOĞLU,41.04492621 , 28.94480109
PARK,ŞEHİT ŞEYHMUZ DEMİR PARKI,BEYOĞLU,41.04060918 , 28.95029962
PARK,NURİ KİLLİGİL PARKI,BEYOĞLU,41.05515729 , 28.94781053
PARK,NİLÜFER PARKI,BEYOĞLU,41.06315818 , 28.94850791
PARK,8 MAYIS PARKI ,EYÜPSULTAN,41.04685604 , 28.93693015
PARK,ABDÜLVEDÜT PARKI,EYÜPSULTAN,41.04141839 , 28.93838257
PARK,GABDULLAH TUGAY PARKI ,EYÜPSULTAN,41.06437967 , 28.94292355
PARK,FESHANE PARKI,EYÜPSULTAN,41.04319863 , 28.93841743
PARK,FETHİ ÇELEBİ PARKI,EYÜPSULTAN,41.08394261 , 28.92526388
PARK,HABEŞ PARKI,EYÜPSULTAN,41.03212400 , 28.93679202
PARK,İDRİS BİTLİS PARKI ,EYÜPSULTAN,41.05713940 , 28.93327028
PARK,NURTEPE GEZİ PARKI,EYÜPSULTAN,41.08373437 , 28.96003604
PARK,GÜZELTEPE PARKI,EYÜPSULTAN,41.08075834 , 28.95801902
PARK,Ç. MESKEN - GÖÇMEN BLOKLARI,EYÜPSULTAN,41.08155897 , 28.95928502
PARK,GÖÇMEN BLOKLARI,KAĞITHANE,41.08098478 , 28.95830333
PARK,İGDAŞ PARKI,EYÜPSULTAN,41.07185370 , 28.94378722
PARK,OTAĞCILAR PARKI,EYÜPSULTAN,41.03948234 , 28.93582374
PARK,SİLAHTARAĞA PARKI,EYÜPSULTAN,41.06016504 , 28.94573987
PARK,TEKKE PARKI,EYÜPSULTAN,41.05756413 , 28.94467771
PARK,ÇOBAN ÇEŞME PARKI,EYÜPSULTAN,41.08084730 , 28.95092726
PARK,ÇOBAN ÇEŞME OKUL ÜSTÜ,EYÜPSULTAN,41.08141340 , 28.95390451
PARK,FETİH PARKI,EYÜPSULTAN,41.08441771 , 28.92534435
PARK,ŞEHİT HALİT AYDIN PARKI,EYÜPSULTAN,41.08374650 , 28.94442558
PARK,KUTLU DOĞUM PARKI,EYÜPSULTAN,41.07913683 , 28.93938303
PARK,ŞEHİT HÜSEYİN ÇATALKAŞ PARKI,EYÜPSULTAN,41.08077856 , 28.93959224
PARK,BARIŞ MANÇO PARKI,EYÜPSULTAN,41.08982754 , 28.92673910
PARK,ŞEHİT SONER BAYKUŞ PARKI ,EYÜPSULTAN,41.07838065 , 28.93302619
PARK,ALİBEYKÖY MERKEZ PARKI,EYÜPSULTAN,41.08068758 , 28.94876808
PARK,ASIM YILDIZ PARKI,EYÜPSULTAN,41.08762000 , 28.93678129
PARK,AKŞEMSETTİN PARKI,FATİH,41.03563231 , 28.94768715
PARK,AYVANSARAY SUR DİPLERİ,EYÜPSULTAN,41.03913639 , 28.93984973
PARK,CEMİL MERİÇ GÖRME ÖZÜRLÜLER PARKI,FATİH,41.04086004 , 28.94273043
PARK,BALAT PARKI,FATİH,41.03793467 , 28.94572645
PARK,SOBACILAR ÖNÜ PARKI,FATİH,41.01820626 , 28.96765351
PARK,İTO PARKI,FATİH,41.01902384 , 28.96776080
PARK,ŞEHİT TOLGA ECEBALİN PARKI (ÖZLEM PARKI),FATİH,41.02484376 , 28.95964444
PARK,ŞAİR  NEDİM PARKI,FATİH,41.03073196 , 28.95173728
PARK,MERMERCİLER PARKI,KAĞITHANE,41.06339176 , 28.95085350
PARK,SADABAT MESİRE 1,KAĞITHANE,41.06725129 , 28.95825505
PARK,SADABAT MESİRE 2,KAĞITHANE,41.06834328 , 28.95996094
PARK,SADABAT MESİRE 4,KAĞITHANE,41.06634532 , 28.95394742
PARK,SEYRANTEPE 700. YIL PARKI,KAĞITHANE,41.09735123 , 28.98944914
PARK,KAĞITHANE MESİRE ALANI,KAĞITHANE,41.06431091 , 28.94990802
PARK,ŞEHİT KUBİLAY PARKI,EYÜPSULTAN,41.07723030 , 28.95970362
PARK,EMNİYETTEPE PARKI ,EYÜPSULTAN,41.06589638 , 28.94909263
PARK,İSBAK ÜSTÜ ,EYÜPSULTAN,41.09454562 , 28.98522198
PARK,İSPARK ZEMİNALTI OTOPARK ÜSTÜ,EYÜPSULTAN,41.08500400 , 28.92589688
PARK,ARNAVUTKÖY ZEMİNÜSTÜ PARKI,ARNAVUTKÖY,41.1832821 , 28.73979986
PARK,KOCATEPE PARKI,BAYRAMPAŞA,41.4884245 , 28.8945745
PARK,ORTA MAHALLE FATİH PARKI,BAYRAMPAŞA,41.347386 , 28.91916454
PARK,GAZİ PARKI,SULTANGAZİ,41.955413 , 28.8996977
PARK,CEBECİ PARKI,SULTANGAZİ,41.1356441 , 28.87528896
PARK,ŞEHİT VEDAT BARCEĞCİ PARKI (ÇAMLIK PARKI),SULTANGAZİ,41.887617 , 28.87824476
PARK,ŞEHİT ENGİN TILBAÇ PARKI (PLEVNE PARKI),SULTANGAZİ,41.8797175 , 28.8745515
PARK,BAYRAMPAŞA TUNA CADDESİ PARKI,BAYRAMPAŞA,41.4525999 , 28.94382
PARK,SULTANGAZİ ALİBEY BARAJÜSTÜ PARKI,SULTANGAZİ,41.122345 , 28.91674519
PARK,GAZİOSMANPAŞA MEHMET NİYAZİ ÖZDEMİR ZEMİNÜSTÜ PARKI,GAZİOSMANPAŞA,41.7937137 , 28.885489
PARK,ESENLER HAVAALANI MAHALLESİ ZEMİNÜSTÜ PARKI,ESENLER,41.558269 , 28.86726916
PARK,MİMARSİNAN SAHİL ATATÜRK PARKI,BÜYÜKÇEKMECE,41.1577976424812 , 28.562446832656857
PARK,MİMARSİNAN SAHİL,BÜYÜKÇEKMECE,41.129443536443 , 28.56653151632
PARK,KORDONBOYU SAHİL,BÜYÜKÇEKMECE,41.111552949753 , 28.59925746917724
PARK,AVCILAR KARA TARAFI CEMAL KAYTAZ PARKI,AVCILAR,40.97436 , 28.74126
PARK,AVCILAR SAHİL PARKI-1,AVCILAR,40.97487611 , 28.74357104
PARK,AVCILAR SAHİL PARKI-2,AVCILAR,40.97973608 , 28.75159621
PARK,BEYLİKDÜZÜ OSMANLI BAHÇESİ PARKI,BEYLİKDÜZÜ,40.99819 , 28
PARK,PİRİ REİS PARKI ,BEYLİKDÜZÜ,40.99511146 , 28.59744430
PARK,BEYLİKDÜZÜ KADIN DAYANIŞMA VE KÜLTÜR PARKI,BEYLİKDÜZÜ,40.98486700 , 28.66744459
PARK,BEYLİKDÜZÜ KREŞ EĞİTİM YAPISI VE ÇOCUK OYUN PARKI,BEYLİKDÜZÜ,40.99560947 , 28.62893879
PARK,AVCILAR SAADETDERE DEPO VE TERFİ MERKEZİ ,ESENYURT,41.483 , 28.694722
PARK,KAVAKLIDERE YAŞAM VADİSİ 3.ETAP,BEYLİKDÜZÜ,40.99220025 , 28.64333153
PARK,KAVAKLIDERE YAŞAM VADİSİ 4.ETAP,BEYLİKDÜZÜ,40.97474246 , 28.64518762
PARK,KAVAKLIDERE YAŞAM VADİSİ 5.ETAP,BEYLİKDÜZÜ,40.96304870 , 28.63345027
PARK,BEYLİKDÜZÜ SOSYAL TESİS ve SPOR KOMPLEKSİ (KALEKENT),BEYLİKDÜZÜ,41.00154076 , 28.63648921
PARK,KÜÇÜKÇEKMECE GÖLÜ SAHİL PARKI,AVCILAR,41.00067975 , 28.76689037
PARK,AZERBAYCAN DOSTLUK PARKI,BAĞCILAR,41.04378607 , 28.85507208
PARK,BAĞCILAR TRAFİK EĞİTİM PİSTİ PARKI,BAĞCILAR,41.05044523 , 28.82309065
PARK,BAĞCILAR MERKEZ MAHALLESİ PARKI,BAĞCILAR,41.03060529 , 28.85797608
PARK,ŞEHİT BEKÇİ KANSU TURAN PARKI,BAĞCILAR,41.05658455 , 28.83527261
PARK,BALIKÇI ADASI PARKI,KÜÇÜKÇEKMECE,40.98892738 , 28.77070481
PARK,İSTASYON  MAHALLESİ PARKI,KÜÇÜKÇEKMECE,41.03144138 , 28.77805381
PARK,MENEKŞE DERESİ PARKI,KÜÇÜKÇEKMECE,41.03955850 , 28.77105899
PARK,KÜÇÜKÇEKMECE GÖLAĞZI PARKI,KÜÇÜKÇEKMECE,40.98066136 , 28.77070302
PARK,KÜÇÜKÇEKMECE MENEKŞE PARKI,KÜÇÜKÇEKMECE,40.98207298 , 28.76177280
PARK,KÜÇÜKÇEKMECE SAHİL PARKI,KÜÇÜKÇEKMECE,40.97992796 , 28.75228186
PARK,BAĞCILAR HÜRRİYET MAHALLESİ PAZAR YERİ PARKI ,BAĞCILAR,41.02945608 , 28.83270395
PARK,HASANOĞLU DERESİ PARKI,KÜÇÜKÇEKMECE,41.05683250 , 28.75742158
PARK,SİLİVRİ BOĞLUCA PARKI,SİLİVRİ,41.07972317 , 28.25081706
METRO ÇIKIŞI,NURTEPE ACİL METRO ÇIKIŞI,EYÜPSULTAN,41.07991120 , 28.96331370
METRO ÇIKIŞI,KAĞITHANE METRO ÇIKIŞI,KAĞITHANE,41.07948459 , 28.97404253
METRO ÇIKIŞI,DARÜŞAFAKA METRO İSTASYONU ÇIKIŞI(VE ÇEVRESİ),BEŞİKTAŞ,41.12998705 , 29.02500987
METRO ÇIKIŞI,NİSPETİYE METRO İSTASYONU ÇIKIŞI(VE ÇEVRESİ),BEŞİKTAŞ,41.07731068 , 29.02424902
METRO ÇIKIŞI,HİSARÜSTÜ BOĞAZİÇİ ÜNİVERSİTESİ METRO İSTASYONU ÇIKIŞI (VE ÇEVRESİ),SARIYER,41.08504039 , 29.04538393
METRO ÇIKIŞI,İSTOÇ METRO İSTASYONU,BAĞCILAR,41.06503287 , 28.82595778
METRO ÇIKIŞI,TURGUT ÖZAL METRO İSTASYONU,BAĞCILAR,41.08124964 , 28.79789919
METRO ÇIKIŞI,BAŞAKKONUTLARI METRO İSTASYONU,BAŞAKŞEHİR,41.09747858 , 28.79102200
METRO ÇIKIŞI,METROKENT METRO İSTASYONU,BAŞAKŞEHİR,41.10720431 , 28.80120099
METRO ÇIKIŞI,ZİYA GÖKALP METRO İSTASYONU,BAŞAKŞEHİR,41.07446618 , 28.78731787
METRO ÇIKIŞI,İKİTELLİ SANAYİ METRO İSTASYONU,KÜÇÜKÇEKMECE,41.07302448 , 28.80187824
METRO ÇIKIŞI,GÖZTEPE METRO ÇIKIŞI,BAĞCILAR,41.05672680 , 28.84666443
METRO ÇIKIŞI,ORUÇ REİS METRO ÇIKIŞI (DOĞU-BATI),ESENLER,41.06344738 , 28.85571420
METRO ÇIKIŞI,YÜZYIL ACİL METRO ÇIKIŞI,ESENLER,41.06302875 , 28.85637671
METRO ÇIKIŞI,TEKSTİLKENT METRO ÇIKIŞI,ESENLER,41.07113384 , 28.86685610
METRO ÇIKIŞI,KARADENİZ MAHALLESİ METRO ÇIKIŞLARI,GAZİOSMANPAŞA,41.08134871 , 28.87513876
METRO ÇIKIŞI,YENİ MAHALLE METRO ÇIKIŞI,GAZİOSMANPAŞA,41.08396889 , 28.89268041
METRO ÇIKIŞI,KAZIM KARABEKİR METRO ÇIKIŞI,GAZİOSMANPAŞA,41.08528703 , 28.90881658
METRO ÇIKIŞI,KİRAZLI METRO İSTASYONU ÇEVRESİ,BAĞCILAR,41.03194177 , 28.84257897
METRO ÇIKIŞI,MAHMUTBEY METRO İSTASYONU ÇIKIŞI VE ÇEVRESİ,BAĞCILAR,41.05426031 , 28.83056380
METRO ÇIKIŞI,YENİ MAHALLE METRO İSTASYONU  ÇEVRESİ,BAĞCILAR,41.04117602 , 28.83586876
METRO ÇIKIŞI,AKSARAY METRO İSTASYONU VE ÇEVRESİ,FATİH,41.01145070 , 28.94926429
METRO ÇIKIŞI,ŞİŞLİ MECİDİYEKÖY METRO İSTASYONU,ŞİŞLİ,41.06520072 , 28.99684668
METRO ÇIKIŞI,MECİDİYEKÖY ACİL METRO ÇIKIŞI,ŞİŞLİ,41.06662035 , 28.98989439
KENT ORMANI,15 TEMMUZ KENT ORMANI,EYÜPSULTAN,41.155251174599584 , 28.88812410392055
KENT ORMANI,YAKUPLU B TİPİ MESİRE ALANI,BEYLİKDÜZÜ,41.005 , 28.669
HATIRA ORMANI,ÇATALCA 15 TEMMUZ HATIRA ORMANI,ÇATALCA,41.10822976 , 28.55372858
HATIRA ORMANI, 15 TEMMUZ ŞEHİTLERİ HATIRA ORMANI,SARIYER,41.20765355 , 29.09832001
KORU,HİSARÜSTÜ FATİH KORUSU,SARIYER,41.08904229 , 29.04357212
KORU,SEYRANTEPE KORUSU,KAĞITHANE,41.09102832 , 28.98661137
KORU,HARABELER ÜSTÜ VE SEDİMANTASYON PROJESİ,KAĞITHANE,41.07922984 , 28.97710562
MESİRE YERİ,BENTLER ,SARIYER,41.18530005 , 28.98865955
MESİRE YERİ,NEŞET SUYU,SARIYER,41.18663652 , 28.9679557
MESİRE YERİ,KÖMÜRCÜ BENT,SARIYER,41.20699000 , 28.96359000
MESİRE YERİ,FATİH ÇEŞMESİ,EYÜPSULTAN,41.16931000 , 28.94660000
MESİRE YERİ,NEŞET SUYU TABİAT PARKI BAHÇE KÖY GİRİŞİ BAĞLANTI YOLLARI,SARIYER,41.184159469274576 , 28.988385667181397
MESİRE YERİ,NEŞET SUYU TABİAT PARKI BAHÇE KÖY ÇIKIŞI BAĞLANTI YOLLARI,SARIYER,41.184159469274576 , 28.988385667181397
MESİRE YERİ,NEŞET SUYU TABİAT PARKI  KURT KEMERİ ÇIKIŞI BAĞLANTI YOLLARI,SARIYER,41.19714536110495 , 28.919807487266127
MESİRE YERİ,NEŞET SUYU TABİAT PARKI KÖMÜRCÜ BENT BAĞLANTI YOLLARI,SARIYER,41.189759955932146 , 28.97902610866454
MESİRE YERİ,FALİH RIFKI ATAY TABİAT PARKI,SARIYER,41.192882421197474 , 28.96131495549079
MESİRE YERİ,NEŞET SUYU TABİAT PARKI KOŞU PARKURU,SARIYER,41.18663652 , 28.96795571
MESİRE YERİ,ÇATALCA İNCEĞİZ C TİPİ MESİRE ALANI,ÇATALCA,41.18107971 , 28.39871407
MESİRE YERİ,GÜMÜŞPINAR KÖYKENARI C TİPİ MESİRE ALANI,ÇATALCA,41.31163178 , 28.28323156
KAVŞAK-REFÜJ,ŞENLİKKÖY - YEŞİLYURT ARASI ORTA VE YAN R.,BAKIRKÖY,40.97847252 , 28.80394220
KAVŞAK-REFÜJ,KÜÇÜKÇEKMECE- YEŞİLKÖY ARASI ORTA VE YAN R.,BAKIRKÖY,40.97524062 , 28.77893329
KAVŞAK-REFÜJ,YENİ HAVAALANI CADDESİ,BAKIRKÖY,40.97495526 , 28.83787536
KAVŞAK-REFÜJ,ATAKÖY ORTA VE YAN REFÜJLER,BAKIRKÖY,40.97343260 , 28.84697835
KAVŞAK-REFÜJ,DR.REMZİ KAZANCIGİL BULVARI,BAKIRKÖY,40.98095101 , 28.86159897
KAVŞAK-REFÜJ,FİLDAMI YOLU,BAKIRKÖY,40.98917959 , 28.88537407
KAVŞAK-REFÜJ,İNCİRLİ KAVŞAĞI,BAKIRKÖY,40.99701036 , 28.87008548
KAVŞAK-REFÜJ,İNCİRLİ KAVŞAĞI-ATAKÖY KAVŞAĞI ARASI,BAKIRKÖY,40.99156050 , 28.85149240
KAVŞAK-REFÜJ,ATAKÖY KAVŞAĞI-ÇOBANÇEŞME KAVŞAĞI ARASI,BAKIRKÖY,40.99200590 , 28.83594632
KAVŞAK-REFÜJ,ÇOBANÇEŞME KAVŞAĞI FLORYA KAVŞAĞI ARASI ,KÜÇÜKÇEKMECE,40.99905900 , 28.79970431
KAVŞAK-REFÜJ,FLORYA KAVŞAĞI,KÜÇÜKÇEKMECE / BAKIRKÖY,40.99058061 , 28.79172206
KAVŞAK-REFÜJ,ADNAN KAHVECİ BULVARI ORTA REFÜJ,BAKIRKÖY,40.97882891 , 28.85108471
KAVŞAK-REFÜJ,İSTANBUL CADDESİ,BAKIRKÖY,40.97853181 , 28.87602395
KAVŞAK-REFÜJ,İNCİRLİ CADDESİ,BAKIRKÖY,40.98820411 , 28.87195627
KAVŞAK-REFÜJ,EDİRNEKAPI KAVŞAĞI-VATAN CADDESİ KAVŞAĞI ARASI ORTA VE YAN REFÜJ,BAKIRKÖY,41.02945319 , 28.93378258
KAVŞAK-REFÜJ,ATATÜRK CADDESİ,FATİH,41.01420725 , 28.95407617
KAVŞAK-REFÜJ,EDİRNEKAPI SUR DİPLERİ,FATİH,41.02945319 , 28.93378258
KAVŞAK-REFÜJ,FEVZİPAŞA CADDESİ,FATİH,41.01830745 , 28.94891024
KAVŞAK-REFÜJ,ULUBATLI HASAN KAVŞAĞI,FATİH,41.02573815 , 28.92934620
KAVŞAK-REFÜJ,MİLLET CADDESİ,FATİH,41.01791484 , 28.92798364
KAVŞAK-REFÜJ,VATAN CADDESİ,FATİH,41.02332610 , 28.93138468
KAVŞAK-REFÜJ,VATAN CADDESİ KAVŞAĞI,FATİH,41.02887045 , 28.92463624
KAVŞAK-REFÜJ,10. YIL CADDESİ,ZEYTİNBURNU,41.00624898 , 28.92107964
KAVŞAK-REFÜJ,TOPKAPI KAVŞAĞI VE ÇEVRESİ,ZEYTİNBURNU,41.01891861 , 28.92245293
KAVŞAK-REFÜJ,VATAN CADDESİ KAVŞAĞI-OSMANİYE KAVŞAĞI ARASI ORTA VE YAN REFÜJ,ZEYTİNBURNU,41.01935573 , 28.91628385
KAVŞAK-REFÜJ,OSMANİYE KAVŞAĞI,ZEYTİNBURNU,41.01347056 , 28.90475571
KAVŞAK-REFÜJ,OSMANİYE KAVŞAĞI-İNCİRLİ KAVŞAĞI ARASI ORTA VE YAN REFÜJ,ZEYTİNBURNU,41.00475113 , 28.89363527
KAVŞAK-REFÜJ,SARAYBURNU YENIKAPI ARASI KARA VE SAHİL TARAFI YEŞİL ALANLAR,FATİH,41.00708695 , 28.98551702
KAVŞAK-REFÜJ,YEDİKULE KAVŞAĞI,ZEYTİNBURNU,40.98881110 , 28.91898751
KAVŞAK-REFÜJ,NUR-U OSMANİYE CADDESİ ,FATİH,41.01022824 , 28.97310913
KAVŞAK-REFÜJ,ADNAN MENDERES VATAN BULVARI NO:19 ÖNÜ,FATİH,41.02031091 , 28.93410981
KAVŞAK-REFÜJ,TEM HADIMKÖY KAVŞAK - ÇATALCA KAVŞAK ARASI,ARNAVUTKÖY,41.10439790 , 28.58827972
KAVŞAK-REFÜJ,TEM TAHTAKALE KÖPRÜSÜ - TEM ISPARTAKULE VİYADÜK ARASI,BAŞAKŞEHİR,41.05667664 , 28.71123648
KAVŞAK-REFÜJ,BAHÇEŞEHİR KÖPRÜLÜ KAVŞAĞI,BAŞAKŞEHİR,41.04692562 , 28.69003630
KAVŞAK-REFÜJ,TEM ISPARTAKULE VİYADÜK - TEM AVCILAR KAVŞAK ARASI,BAŞAKŞEHİR / AVCILAR,41.05672195 , 28.68818235
KAVŞAK-REFÜJ,TEM AVCILAR KAVŞAK,BAŞAKŞEHİR / AVCILAR,41.05605855 , 28.68301105
KAVŞAK-REFÜJ,BAHÇEŞEHİR KÖPRÜLÜ KAVŞAĞI - ESENYURT KÖPRÜLÜ KAVŞAK ARASI,BAŞAKŞEHİR / ESENYURT,41.04313875 , 28.69068861
KAVŞAK-REFÜJ,TEM KUMBURGAZ KAVŞAĞI,BÜYÜKÇEKMECE,41.05890302 , 28.46567917
KAVŞAK-REFÜJ,TEM KUMBURGAZ KAVŞAK - E5 KUMBURGAZ ARASI,BÜYÜKÇEKMECE,41.04971224 , 28.46945572
KAVŞAK-REFÜJ,TEM ÇATALCA KAVŞAK,ÇATALCA,41.08923968 , 28.50818682
KAVŞAK-REFÜJ,TEM ÇATALCA - TEM KUMBURGAZ ARASI,ÇATALCA,41.07155443 , 28.50719547
KAVŞAK-REFÜJ,ESENYURT KÖPRÜLÜ KAVŞAK,ESENYURT,41.03086064 , 28.68743992
KAVŞAK-REFÜJ,TEM HADIMKÖY KAVŞAK,ESENYURT,41.08756743 , 28.63560677
KAVŞAK-REFÜJ,"ESENYURT KÖPRÜLÜ KAVŞAK - HARAMİDERE TEM BAĞLANTI
YOLU KATILIM YOLLARI KAVŞAĞI ARASI",ESENYURT / AVCILAR,41.02437916 , 28.68201542
KAVŞAK-REFÜJ,HARAMİDERE TEM BAĞLANTI YOLU KATILIM YOLLARI KAVŞAĞI,ESENYURT / AVCILAR,41.01774161 , 28.67883968
KAVŞAK-REFÜJ,"HARAMİDERE TEM BAĞLANTI YOLU KATILIM YOLLARI KAVŞAĞI -
E5 HARAMİDERE KAVŞAĞI ARASI",ESENYURT / AVCILAR,41.01261891 , 28.67865086
KAVŞAK-REFÜJ,TEM AVCILAR KAVŞAK - TEM HADIMKÖY KAVŞAK ARASI,ESENYURT / BAŞAKŞEHİR,41.06376974 , 28.65260983
KAVŞAK-REFÜJ,TEM HADIMKÖY KAVŞAK - E5 HADIMKÖY ARASI,ESENYURT / BÜYÜKÇEKMECE,41.06691479 , 28.62084389
KAVŞAK-REFÜJ,TEM MAHMUTBEY GİŞELER - TEM TAHTAKALE KÖPRÜSÜ ARASI,KÜÇÜKÇEKMECE,41.06226834 , 28.77606869
KAVŞAK-REFÜJ,TEM KUMBURGAZ - SELİMPAŞA KAVŞAK ARASI,SİLİVRİ,41.05065727 , 28.44015312
KAVŞAK-REFÜJ,TEM SELİMPAŞA KAVŞAK,SİLİVRİ,41.07013734 , 28.38511848
KAVŞAK-REFÜJ,TEM SELİMPAŞA KAVŞAK - E5 ARASI,SİLİVRİ,41.06466926 , 28.37950087
KAVŞAK-REFÜJ,TEM SELİMPAŞA KAVŞAK - TEM SİLİVRİ KAVŞAK ARASI,SİLİVRİ,41.08529064 , 28.36818157
KAVŞAK-REFÜJ,TEM SİLİVRİ KAVŞAK,SİLİVRİ,41.11142442 , 28.26549196
KAVŞAK-REFÜJ,TEM SİLİVRİ KAVŞAK - E5 SİLİVRİ ARASI,SİLİVRİ,41.09707957 , 28.25403786
KAVŞAK-REFÜJ,TEM SİLİVRİ KAVŞAK - TEM KINALI ARASI,SİLİVRİ,41.12201288 , 28.22652912
KAVŞAK-REFÜJ,TEM KINALI KAVŞAK,SİLİVRİ,41.11957526 , 28.18660069
KAVŞAK-REFÜJ,TEM KINALI KAVŞAK - E5 KINALI ARASI,SİLİVRİ,41.09688876 , 28.14948750
KAVŞAK-REFÜJ,TEM KINALI KAVŞAK - ÇERKEZKÖY KAVŞAK ARASI,SİLİVRİ,41.15579403 , 28.14161682
KAVŞAK-REFÜJ,TEM ÇERKEZKÖY KAVŞAK,SİLİVRİ,41.19203155 , 28.08520031
KAVŞAK-REFÜJ,ÇATALCA ÇAKIL KAVŞAĞI,ÇATALCA,41.13081537 , 28.47339749
KAVŞAK-REFÜJ,ÇATALCA AHMEDİYE KAVŞAĞI,ÇATALCA,41.08716311 , 28.51485372
KAVŞAK-REFÜJ,ÇATALCA AHMEDİYE KAVŞAĞI - ÇATALCA KUZEY MARMARA OTOYOLU BAĞLANTI KAVŞAĞI ARASI ORTA VE YAN REFÜJLER,ÇATALCA,41.10338251 , 28.50780487
KAVŞAK-REFÜJ,ÇATALCA ÇAKIL KAVŞAĞI - ÇATALCA ARASI ORTA VE YAN REFÜJLER,ÇATALCA,41.13255277 , 28.47091913
KAVŞAK-REFÜJ,ÇATALCA KUZEY MARMARA OTOYOLU BAĞLANTI KAVŞAĞI – ÇAKIL KAVŞAĞI ARASI ORTA VE YAN REFÜJLER,ÇATALCA,41.11812687 , 28.49606752
KAVŞAK-REFÜJ,ÇATALCA KUZEY MARMARA OTOYOLU BAĞLANTI KAVŞAĞI,ÇATALCA,41.11052876 , 28.50394249
KAVŞAK-REFÜJ,D100 MİMARSİNAN KAVŞAĞI - ÇATALCA AHMEDİYE KAVŞAĞI ARASI ORTA VE YAN REFÜJLER  ,ÇATALCA,41.06336851 , 28.53235245
KAVŞAK-REFÜJ,İNÖNÜ STADI ETRAFI,BEŞİKTAŞ,41.04024099 , 28.99317741
KAVŞAK-REFÜJ,BEŞİKTAŞ-BEBEK ORTA VE YAN REFÜJLER,BEŞİKTAŞ,41.07597862 , 29.04313087
KAVŞAK-REFÜJ,KARAKÖY-FINDIKLI ORTA VE YAN REFÜJLER,BEŞİKTAŞ,41.03136324 , 28.98911119
KAVŞAK-REFÜJ,BEŞİKTAŞ SAHİL-DOLMABAHÇE ORTA VE YAN REFÜJLER,BEŞİKTAŞ,41.04060514 , 29.00021553
KAVŞAK-REFÜJ,BARBAROS BULVARI BAĞLANTI YOLU,BEŞİKTAŞ,41.05445747 , 29.01133597
KAVŞAK-REFÜJ,BARBAROS BULVARI,BEŞİKTAŞ,41.05472445 , 29.00941014
KAVŞAK-REFÜJ,TURABİ BABA-BAHARİYE CADDESİ ,BEYOĞLU,41.03201879 , 28.96621853
KAVŞAK-REFÜJ,PERŞEMBE PAZARI ,BEYOĞLU,41.02369371 , 28.97041954
KAVŞAK-REFÜJ,BİZANS ÇÖPLÜĞÜ-DOLAPDERE ORTA REFÜJ-İPLİKÇİ KAVŞAĞI,BEYOĞLU,41.04222760 , 28.98358047
KAVŞAK-REFÜJ,TARLABAŞI-AZAPKAPI,BEYOĞLU,41.03619071 , 28.97899389
KAVŞAK-REFÜJ,KASIMPAŞA STADI ETRAFI,BEYOĞLU,41.03347151 , 28.97421956
KAVŞAK-REFÜJ,GÜMÜŞSUYU-İTÜ YAMAÇLAR,BEYOĞLU,41.03828669 , 28.99284482
KAVŞAK-REFÜJ,PİYALEPAŞA BULVARI,BEYOĞLU,41.04338474 , 28.96733165
KAVŞAK-REFÜJ,DOLMABAHÇE YAMAÇLAR,ŞİŞLİ,41.03981210 , 28.99554312
KAVŞAK-REFÜJ,ÇAĞLAYAN BAĞ. YOL.-A.HÜRRİYET ORTA REFÜJ,ŞİŞLİ,41.06751013 , 28.98449242
KAVŞAK-REFÜJ,CUMHURİYET CADDESİ,ŞİŞLİ,41.04474010 , 28.98646653
KAVŞAK-REFÜJ,KADIRGALAR CADDESİ,ŞİŞLİ,41.04624109 , 28.99134815
KAVŞAK-REFÜJ,BOĞAZİÇİ KÖPRÜSÜ-ZİNCİRLİKUYU KAVŞAĞI ARASI,BEŞİKTAŞ,41.06251507 , 29.01525736
KAVŞAK-REFÜJ,ZİNCİRLİKUYU KAVŞAĞI,BEŞİKTAŞ,41.06677404 , 29.01211381
KAVŞAK-REFÜJ,HALICIOĞLU KAVŞAĞI,BEYOĞLU,41.04810202 , 28.94435145
KAVŞAK-REFÜJ,OKMEYDANI KAVŞAĞI-HALICIOĞLU KAVŞAĞI ARASI,BEYOĞLU,41.05140302 , 28.94952253
KAVŞAK-REFÜJ,ÇAĞLAYAN KAVŞAĞI,ŞİŞLİ,41.06785795 , 28.97802830
KAVŞAK-REFÜJ,ÇAĞLAYAN KAVŞAĞI-OKMEYDANI KAVŞAĞI ARASI,KAĞITHANE,41.05900010 , 28.96488547
KAVŞAK-REFÜJ,OKMEYDANI KAVŞAĞI,KAĞITHANE,41.05517308 , 28.96031527
KAVŞAK-REFÜJ,ZİNCİRLİKUYU KAVŞAĞI-ÇAĞLAYAN KAVŞAĞI ARASI,ŞİŞLİ,41.06733218 , 28.98878932
KAVŞAK-REFÜJ,DARÜLACEZE-SSK ÖNÜ,ŞİŞLİ,41.06038346 , 28.96691322
KAVŞAK-REFÜJ,AŞİYAN-BALTALİMANI ARASI ORTA VE YAN  REFÜJ,BEŞİKTAŞ,41.08146193 , 29.05432642
KAVŞAK-REFÜJ,FSM-LEVENT BAĞLANTISI ARASI ORTA VE YAN REFÜJ,BEŞİKTAŞ,41.09087468 , 29.02020872
KAVŞAK-REFÜJ,SABANCI KAVŞAĞI,BEŞİKTAŞ,41.08418724 , 29.00916338
KAVŞAK-REFÜJ,VADİ İSTANBUL,KAĞITHANE,41.10652728 , 28.98838699
KAVŞAK-REFÜJ,BAHÇEKÖY BAĞLANTI YOLLARI,SARIYER,41.17353815 , 28.99033159
KAVŞAK-REFÜJ,BALTALİMANI ÇAYIRBAŞI ARASI ORTA VE YAN REFÜJLER,SARIYER,41.12724748 , 29.07000124
KAVŞAK-REFÜJ,BALTALİMANI TEM BAĞLANTI KAVŞAĞI,SARIYER,41.09178435 , 29.04748678
KAVŞAK-REFÜJ,BALTALİMANI-LEVENT BAĞLANTI YOLU,SARIYER,41.09361577 , 29.02540684
KAVŞAK-REFÜJ,CUMHURBAŞKANLIĞI GİRİŞİ,SARIYER,41.12861122 , 29.06039625
KAVŞAK-REFÜJ,DARÜŞŞAFAKA CADDESİ,SARIYER,41.12428554 , 29.03083563
KAVŞAK-REFÜJ,İSTİNYE ABC YOLLARI,SARIYER,41.12712121 , 29.03720587
KAVŞAK-REFÜJ,İSTİNYE BAYIRI CADDESİ ORTA VE YAN REFÜJ,SARIYER,41.11177160 , 29.03925776
KAVŞAK-REFÜJ,SARIYER TÜNELİ BAĞLANTI YOLLARI,SARIYER,41.15749361 , 29.02653873
KAVŞAK-REFÜJ,TARABYA BAYIRI CADDESİ,SARIYER,41.13586776 , 29.03917525
KAVŞAK-REFÜJ,ZİNCİRLİKUYU - AKMERKEZ YOLU ARASI ORTA VE YAN REFÜJ,SARIYER,41.07349561 , 29.02294993
KAVŞAK-REFÜJ,ZİNCİRLİKUYU - HACIOSMAN ARASI ORTA VE  YAN REFÜJ,SARIYER,41.08397698 , 29.00882006
KAVŞAK-REFÜJ,ZİNCİRLİKUYU-AKMERKEZ ARASI,SARIYER,41.07349561 , 29.02294993
KAVŞAK-REFÜJ,BAHÇEKÖY CADDESİ ORTA REFÜJ,SARIYER,41.17353815 , 28.99033159
KAVŞAK-REFÜJ,KEMERBURGAZ OTOYOLU ORTA VE YAN REFÜJ,EYÜPSULTAN,41.13813640 , 28.92056465
KAVŞAK-REFÜJ,HASDAL KAVŞAĞI ,EYÜPSULTAN,41.09655888 , 28.96399498
KAVŞAK-REFÜJ,SELANİK VE İSTANBUL CADDESİ ORTA VE YAN REFÜJ,EYÜPSULTAN,41.17078829 , 28.90414953
KAVŞAK-REFÜJ,FSM KÖPRÜSÜ-GİŞELER ARASI ORTA VE YAN REFÜJ,SARIYER,41.09103236 , 29.05053377
KAVŞAK-REFÜJ,GİŞELER-HARB AKAKADEMİLERİ ARASI ORTA VE YAN REFÜJ,SARIYER,41.09256463 , 29.03024554
KAVŞAK-REFÜJ,HARB AKADEİLERİ.-HASDAL KAVŞAĞI ARASI ORTA VE YAN REFÜJ,SARIYER,41.10196771 , 28.99082780
KAVŞAK-REFÜJ,HARP AKADEMİLERİ KAVŞAĞI,SARIYER,41.09959888 , 29.00783300
KAVŞAK-REFÜJ,ZEKERİYAKÖY-KUMKÖY CADDESİ ORTA VE YAN REFÜJ ,SARIYER,41.20853353 , 29.02625793
KAVŞAK-REFÜJ,A 0 KAVŞAĞI ,BAŞAKŞEHİR,41.06614310 , 28.81118417
KAVŞAK-REFÜJ,BAHÇEŞEHİR ISPARTAKULE CADDESİ YAMAÇ-CAMİ ÖNÜ,BAŞAKŞEHİR,41.07686423 , 28.69442225
KAVŞAK-REFÜJ,YAŞAR DOĞU BULVARI,BAŞAKŞEHİR,41.07347135 , 28.81396294
KAVŞAK-REFÜJ,MASKO ÖNÜ YAMAÇLAR,BAŞAKŞEHİR,41.06537464 , 28.78713012
KAVŞAK-REFÜJ,İKİTELLİ KAVŞAĞI,BAŞAKŞEHİR,41.06145534 , 28.81163478
KAVŞAK-REFÜJ,ATATÜRK BULVARI,BAŞAKŞEHİR,41.07712708 , 28.80886674
KAVŞAK-REFÜJ,BAŞAKŞEHİR HÜRRİYET BULVARI,BAŞAKŞEHİR,41.10884736 , 28.79542351
KAVŞAK-REFÜJ,FATİH TERİM YOLU HABİBLER BAĞLANTI YOLU,BAŞAKŞEHİR,41.12632214 , 28.80672097
KAVŞAK-REFÜJ,KAYABAŞI MAHALLESİ 11.12.13.14.15.16.17. ETAPLARI,BAŞAKŞEHİR,41.12533618 , 28.79645348
KAVŞAK-REFÜJ,SÜTLÜCE ORTA VE YAN REFÜJ,BEYOĞLU,41.05470018 , 28.94901216
KAVŞAK-REFÜJ,HASKÖY TÜNEL GİRİŞİ,BEYOĞLU,41.03945199 , 28.95432830
KAVŞAK-REFÜJ,AYVANSARAY KAVŞAĞI,EYÜPSULTAN,41.03934679 , 28.93751621
KAVŞAK-REFÜJ,EYÜP BULVARI,EYÜPSULTAN,41.04622288 , 28.93248439
KAVŞAK-REFÜJ,M. FEVZİ ÇAKMAK CAD. - FSM BULVARI ARASI,EYÜPSULTAN,41.04622288 , 28.93248439
KAVŞAK-REFÜJ,AKŞEMSETTİN BULVARI,EYÜPSULTAN,41.08230298 , 28.91668618
KAVŞAK-REFÜJ,FESHANE ALİBEYKÖY MERKEZ ARASI ORTA VE YAN REFUJ,EYÜPSULTAN,41.04330382 , 28.93762350
KAVŞAK-REFÜJ,NURTEPE VİYADÜK ÇEVRESİ,EYÜPSULTAN,41.08210889 , 28.96107137
KAVŞAK-REFÜJ,KAZIM KARABEKİR CAD.- SÜNNET KÖPRÜSÜ ARASI,EYÜPSULTAN,41.06416 , 28.95073
KAVŞAK-REFÜJ,ATATÜRK BULVARI(EYÜP İLÇESİ),EYÜPSULTAN,41.08627360 , 28.94275188
KAVŞAK-REFÜJ,AYVANSARAY HASTANE ÖNÜ ORTA VE YAN REFÜJ,FATİH,41.03846068 , 28.94503444
KAVŞAK-REFÜJ,CİBALİ ORTA REFÜJ,FATİH,41.02439454 , 28.95974100
KAVŞAK-REFÜJ,SİRKECİ-UNKAPANI ARASI ORTA VE YAN REFÜJ,FATİH,41.01646178 , 28.97641361
KAVŞAK-REFÜJ,UNKAPANI KAVŞAĞI,FATİH,41.02231835 , 28.96092117
KAVŞAK-REFÜJ,ALİBEYKÖY - KÜÇÜKKÖY ARASI ORTA VE YAN REFÜJ,GAZİOSMANPAŞA,41.07434486 , 28.94168973
KAVŞAK-REFÜJ,KAĞITHANE SADABAT TÜNEL ÇIKIŞI,KAĞITHANE,41.06432709 , 28.95358801
KAVŞAK-REFÜJ,SADABAT ORTA VE YAN REFÜJ,KAĞITHANE,41.06668102 , 28.96008432
KAVŞAK-REFÜJ,HASDAL-OKMEY.ORT.REFÜJ,KAĞITHANE / EYÜP,41.09539055 , 28.96347463
KAVŞAK-REFÜJ,TEK LOJMANLARI ÇEVRESİ,KAĞITHANE,41.09594036 , 28.96042764
KAVŞAK-REFÜJ,T6A HASDAL KAVŞAĞI - OKMEYDANI KAVŞAĞI ARASI,KAĞITHANE,41.06183960 , 28.95888805
KAVŞAK-REFÜJ,T6B HASDAL KAVŞAĞI - OKMEYDANI KAVŞAĞI ARASI,KAĞITHANE,41.07101251 , 28.95705342
KAVŞAK-REFÜJ,T6C HASDAL KAVŞAĞI - OKMEYDANI KAVŞAĞI ARASI,KAĞITHANE,41.05828010 , 28.95665646
KAVŞAK-REFÜJ,METRİS KAVŞAĞI HAL KAVŞAĞI ARASI YAN VE ORTA REFUJ,BAYRAMPAŞA,41.07078604 , 28.87894750
KAVŞAK-REFÜJ,METRİS KAVŞAĞI,SULTANGAZİ / GOP,41.08003453 , 28.87220442
KAVŞAK-REFÜJ,15 TEMMUZ OTOGAR KAVŞAĞI VE ORA AVM ÖNÜ,BAYRAMPAŞA / ESENLER,41.04338878 , 28.88573885
KAVŞAK-REFÜJ,METRİS KAVŞAĞI İKİTELLİ KAVŞAĞI ARASI YAN VE ORTA REFUJ,ESENLER / BAĞCILAR,41.07306694 , 28.86785924
KAVŞAK-REFÜJ,GİYİMKENT-BATIŞEHİR-MAHMUTBEY-İSTOÇ ARASI ORTA VE YAN REFUJ,ESENLER / BAĞCILAR,41.06556878 , 28.84370327
KAVŞAK-REFÜJ,ASKERİ KUŞAKLAMA YOLU,SULTANGAZİ,41.10033460 , 28.85552645
KAVŞAK-REFÜJ,ESENLER İPEKYOLU CADDESİ,ESENLER,41.05975650 , 28.87217224
KAVŞAK-REFÜJ,ESENLER KÖPRÜLÜ KAVŞAK,ESENLER,41.04527820 , 28.88423145
KAVŞAK-REFÜJ,ESENLER KAVŞAĞI VATAN KAVŞAĞI ARASI,BAYRAMPAŞA / ESENLER,41.04502736 , 28.89127493
KAVŞAK-REFÜJ,GİYİMKENT ANA ARTERLER VE VADİ CADDESİ,ESENLER,41.06715422 , 28.87101352
KAVŞAK-REFÜJ,HAL KAVŞAĞI,BAYRAMPAŞA,41.05606340 , 28.88660252
KAVŞAK-REFÜJ,HAL YOLU,BAYRAMPAŞA,41.05168238 , 28.88584614
KAVŞAK-REFÜJ,İSTOÇ YOLU VE BATI KAVŞAĞI (70 LİK YOL),ESENLER,41.06949591 , 28.83358061
KAVŞAK-REFÜJ,MAHMUTBEY DOĞU KAVŞAĞI ESENLER KAVŞAĞI ARASI,ESENLER,41.05509256 , 28.85686219
KAVŞAK-REFÜJ,O3 ORTA REFÜJ,BAYRAMPAŞA / ESENLER,41.05267349 , 28.86780560
KAVŞAK-REFÜJ,HASDAL KAVŞAĞI GAZİOSMANPAŞA KAVŞAĞI ARASI YAN VE ORTA REFUJ,GAZİOSMANPAŞA,41.09220077 , 28.93899679
KAVŞAK-REFÜJ,GAZİOSMANPAŞA KAVŞAĞI,GAZİOSMANPAŞA,41.09122238 , 28.90606999
KAVŞAK-REFÜJ,DAVUTPAŞA ORTA REFUJ,BAYRAMPAŞA / GÜNGÖREN,41.03586700 , 28.89410734
KAVŞAK-REFÜJ,ARNAVUTKÖY HABİBLER ARASI YAN VE ORTA REFÜJ,SULTANGAZİ,41.12751417 , 28.83287787
KAVŞAK-REFÜJ,MEVLANA CADDESİ ,SULTANGAZİ,41.08825882 , 28.87281060
KAVŞAK-REFÜJ,BOĞAZKÖY-BOLLUCA ORTA REFÜJ,ARNAVUTKÖY,41.17883970 , 28.77701819
KAVŞAK-REFÜJ,GAZİOSMANPAŞA KAVŞAĞI- METRİS KAVŞAĞI ARASI,GAZİOSMANPAŞA,41.09152156 , 28.89502466
KAVŞAK-REFÜJ,GİYİMKENT CADDESİ TEM KUZEY YAN YOL ARASI KAVŞAK,ESENLER,41.06842416 , 28.85876119
KAVŞAK-REFÜJ,LÜTFİ AYKAÇ BULVARI (VEGA AVM ÖNÜ) KAVŞAK,SULTANGAZİ,41.09409889 , 28.90340656
KAVŞAK-REFÜJ,ŞAMLAR MAHALLESİ İSTİKLAL CADDESİ,BAŞAKŞEHİR,41.14912854 , 28.78122389
KAVŞAK-REFÜJ,AVCILAR VATAN HASTAHANESİ KAVŞAĞI,AVCILAR,40.97921 , 28.74928
KAVŞAK-REFÜJ,AVCILAR KAVŞAĞI,AVCILAR,40.98610 , 28.72315
KAVŞAK-REFÜJ,AMBARLI KAVŞAĞI,AVCILAR,40.98610 , 28.72310
KAVŞAK-REFÜJ,AVCILAR FİRÜZKÖY ORTA REFÜJ,AVCILAR / ESENYURT,40.98610 , 28.72315
KAVŞAK-REFÜJ,HARAMİDERE KAVŞAĞI,BEYLİKDÜZÜ,40.98610 , 28.72315
KAVŞAK-REFÜJ,GÜRPINAR KAVŞAĞI,BEYLİKDÜZÜ,41.02117 , 28.62775
KAVŞAK-REFÜJ,HARAMİDERE KAVŞAĞI BİZMKENT KAVŞAĞI ARASI ,BEYLİKDÜZÜ,41.00616 , 28.67197
KAVŞAK-REFÜJ,ATATÜRK BULVARI VE CEP PARKI (BEYLİKDÜZÜ),BEYLİKDÜZÜ,41.01316825579672 , 28.643236212707347
KAVŞAK-REFÜJ,YAVUZ SULTAN SELİM BULVARI (BEYKENT),BEYLİKDÜZÜ,41.0142945612691 , 28.625988718617222
KAVŞAK-REFÜJ,BİZİMKENT KAVŞAĞI,BEYLİKDÜZÜ,41.01413770823214 , 28.64343992097971
KAVŞAK-REFÜJ,BİZİMKENT KAVŞAĞI GÜRPINAR KAVŞAĞI ARASI ,BEYLİKDÜZÜ,41.01746696992623 , 28.63618726332153
KAVŞAK-REFÜJ,HARAMİDERE KAVŞAGI-AMBARLI LİMANI ARASI (KUMCULAR YOLU ),BEYLİKDÜZÜ / AVCILAR,41.00130097681282 , 28.677050913249555
KAVŞAK-REFÜJ,HARAMİDERE KAVŞAGI - AVCILAR DOLUM TESİSLERİ ARASI (SARI ZEYBEK CAD.),BEYLİKDÜZÜ / AVCILAR,40.98850949307557 , 28.692741669223178
KAVŞAK-REFÜJ,GÜRPINAR KAVŞAĞI-M.SİNAN KAVŞAĞI ARASI,BEYLİKDÜZÜ / BÜYÜKÇEKMECE,41.025233699962456 , 28.619767907260435
KAVŞAK-REFÜJ,MİMAR SİNAN KAVŞAĞI,BÜYÜKÇEKMECE,41.01788359171303 , 28.563575362336056
KAVŞAK-REFÜJ,MİMAR SİNAN KAVŞAĞI-E 5 KUMBURGAZ KAVŞAĞI,BÜYÜKÇEKMECE,41.013316460352364 , 28.543124178873153
KAVŞAK-REFÜJ,KUMBURGAZ KAVŞAĞI-ORTAKÖY KAVŞAĞI ARASI,BÜYÜKÇEKMECE,41.037832746811944 , 28.435927414131022
KAVŞAK-REFÜJ,KUMBURGAZ KAVŞAĞI,BÜYÜKÇEKMECE,41.02930477307622 , 28.459684587913536
KAVŞAK-REFÜJ,ORTAKÖY KAVŞAĞI,SİLİVRİ,41.05910481569578 , 28.36895875182484
KAVŞAK-REFÜJ,ORTAKÖY KAVŞAĞI-E 5 PARKKÖY KAVŞAĞI ARASI,SİLİVRİ,41.060406856614 , 28.34898492735113
KAVŞAK-REFÜJ,PARKKÖY KAVŞAĞI,SİLİVRİ,41.06857007793437 , 28.29741003068141
KAVŞAK-REFÜJ,PARKKÖY KAVŞAĞI-E5 SİLİVRİ KAVŞAĞI ARASI,SİLİVRİ,41.070879673237435 , 28.28054077912245
KAVŞAK-REFÜJ,SİLİVRİ KAVŞAĞI,SİLİVRİ,41.079286707599394 , 28.239016513986478
KAVŞAK-REFÜJ,SİLİVRİ KAVŞAĞI-E5 ALİPAŞA KAVŞAĞI ARASI,SİLİVRİ,41.08018338535145 , 28.23269851100333
KAVŞAK-REFÜJ,ALİPAŞA KAVŞAĞI,SİLİVRİ,41.08147541876139 , 28.21122269023363
KAVŞAK-REFÜJ,ALİPAŞA KAVŞAĞI-E5 KINALI KAVŞAĞI ARASI,SİLİVRİ,41.08137334164129 , 28.216798484093218
KAVŞAK-REFÜJ,ADİLE NAŞİT BULVARI,ESENYURT,41.02010044 ,"
 28.68448332"
KAVŞAK-REFÜJ,İSKELE CADDESİ,AVCILAR,40.97195186 , 28.71637881
KAVŞAK-REFÜJ,AVCILAR VATAN HASTAHANESİ KAVŞAĞI-AVCILAR KAVŞAĞI ARASI,AVCILAR,40.97843405 , 28.73487264
KAVŞAK-REFÜJ,AVCILAR KAVŞAĞI-AMBARLI KAVŞAĞI ARASI,AVCILAR,40.99194921 , 28.71133089
KAVŞAK-REFÜJ,AMBARLI KAVŞAĞI-HARAMİDERE KAVŞAĞI ARASI,AVCILAR,41.00065414 , 28.68969619
KAVŞAK-REFÜJ,DENİZ YOLU CADDESİ YAN REFÜJLER,BEYLİKDÜZÜ,40.96383861 , 28.61086071
KAVŞAK-REFÜJ,AMBARLI CADDESİ- LİMAN CADDESİ KESİSİMİ YOL KAVŞAĞI,BEYLİKDÜZÜ,40.99957924 , 28.67691010
KAVŞAK-REFÜJ,BEHÇET KEMAL ÇAĞLAR CADDESİ ORTA REFÜJ VE KAVŞAK,BÜYÜKÇEKMECE,41.04249058 , 28.60313326
KAVŞAK-REFÜJ,RIFAT ILGAZ CADDESİ,BEYLİKDÜZÜ,40.99339066 , 28.65412475
KAVŞAK-REFÜJ,FLORYA KAVŞAĞI-KÜÇÜK ÇEKMECE GÖLÜ ARASI ORTA VE YAN REFÜJ,AVCILAR / KÜÇÜKÇEKMECE,40.98549660 , 28.76836924
KAVŞAK-REFÜJ,GÜNEŞLİ - HALKALI KAVŞAĞI ARASI ORTA VE YAN REFÜJ,BAĞCILAR,41.03802080 , 28.81067203
KAVŞAK-REFÜJ,GÜNEŞLİ KAVŞAĞI,BAĞCILAR,41.02779014 , 28.81130605
KAVŞAK-REFÜJ,TAŞ OCAĞI CADDESİ ORTA REFÜJ,BAĞCILAR,41.06019567 , 28.82480906
KAVŞAK-REFÜJ,KEMALSUNAL CADDESİ ORTA REFÜJ (TAVUKCU DERESİ),BAĞCILAR,41.01951700 , 28.84867855
KAVŞAK-REFÜJ,ÇOBANÇEŞME KAVŞAĞI,BAHÇELİEVLER,40.99399974 , 28.81987890
KAVŞAK-REFÜJ,TEM GİŞE YAMAÇLAR ,BAŞAKŞEHİR,41.06305225 , 28.78481757
KAVŞAK-REFÜJ,MAHMUTBEY KÖPRÜSÜ BÖLGE İDARE MAHKEMESİ ÖNÜ,ESENLER,41.06332344 , 28.82552354
KAVŞAK-REFÜJ,SEFAKÖY MALAZGİRT CADDESİ ORTA REFÜJ,KÜÇÜKÇEKMECE,41.00790737 , 28.80809762
KAVŞAK-REFÜJ,HALKALI 4 CADDE ORTA VE YAN REFÜJ,KÜÇÜKÇEKMECE,41.05052134 , 28.77426624
KAVŞAK-REFÜJ,MEHMET AKİF ERSOY CADDESİ ORTA VE YAN REFÜJ  (HALKALI),KÜÇÜKÇEKMECE,41.02695764 , 28.78636917
KAVŞAK-REFÜJ,HALKALI KAVŞAĞI,KÜÇÜKÇEKMECE,41.04620834 , 28.8085053
KAVŞAK-REFÜJ,HALKALI KAVŞAĞI İKİTELLİ KAVŞAĞI ARASI ORTA VE YAN REFÜJ,KÜÇÜKÇEKMECE,41.04264771 , 28.8092020
KAVŞAK-REFÜJ,SEBAHATTİN ZAİM ÜNİVERSİTESİ  ÖNÜ KAVŞAĞI,KÜÇÜKÇEKMECE,41.03260280 , 28.78957093
KAVŞAK-REFÜJ,TURGUT ÖZAL BULVARI ORTA VE YAN REFÜJ,KÜÇÜKÇEKMECE,41.04160201 , 28.75964415
KAVŞAK-REFÜJ,KUYUMCUKENT KAVŞAĞI,BAHÇELİEVLER,41.00018721 , 28.81852196
KAVŞAK-REFÜJ,SEFAKÖY KAVŞAĞI-GÜNEŞLİ KAVŞAĞI ARASI ORTA VE YAN REFÜJ,KÜÇÜKÇEKMECE,41.02115544 , 28.81191861
KAVŞAK-REFÜJ,SEFAKÖY KAVŞAĞI,KÜÇÜKÇEKMECE,41.01005090 , 28.81326278
KAVŞAK-REFÜJ,KÜÇÜKÇEKMECE HÜRRİYET BULVARI ORTA VE YAN REFÜJ,KÜÇÜKÇEKMECE,41.04678071 , 28.80260036
KAVŞAK-REFÜJ,HALKALI 222. CADDE ORTA VE YAN REFÜJ,KÜÇÜKÇEKMECE,41.04996114 , 28.79262025
KAVŞAK-REFÜJ,ADNAN KAHVECİ BULVARI ORTA REFÜJ,BAHÇELİEVLER,41.00275590 , 28.86478269
KAVŞAK-REFÜJ,MASLAK CADDESİ ORTA REFÜJ,BAĞCILAR,41.05422535 , 28.83625564
KAVŞAK-REFÜJ,İNÖNÜ CADDESİ ORTA REFÜJ,BAĞCILAR,41.04547375 , 28.83017398
KAMU,TEVFİK AYDENİZ SPOR SALONU,EYÜPSULTAN,41.08149104 , 28.93816209
KAMU,İBB LOJİSTİK DESTEK MERKEZİ BİNASI ,EYÜPSULTAN,41.09218622 , 28.92274046
KAMU,SİLAHTARAĞA YENİ CAMİİ,EYÜPSULTAN,41.06376387 , 28.94139066
KAMU,KAĞITHANE İETT,KAĞITHANE,41.06532813 , 28.95882905
KAMU,OSMANLI ARŞİVİ,KAĞITHANE,41.06865469 , 28.96528780
KAMU,YUVAMIZ İSTANBUL EYÜPSULTAN İSKİ GENEL MÜDÜRLÜĞÜ KREŞ BAHÇESİ,EYÜPSULTAN,41.08699633 , 28.96557212
KAMU,ARNAVUTKÖY TAŞOLUK MAHALLESİ KREŞ BAHÇESİ,ARNAVUTKÖY,41.19652996 , 28.72236013
KAMU,PROF. DR. ADEM BAŞTÜRK KÜLTÜR MERKEZİ,ESENLER,41.04022885 , 28.88406515
KAMU,ERDEM BEYAZIT KÜLTÜR MERKEZİ,GÜNGÖREN,41.02885022 , 28.87723088
KAMU,İBB BAYRAMPAŞA SPOR TESİSİ,BAYRAMPAŞA,41.04469560 , 28.91025960
KAMU,İBB ENERJİ YÖNETİMİ VE AYDINLATMA MÜDÜRLÜĞÜ BAHÇESİ,BAYRAMPAŞA,41.05890302 , 28.88976216
KAMU,HİDAYET TÜRKOĞLU SPOR KOMPLEKSİ ÇEVRESİ,BAYRAMPAŞA,41.06485693 , 28.88477862
KAMU,15 TEMMUZ DEMOKRASİ OTOGARI,BAYRAMPAŞA,41.04009938 , 28.89449358
KAMU,HAKKI BAŞAR SPOR KOMPLEKSİ,ESENLER,41.04542789 , 28.86624992
KAMU,ESENLER SPOR KOMPLEKSİ,ESENLER,41.05313062 , 28.87909234
KAMU,SBÜ GAZİOSMANPAŞA FİZİK TEDAVİ EĞİTİM VE ARAŞTIRMA HASTANESİ,GAZİOSMANPAŞA,41.08886529 , 28.90863955
KAMU,75. YIL YÜZME HAVUZU ÇEVRESİ,SULTANGAZİ,41.09564120 , 28.90205204
KAMU,CEBECİ SPOR KOMPLEKSİ,SULTANGAZİ,41.10668087 , 28.87650132
KAMU,HOCA AHMET YESEVİ KÜLTÜR MERKEZİ ,SULTANGAZİ,41.09775145 , 28.87654960
KAMU,HAMZA YERLİKAYA SPOR KOMPLEKSİ,SULTANGAZİ,41.08686391 , 28.87058437
KAMU,BARBOROS HAYRETTİN PAŞA GENÇLİK VE ÇOCUK ETKİNLİK MERKEZİ ,GAZİOSMANPAŞA,41.07659733 , 28.89915526
KAMU,YUVAMIZ İSTANBUL KREŞ BAHÇELERİ GÜNGÖREN KÜLTÜR MERKEZİ,GÜNGÖREN,41.19652996 , 28.72236013
KAMU,AVRUPA YAKASI YOL BAKIM VE ONARIM MÜDÜRLÜĞÜ 4.BÖLGE MÜDÜR YARDIMCILIĞI,ARNAVUTKÖY,41.17086703 , 28.76073450
KAMU,ESENLER NAMIK KEMAL MAHALLESİ  ÇOCUK ETKİNLİK MERKEZİ,ESENLER,41.03207140 , 28.89555037
KAMU,ARNAVUTKÖY-BOĞAZKÖY KÜLTÜR VE SPOR TESİSİ ,ARNAVUTKÖY,41.18634916 , 28.76458347
KAMU,İBB SULTANGAZİ AMBAR BİNASI VE ÇEVRESİ,SULTANGAZİ,41.12469166 , 28.84856343
KAMU,YUVAMIZ İSTANBUL AVCILAR KREŞ,AVCILAR,41.03261866610701 , 28.707221412866133
KAMU,AVCILAR MURAT KÖLÜK HASTANESİ,AVCILAR,40.98413372921986 , 28.731301516046646
KAMU,AVCILAR SOSYAL TESİSLER,AVCILAR,40.97639292906827 , 28.743777651769264
KAMU,İ.Ü AVCILAR SPOR KOMPLEKSİ,AVCILAR,40.99626911707103 , 28.721240841968026
KAMU,GÜRPINAR BALIK HALİ,BEYLİKDÜZÜ,40.967611 , 28.600417
KAMU,YUVAMIZ İSTANBUL BEYLİKDÜZÜ KREŞ,BEYLİKDÜZÜ,40.977202070282296 , 28.646347431261056
KAMU,BEYLİKDÜZÜ CEMEVİ,BEYLİKDÜZÜ,40.98073009681171 , 28.64542910897632
KAMU,GAZANFER BİLGE SPOR SALONU ,BÜYÜKÇEKMECE,41.026852023116106 , 28.59123698275573
KAMU,YUVAMIZ İSTANBUL ESENYURT KREŞ,ESENYURT,41.06751198453431 , 28.6352062245145
KAMU,TEPECİK ÇOCUK ETKİNLİK MERKEZİ,BÜYÜKÇEKMECE,41.03221910 , 28.55193257
KAMU,ESENYURT RMS -4 İSTASYON BAHÇESİ,ESENYURT,41.05204080 , 28.65482533
KAMU,ESENKENT DOĞA ENERJİ RMS İSTASYONU BAHÇESİ,ESENYURT,41.06489293 , 28.66640443
KAMU,AMBARLI RMS ve AMBARLI EUAŞ RMS İSTASYON BAHÇESİ,BEYLİKDÜZÜ,40.98590083 , 28.68318218
KAMU,İSTANBUL BÖLGE İDARE MAHKEMESİ BAHÇESİ,BAĞCILAR,41.06216318 , 28.82882237
KAMU,YENİBOSNA ÇEVRE KORUMA MÜDÜRLÜĞÜ BAHÇESİ ,BAHÇELİEVLER,40.99777962 , 28.82639766
KAMU,DR.ENVER ÖREN KÜLTÜR MERKEZİ BAHÇESİ,BAHÇELİEVLER,41.01319835 , 28.81908899
KAMU,İBB HALKALI KAPALI YÜZME HAVUZU BAHÇESİ,KÜÇÜKÇEKMECE,41.04494644 , 28.79888356
KAMU,YUVAMIZ İSTANBUL KÜÇÜKÇEKMECE SÖĞÜTLÜÇEŞME MAHALLESİ ÇOCUK ETKİNLİK MERKEZİ BAHÇESİ,KÜÇÜKÇEKMECE,41.02292543 , 28.78341258
KAMU,YUVAMIZ İSTANBUL BAHÇELİEVLER ZAFER MAHALLESİ ÇOCUK ETKİNLİK MERKEZİ BAHÇESİ,BAHÇELİEVLER,41.00389434 , 28.83471469
KAMU,YUVAMIZ İSTANBUL BAHÇELİEVLER KOCASİNAN MAHALLESİ ÇOCUK ETKİNLİK MERKEZİ BAHÇESİ,BAHÇELİEVLER,41.00763012 , 28.84378134
KAMU,YUVAMIZ İSTANBUL KÜÇÜKÇEKMECE CUMHURİYET MAHALLESİ ÇOCUK ETKİNLİK MERKEZİ BAHÇESİ,KÜÇÜKÇEKMECE,40.99643957 , 28.77268658
KAMU,YUVAMIZ İSTANBUL KÜÇÜKÇEKMECE HALKALI MERKEZ MAHALLESİ ÇOCUK ETKİNLİK MERKEZİ BAHÇESİ,KÜÇÜKÇEKMECE,41.02905458 , 28.79380882
KAMU,BAHÇELİEVLER KOCASİNAN İTFAİYE EĞİTİM MERKEZİ BAHÇESİ,BAHÇELİEVLER,41.01415868 , 28.83710504
KAMU,MAHMUTBEY İTFAİYE İSTASYONU BAHÇESİ,BAĞCILAR,41.05409951 , 28.82991049
KAMU,SELİMPAŞA KREŞ,SİLİVRİ,41.05322366 , 28.38421404
KAMU,YUVAMIZ İSTANBUL SİLİVRİ ALİBEY KREŞİ  ,SİLİVRİ,41.09220077 , 28.25760305
KAMU,KUMBURGAZ İTFAİYE İSTASYONU BAHÇESİ                ,BÜYÜKÇEKMECE,41.03977255 , 28.46785519
KAMU,ÇATALCA KALEİÇİ ÇOCUK ETKİNLİK MERKEZİ,ÇATALCA,41.14947997 , 28.46169233
KAMU,SİLİVRİ  RMS İSTASYON BAHÇESİ     ,SİLİVRİ,41.08624934 , 28.18997651
KAMU,ÇATALCA  RMS İSTASYON BAHÇESİ     ,ÇATALCA,41.12275401 , 28.49676490
KAMU,HADIMKÖY  RMS İSTASYON BAHÇESİ     ,ARNAVUTKÖY,41.13816872 , 28.59006822
KAMU,KEMERBURGAZ SAHİPSİZ HAYVAN GEÇİCİ BAKIMEVİ BAHÇESİ      ,EYÜPSULTAN,41.13765786294989 , 28.938937453639532
MEYDAN,BAKIRKÖY CUMHURİYET ( ÖZGÜRLÜK ) MEYDANI,BAKIRKÖY,40.98109883 , 28.87371182
MEYDAN,YENİKAPI MARMARAY,FATİH,41.00569842 , 28.95234883
MEYDAN,BEYAZIT MEYDANI,FATİH,41.01031324 , 28.96388233
MEYDAN,SULTAN AHMET  MEYDANI CAMİ BAHÇESİ VE ÇEVRESİ,FATİH,41.00732579 , 28.97808194
MEYDAN,ÇEMBERLİTAŞ MEYDANI,FATİH,41.00873048 , 28.97108406
MEYDAN,TAKSİM MEYDAN-ANIT,BEYOĞLU,41.03691602 , 28.98510665
MEYDAN,ŞİŞHANE MEYDANI,BEYOĞLU,41.02838888 , 28.96941304
MEYDAN,SALI PAZARI-KARAKÖY MEYDANI,BEYOĞLU,41.02223134 , 28.97722095
MEYDAN,MECİDİYEKÖY MEYDANI,ŞİŞLİ,41.06614917 , 28.99514347
MEYDAN,YEŞİLVADİ CADDESİ SAAT KULESİ VE ÇEVRESİ,BAŞAKŞEHİR,41.10384264 , 28.80477836
MEYDAN,BAĞCILAR MEYDANI,BAĞCILAR,41.03472871 , 28.85602658
MEYDAN,KÜÇÜKÇEKMECE CENNET MEYDAN PARKI,KÜÇÜKÇEKMECE,40.99039030 , 28.78326237
MEYDAN,SEYMEN MAHALLESİ MEYDANI,SİLİVRİ,41.15631829 , 28.17042053
PARK,23 NİSAN 100. YIL PARKI (AKBABA PARKI),BEYKOZ,41.15190355 , 29.11694795
PARK,ANADOLU FENERİ PARKI,BEYKOZ,41.21620888 , 29.15399596
PARK,BEYKOZ KANLICA PARKI,BEYKOZ,41.09996674 , 29.06574994
PARK,BEYKOZ NATO PARKI,BEYKOZ,41.12952643 , 29.09421355
PARK,BEYKOZ MERKEZ PARKI,BEYKOZ,41.13452851 , 29.09125641
PARK,PAŞABAHÇE ATATÜRK PARKI (Alan ölçme çalışması yapıldığında metraj bilgileri girilecektir.),BEYKOZ,41.11560504 , 29.09569144
PARK,PAŞABAHÇE SAHİL PARKI (Alan ölçme çalışması yapıldığında metraj bilgileri girilecektir.),,41.11642748 , 29.09373611
PARK,ŞEHİT ATİLLA TAPAN PARKI (Beykoz Belediyesinden devri beklenmektedir.),BEYKOZ,41.12641100 , 29.09721300
PARK,HZ. YUŞA TEPESİ,BEYKOZ,41.16220683 , 29.08486873
PARK,BOZHANE  PARKI,BEYKOZ,41.16496513 , 29.27179724
PARK,DEDEOĞLU PARKI,BEYKOZ,41.10718208 , 29.08727467
PARK,DERESEKİ PARKI,BEYKOZ,41.15073621 , 29.12464589
PARK,GÖLLÜ  PARKI,BEYKOZ,41.17552679 , 29.26922902
PARK,KILIÇLI  PARKI,BEYKOZ,41.15918185 , 29.29151684
PARK,KÜÇÜKSU ÇAYIRI,BEYKOZ,41.07981011 , 29.06693012
PARK,"MAHMUT ŞEVKET PAŞA  PARKI
",BEYKOZ,41.15333949 , 29.18793596
PARK,MUHTAR HAYRULLAH ERSAYIN PARKI (OTAĞTEPE PARKI),BEYKOZ,41.08881273 , 29.0771788
PARK,ÖRNEKKÖY  PARKI,BEYKOZ,41.13924338 , 29.14323360
PARK,PAŞAMANDIRA PARKI,BEYKOZ,41.18404796 , 29.25057024
PARK,POLONEZKÖY PARKI  ,BEYKOZ,41.11021957 , 29.20564190
PARK,POYRAZKÖY  PARKI,BEYKOZ,41.20617845 , 29.13676009
PARK,"YALIKÖY SAHİL PARKI(Alan ölçme çalışması yapıldığında 
metraj bilgileri girilecektir.)",BEYKOZ,41.13663146 , 29.08649683
PARK,POYRAZ  SEVGİ  PARKI,BEYKOZ,41.20332704 , 29.13231164
PARK,RİVA PARKI,BEYKOZ,29.21687633 , 41.22375440
PARK,SULTANİYE PARKI,BEYKOZ,41.12386124 , 29.09888864
PARK,ZERZEVATÇI  PARKI,BEYKOZ,41.12828191 , 29.15979356
PARK,ANADOLU HİSARI KALEİÇİ PARKI(RESTORASYON ÇALIŞMALARI),BEYKOZ,41.08228984 , 29.06676516
PARK,BURUNBAHÇE MESİRE ALANI( BURUNBAHÇE  PARKI ),BEYKOZ,41.08228984 , 29.06676516
PARK,BURUNBAHÇE MESİRE ALANI,BEYKOZ,41.11212525 , 29.08593625
PARK,ANADOLU KAVAĞI SAHİL PARKI(ANADOLU KAVAĞI AĞAÇLANDIRMA SAHASI),BEYKOZ,41.16915285 , 29.08487678
PARK,100.YIL PARKI,PENDİK,40.87871459 , 29.22199665
PARK,AHMET ERİŞEN PARKI,PENDİK,40.87506246 , 29.23203349
PARK,BOTAŞ PARKI,PENDİK,40.87999061 , 29.25146878
PARK,BOTAŞ PARKI -1  (PENDİK),PENDİK,40.88182793 , 29.25962269
PARK,BOTAŞ PARKI -2,PENDİK,40.88936323 , 29.26811993
PARK,CEM KARACA PARKI,PENDİK,40.92780779 , 29.30615573
PARK,DEDEPAŞA CADDESİ PARKI,PENDİK,40.93916869 , 29.31126595
PARK,KAYNARCA BÖLGE PARKI,PENDİK,40.88425730 , 29.26279843
PARK,KAYNARCA SAHİL PARKI,PENDİK,40.86962282 , 29.25539553
PARK,MEHMET  AKİF ERSOY PARKI,KARTAL,40.87947550 , 29.21610653
PARK,MUHSİN YAZICIOĞLU PARKI  2-3 NOLU,PENDİK,40.87801939 , 29.21757102
PARK,OSMANGAZİ PARKI,PENDİK,40.92410858 , 29.29404616
PARK,PENDİK BALIKÇILAR PARKI,PENDİK,40.87199993 , 29.24740255
PARK,PENDİK BATI PARKI,PENDİK,40.87548836 , 29.23407197
PARK,PENDİK DOĞU PARKI,PENDİK,40.87548836 , 29.23407197
PARK,TOPRAK DEDE HAYRETTİN KARACA PARKI (PENDİK SAHİL PARKI),PENDİK,40.87223925 , 29.22577858
PARK,SELÇUKLU PARKI,PENDİK,40.92662560 , 29.28982437
PARK,SİTE SOKAK PARKI,PENDİK,40.93192276 , 29.32669401
PARK,ŞEHİT MUHAMMET OĞUZ KILINÇ PARKI,PENDİK,40.92352897 , 29.30156171
PARK,ŞEHİTLER PARKI (PENDİK MARMARA PARKI),PENDİK,40.87659165 , 29.22385812
PARK,TAHSİN ARCAN PARKI,PENDİK,40.87686300 , 29.23889400
PARK,VELİBABA PARKI,PENDİK,40.90719227 , 29.25735891
PARK,YENİŞEHİR PARKI,PENDİK,40.93449216 , 29.29933548
PARK,AHMET YESEVİ PARKI,PENDİK,40.87268952 , 29.30301011
PARK,TERSANELER ÖNÜ PARKI,TUZLA,40.84480206 , 29.29353386
PARK,TUZLA ÇİÇEKÇİLER PARKI,TUZLA,40.82781879 , 29.31694150
PARK,TUZLA DERESİ PARKLARI,TUZLA,40.83476766 , 29.31390524
PARK,TUZLA KAZIM KARABEKİR PARKI,TUZLA,40.83241154 , 29.31490570
PARK,ŞEHİT ÖMER ÖNER PARKI (TUZLA SAHİL PARKI ),TUZLA,40.81253200 , 29.30838100
PARK,TUZLA KAMİL ABDUŞ GÖLÜ PARKI,TUZLA,40.83467025 , 29.28510368
PARK,TUZLA AYDINLI BÖLGE PARKI,TUZLA,40.86400422 , 29.34617758
PARK,HACET DERESİ PARKI,TUZLA,40.87482720 , 29.32693005
PARK,ŞEHİT İBRAHİM DOĞAN PARKI,TUZLA,40,82845607
PARK,AK CAMİ PARKI (TAHAFFUZHANE),TUZLA,40.81714240 , 29.30041802
PARK,ADNAN KAHVECİ PARKI,KARTAL, 40.93810636 , 29.21836250
PARK,AKŞEMSETTİN PARKI,KARTAL,40.93610102 , 29.21502024
PARK,KARTAL ATATÜRK PARKI,KARTAL,40.88762345 , 29.19014275
PARK,ÇAMLIK PARKI,KARTAL, 40.94020202 , 29.21624869
PARK,ÇEÇENİSTAN PARKI ve MEYDANI,KARTAL, 40.88756600 , 29.18659600 
PARK,ESENKENT TATLISU PARKI,MALTEPE,40.93445872 , 29.17126670
PARK,FATİH SULTAN MEHMET PARKI,KARTAL,40.93389237 , 29.21770781
PARK,HAYRETTİNPAŞA PARKI,KARTAL,40.93285000 , 29.20936900
PARK,İBB SOSYAL TESİSLER KARTAL İDO ARASI KARA VE SAHİL PARKI,KARTAL, 40.90192961 , 29.14959848
PARK,KARTAL İDO KARTAL KUMCULAR ARASI KARA VE SAHİL PARKI,KARTAL,40.88423704 , 29.19696093
PARK,KARTAL ÖZGÜRLÜK PARKI,KARTAL, 40.88646763 , 29.18181717
PARK,KARTAL TAVŞANTEPE PARKI,KARTAL,40.93968333 , 29.21252310
PARK,MALTEPE KUMCULAR İBB SOSYAL TESİSLER ARASI KARA VE SAHİL PARKI,KARTAL, 40.90178973 , 29.14447278
PARK,MEHMET AKİF ERSOY PARKI,KARTAL, 40.9328500 , 29.20936900 
PARK,MUHSİN YAZICIOĞLU PARKI,KARTAL, 40.92605411 , 29.21366304
PARK,SERÇELİ PARKI,KARTAL, 40.92939379 , 29.21153605
PARK,SİS PARKI,KARTAL,40.89516417 , 29.16845173
PARK,SÖĞÜTLÜ PARKI,KARTAL, 40.92682014 , 29.2119303
PARK,ŞEHİT GAFFAR OKKAN PARKI,KARTAL, 40.93448900 , 29.21081400 
PARK,ŞELALE PARKI,KARTAL, 40.93495600 , 29.21309500
PARK,ŞEYH ŞAMİL PARKI,KARTAL, 40.93040500 , 29.20845500
PARK,YAVUZ SULTAN SELİM PARKI,KARTAL, 40.92776653 , 29.21578199
PARK,YUNUS EMRE -1 PARKI,KARTAL, 40.93048807 , 29.21628892
PARK,YUNUS EMRE -2 PARKI,KARTAL, 40.92997742 , 29.21864337 
PARK,BOSTANCI-KÜÇÜKYALI ARASI KARA VE SAHİL PARKI,KADIKÖY,40.94850567 , 29.09979920
PARK, ŞEHİT KADİR YILDIRIM PARKI (CADDEBOSTAN KARA VE SAHİL PARKI) ,KADIKÖY,40.96307098 , 29.06822026
PARK,DALYAN PARKI,KADIKÖY,40.96257677 , 29.06181246
PARK,GÖZTEPE 60.YIL PARKI,KADIKÖY,40.97097978 , 29.05740961
PARK,İDEALTEPE-DRAGOS ARASI KARA VE SAHİL PARKI,MALTEPE,40.91664562 , 29.13070416
PARK,KANUNİ SULTAN SÜLEYMAN PARKI,MALTEPE,40.94566423 , 29.16414142
PARK,KURBAĞALIDERE PARKI,KADIKÖY,40.98175893 , 29.03281778
PARK,KÜÇÜKYALI-İDEALTEPE ARASI KARA VE SAHİL PARKI,MALTEPE,40.94511317 , 29.10564244
PARK,MALTEPE ALTAYÇESME PARKI,MALTEPE,40.93938144 , 29.13107783
PARK,MALTEPE BAŞIBÜYÜK FUAYE EVLERİ ÖNÜ,MALTEPE,40.95039669 , 29.16579902
PARK,MODA İNCİBURNU PARKI,KADIKÖY,40.98603527 , 29.02043402
PARK,YAVUZ SULTAN SELİM PARKI,MALTEPE,40.94870714 , 29.16148603
PARK,YOĞURTÇU PARKI,KADIKÖY,40.98596846 , 29.03377533
PARK,HACI BAYRAM VELİ  CADDESİ PARKI,MALTEPE,40.94310742 , 29.16007251
PARK,ORHANGAZİ ŞEHİR PARKI  ,MALTEPE,40.92856139 , 29.11780468
PARK, TEPEKÖY PARKI,BÜYÜKADA,40.86808863 , 29.12997055
PARK, AYDOĞDU PARKI YEŞİL ALANI,BÜYÜKADA,40.87111956 , 29.12972926
PARK, İZZET ORBAY PARKI YEŞİL ALANI,BÜYÜKADA,40.86721629 , 29.13356835
PARK,ÖZGÜRLÜK VE DEMOKRASİ PARKI ,BÜYÜKADA,40.87449165 , 29.12762887
PARK,İNÖNÜ PARKI  ( REVİZYON DEVAM ETMEKTEDİR),HEYBELİADA,40.87517198 , 29.09947336
PARK,DEMİRTAŞ PARKI  YEŞİL ALANI   ( REVİZYON DEVAM ETMEKTEDİR),HEYBELİADA,40.87541332 , 29.09514695
PARK,7 EKİM PARKI,ŞİLE ,41.16480359 , 29.57733572
PARK,75. YIL PARKI,ŞİLE ,41.17519489 , 29.61526172
PARK,SANCAKTEPE ÇOCUK PARKI ,SANCAKTEPE,41.17519489 , 29.61526172
PARK,ABDURRAHMANGAZİ PARKI,SANCAKTEPE,40.99752050 , 29.22441602
PARK,AĞVA BÜYÜK ŞEHİR PARKI,ŞİLE ,41.13525627 , 29.84554924
PARK,AĞVA KIYI REKREASYON ALANI PARKI,ŞİLE ,41.13771219 , 29.85030949
PARK,BALİBEY MUHTALIK PARKI,ŞİLE ,41.17643326 , 29.61868197
PARK,BAYRAK PARKI,ŞİLE ,41.16687124 , 29.60887849
PARK,BOYACIDERE PARKI,ŞİLE ,41.17379658 , 29.61522192
PARK,ÇINAR PARKI,ŞİLE,41.17320787 , 29.60679193
PARK,DEMİR KOFA PARKI,ŞİLE,41.13733394 , 29.85906087
PARK,DOSTLUK PARKI,ŞİLE,41.17151665 , 29.60875578
PARK,KADIN HEYKELİ PARKI,ŞİLE,41.17531127 , 29.60730873
PARK,KAYMAKAMLIK YANI PARKI,ŞİLE,41.17176751 , 29.60652754
PARK,KOCAKORU PARKI,ŞİLE,41.16494090 , 29.58607703
PARK,KUMBABA İBB PARKI,ŞİLE,41.16654818 , 29.58071262
PARK,KUMBABA REKREASYON ALANI PARKI,ŞİLE,41.16847847 , 29.58351016
PARK,MAŞATLIK PARKI,ŞİLE,41.18044462 , 29.61332291
PARK,MESUT SOKAK PARKI,ŞİLE,41.17088066 , 29.61039998
PARK,ÖĞRETMENLER PARKI,ŞİLE,41.13941659 , 29.85393651
PARK,PAZAR SOKAK PARKI,ŞİLE,41.17225813 , 29.60870951
PARK,SAFA TEPESİ PARKI,SANCAKTEPE,41.01267200 , 29.25548700
PARK,TAVANLI PARKI,ŞİLE,41.17656096 , 29.62103359
PARK,TAVANLI KORULUĞU ,ŞİLE,41.17683637 , 29.62302167
PARK,ÜZÜM SOKAK PARKI,ŞİLE,29.62551020 , 29.62551020
PARK,KÜLTÜR PARKI  ( VADİ İÇİ PARKI),ŞİLE,41.17944735 , 29.61227685
PARK,YAKUPLU ÇEŞMELİ PARKI,ŞİLE,41.13152397 , 29.84147497
PARK,ŞİLE LİMAN PARKI,ŞİLE,41.18068709 , 29.60722197
PARK, ŞEHİT FATİH EFİLOĞLU PARKI                                  ,SULTANBEYLİ,40.99423487 ,  29.27290231
PARK,SULTANBEYLİ GÖLET PARKI,SULTANBEYLİ,40.95332190 , 29.27948713
PARK,ŞEHİTLİK PARKI (ATAKENT PARKI GÜVEN SOKAK) ,ÜMRANİYE,41.01044075 , 29.10488874
PARK,ATAŞEHİR DEPREM PARKI,ATAŞEHİR,40.99982862 , 29.0946973
PARK,DİRİLİŞ PARKI,ÜMRANİYE,41.01534464 , 29.12109733
PARK,MERKEZ CAMİİ PARKI ,ATAŞEHİR,40.96888166 , 29.11501408
PARK,ESATPAŞA  SPOR PARKI ,ATAŞEHİR,41.00198610 , 29.08496261
PARK,DUT AĞACI PARKI ,ATAŞEHİR,40.97076511 , 29.11296487
PARK,BEYLERBEYİ PARKI,ÜSKÜDAR,41.04365278 , 29.04265746
PARK,HAVUZBAŞI PARKI,ÜSKÜDAR,41.04679333 , 29.05374974
PARK,DOĞANCILAR PARKI,ÜSKÜDAR,41.01886800 , 29.01330700
PARK,GÜMRÜK PARKI,ÜSKÜDAR,41.00524502 , 29.01436687
PARK,HACIBABA PARKI,ÜSKÜDAR,41.02918610 , 29.01719391
PARK,HAREM-ÜSKÜDAR ARASI SAHİL PARKLARI,ÜSKÜDAR,41.02035543 , 29.00734484
PARK,KANDİLLİ PARKI,ÜSKÜDAR,41.07439300 , 29.05880200
PARK,KISIKLI KARAKOL ARKASI PARKI  ,ÜSKÜDAR,41.02354060 , 29.05735195
PARK,KISIKLI PARKI,ÜSKÜDAR,41.02260100 , 29.06308400
PARK,KULELİ 1 PARKI,ÜSKÜDAR,41.05568822 , 29.05209884
PARK,KULELİ 2 PARKI,ÜSKÜDAR,41.06063222 , 29.05267686
PARK,KUZGUNCUK PARKI,ÜSKÜDAR,41.03917100 , 29.03344200
PARK,MİLLET PARKI,ÜSKÜDAR,41.02328200 , 29.05145100
PARK,PAŞALİMANI PARKI,ÜSKÜDAR,41.03276134 , 29.02385920
PARK,SELİMİYE PARKI,ÜSKÜDAR,41.01049945 , 29.01942283
PARK,VANİKÖY PARKI,ÜSKÜDAR,41.06823913 , 29.05733183
,SULTANBEYLİ VE SANCAKTEPE İLÇELERİ DERE BANTLARI,SULTANBEYLİ / SANCAKTEPE,40.99214356 , 29.25604999
PARK,ANKARA ÜÇGENİ PARKI,ÜSKÜDAR,41.00634816 , 29.02139425
METRO ÇIKIŞI,BULGURLU METRO İSTASYONU ÇIKIŞI VE ÇEVRESİ,ÜSKÜDAR,41.01633226 , 29.07609254
METRO ÇIKIŞI,FISTIK AĞACI METRO İSTASYONU ÇIKIŞI VE ÇEVRESİ,ÜSKÜDAR,41.02840709 , 29.02868584
METRO ÇIKIŞI,NECİP FAZIL METRO İSTASYONU ÇIKIŞI,ÜMRANİYE,41.01632012 , 29.17886138
METRO ÇIKIŞI,İMAM HATİP METRO İSTASYONU ÇIKIŞI,ÜMRANİYE,41.01588298 , 29.15144920
METRO ÇIKIŞI,ALTINŞEHİR METRO İSTASYONU ÇIKIŞI,ÜMRANİYE,41.01675725 , 29.14048433
METRO ÇIKIŞI,IHLAMURKUYU METRO İSTASYONU ÇIKIŞI,ÜMRANİYE,41.01997902 , 29.13044214
METRO ÇIKIŞI,ÇAKMAK METRO İSTASYONU ÇIKIŞI,ÜMRANİYE,41.02175579 , 29.11771774
METRO ÇIKIŞI,ÜMRANİYE METRO İSTASYONU ÇIKIŞI,ÜMRANİYE,41.02470211 , 29.08474803
METRO ÇIKIŞI,YAMANEVLER METRO İSTASYONU ÇIKIŞI,ÜMRANİYE,41.02435002 , 29.10864115
METRO ÇIKIŞI,ÇARŞI METRO İSTASYONU ÇIKIŞI,ÜMRANİYE,41.02605786 , 29.09665704
METRO ÇIKIŞI,MADENLER METRO İSTASYONU ÇIKIŞI ,ÇEKMEKÖY,41.01450678 , 2918996572
HATIRA ORMANI, 15 TEMMUZ HATIRA ORMANI (OSMANLI HATIRA ORMANI),BEYKOZ,41.08261838 , 29.09269810
HATIRA ORMANI,İSTANBUL KENT ÜNİVERSİTESİ MESUT YILMAZ HATIRA ORMANI,ÜSKÜDAR,41.03059841 , 29.06691670
KORU,GÖZDAĞI KORUSU,PENDİK,40.89036100 , 29.25383900
KORU,YAŞAM KORUSU,PENDİK,40.92996930 , 29.29000139
KORU,İDEALTEPE 50. YIL KORUSU,MALTEPE,40.94115429 , 29.12302315
MESİRE YERİ,ŞEHİT PİYADE UZMAN ÇAVUŞ ŞAHİN ASLAN MESİRE ALANI (SANCAKTEPE (MEŞELİK )C TİPİ MESİRE ALANI),SANCAKTEPE,40.97363676 , 29.21750683
KENT ORMANI,ÇEKMEKÖY RAHMİ DEMİR KENT ORMANI,ÇEKMEKÖY,41.01149700 , 29.16110500
KAVŞAK-REFÜJ,BEYKOZ SOĞUKSU CADDESİ ORTA REFÜJ,BEYKOZ,41.10863314 , 29.09544736
KAVŞAK-REFÜJ,ÇUBUKLU KAVŞAĞI,BEYKOZ,41.10716996 , 29.08501625
KAVŞAK-REFÜJ,ÇUBUKLU-İSTİNYE ARABALI VAPUR İSKELESİ ,BEYKOZ,41.10817236 , 29.08250034
KAVŞAK-REFÜJ,DEDEOĞLU ORTA REFÜJ,BEYKOZ,41.10701636 , 29.08830464
KAVŞAK-REFÜJ,KAVACIK KAVŞAĞI-FSM ARASI YAN REFÜJ,BEYKOZ,41.09212800 , 29.08547223
KAVŞAK-REFÜJ,GÖKSU YOLU ORTA REFÜJ,BEYKOZ,41.08339068 , 29.08397019
KAVŞAK-REFÜJ,GÖKSU YOLU YAN REFÜJ,BEYKOZ,41.08258603 , 29.08285975
KAVŞAK-REFÜJ,HİDİV MİHRABAT CADDESİ ORTA REFÜJ,BEYKOZ,41.09706825 , 29.08108950
KAVŞAK-REFÜJ,KAVACIK KAVŞAĞI,BEYKOZ,41.08896232 , 29.09152865
KAVŞAK-REFÜJ,KAVACIK KAVŞAĞI-ÜMRANİYE KAVŞAĞI ARASI  YAN  REFÜJ,BEYKOZ,41.06744496 , 29.10919338
KAVŞAK-REFÜJ,KAVACIK SOĞUKSU YOLU-KAVACIK RÜZGARLIBAHÇE YOLU HÜCRESEL DOLGU SİSTEMİ YAMAÇ,BEYKOZ,41.10034673 , 29.09714520
KAVŞAK-REFÜJ,KAVACIK-ELMALI-KORU YANI-AKBABA TEM BAĞLANTI YOLU ORTA REFÜJ,BEYKOZ,41.10574312 , 29.10381317
KAVŞAK-REFÜJ,KİREMİTDERE YOLU ORTA VE YAN REFÜJ,BEYKOZ,41.09703692 , 29.0941719
KAVŞAK-REFÜJ,KÖRFEZ (ÇİFTLİK) CADDESİ KAVŞAĞI VE YAN ŞEVLER,BEYKOZ,41.09360769 , 29.06745851
KAVŞAK-REFÜJ,KÜÇÜKSU ORTA REFÜJ,BEYKOZ,41.07953312 , 29.06786084
KAVŞAK-REFÜJ,MEHMET YAVUZ CADDESİ YAN REFÜJ,BEYKOZ,41.13511839 , 29.10069644
KAVŞAK-REFÜJ,POLONEZKÖY KAVŞAĞI,BEYKOZ,41.12185690 , 29.12984937
KAVŞAK-REFÜJ,POLONEZKÖY KAVŞAĞI-RİVA BAĞLANTI YOLU  ORTA REFÜJ,BEYKOZ,41.12146491 , 29.13393438
KAVŞAK-REFÜJ,ŞAHİNKAYA CADDESİ REFÜJÜ,BEYKOZ,41.14085532 , 29.09744561
KAVŞAK-REFÜJ,ALTKAYNARCA SAHİL BAĞLANTI YOLU ORTA REFÜJ,PENDİK,40.86801234 , 29.26566839
KAVŞAK-REFÜJ,AYDOS 1-2-3 ETAP YOLLAR ORTA REFÜJ,PENDİK,40.92911819310086 , 29.28670763969422
KAVŞAK-REFÜJ,AZİZOĞLU CADDESİ ORTA REFÜJ,PENDİK,40.8925385004749 , 29.262514114379883
KAVŞAK-REFÜJ,BAHÇELİEVLER MAHALLESİ ADNAN MENDERES BULVARI-MOSTAR KESİŞİMİ,PENDİK,40.88039417553509 , 29.226671755313866
KAVŞAK-REFÜJ,BAHÇELİEVLER MAHALLESİ ADNAN MENDERES BULVARI-ORTA REFÜJ,PENDİK,40.88113032012322 , 29.233675003051754
KAVŞAK-REFÜJ,BAHÇELİEVLER MAHALLESİ ZÜMRÜT CADDESİ ÜÇGEN REFÜJLER,PENDİK,40.88489000528284 , 29.23814892768859
KAVŞAK-REFÜJ,CUMHURİYET CADDESİ ORTA REFÜJ,PENDİK,40.93113652065372 , 29.300467371940616
KAVŞAK-REFÜJ,ÇAMLIK MAHALLESİ CAHİT ZARİFOĞLU ORTA REFÜJ,PENDİK,40.92995309109148 , 29.283558726310726
KAVŞAK-REFÜJ,DEDEPAŞA CADDESİ ORTA REFÜJ,PENDİK,40.93985758065679 , 29.311421513557438
KAVŞAK-REFÜJ,DOĞU MAHALLESİ İLHAMİ SOYSAL BULVARI-ORTA REFÜJ,PENDİK,40.881377727760906 , 29.2397528886795
KAVŞAK-REFÜJ,DOLAYOBA-SULTANBEYLİ ORTA REFÜJ,PENDİK,40.92089023609054 , 29.26986336708069
KAVŞAK-REFÜJ,GÜLLÜBAĞLAR MAHALLESİ MUHSİN YAZICIOĞLU CADDESİ NO:132 ÖNÜ REFÜJ,PENDİK,40.89671114019839 , 29.277832210063938
KAVŞAK-REFÜJ,HARMANDERE MAHALLESİ ANKARA CADDESİ NO:445 ÖNÜ ORTA REFÜJ (GİRİŞ),PENDİK,40.92969167999095 , 29.325951039791104
KAVŞAK-REFÜJ,HARMANDERE MAHALLESİ ANKARA CADDESİ NO:498 ÖNÜ ORTA REFÜJ (ÇIKIŞ),PENDİK,40.92855078067848 , 29.322080612182617
KAVŞAK-REFÜJ,KAYNARCA MAHALLESİ KANUNİ SULTAN SÜLEYMAN CADDESİ,PENDİK,40.8703153505253 , 29.2609516494603
KAVŞAK-REFÜJ,KURTKÖY KAVŞAĞI,PENDİK,40.92481384287575 , 29.312145709991455
KAVŞAK-REFÜJ,KURTKÖY MAHALLESİ ANKARA CADDESİ KAVŞAK VE ORTA REFÜJ,PENDİK,40.914842237209086 , 29.303181767463684
KAVŞAK-REFÜJ,KURTKÖY MAHALLESİ ANKARA CADDESİ-ÜSTÜN CADDESİ KESİŞİMİ ORTA REFÜJ,PENDİK,40.91341933669469 , 29.298139214515693
KAVŞAK-REFÜJ,KURTKÖY MAHALLESİ BAKÜ CADDESİ KAVŞAK ORTA REFÜJ,PENDİK,40.9181500585093 , 29.30309057235718
KAVŞAK-REFÜJ,KURTKÖY MAHALLESİ SELÇUKLU CADDESİ-ORTA REFÜJ,PENDİK,40.92268182924306 , 29.29139614105224
KAVŞAK-REFÜJ,KURTKÖY YOLU ORTA REFÜJ,PENDİK,40.91570163806978 , 29.30389523506165
KAVŞAK-REFÜJ,MİLLET CADDESİ ORTA REFÜJ-OSMANLI BULVARI,PENDİK,40.92732272139435 , 29.31025743484497
KAVŞAK-REFÜJ,ORTA MAHALLESİ ANKARA CAD. PENDİK KÖPRÜSÜ ÜSTÜ YAN REFÜJ,PENDİK,40.890275676171 , 29.239543676376336
KAVŞAK-REFÜJ,PENDİK AYDINLI YOLU CADDESİ ORTA REFÜJ,PENDİK,40.876595701587945 , 29.246538877487183
KAVŞAK-REFÜJ,PENDİK HATBOYU CADDESİ,PENDİK,40.87979998123231 , 29.231212735176086
KAVŞAK-REFÜJ,PENDİK SAHİL ORTA REFÜJ (İDO-TERSANE ARASI),PENDİK,40.87272602296494 , 29.246968030929565
KAVŞAK-REFÜJ,PENDİK SAHİL ORTA REFÜJ (KUMCULAR- İDO ARASI),PENDİK,40.87318236475508 , 29.225593507289886
KAVŞAK-REFÜJ,RAMAZANOĞLU MAH. MUHSİN YAZICIOĞLU CAD. KAR BETON ÖNÜ  ORTA REFÜJ,PENDİK,40.8987334281818 , 29.2830970372162
KAVŞAK-REFÜJ,REYHAN CADDESİ ORTA REFÜJ,PENDİK,40.9381824190163 , 29.2990203513776
KAVŞAK-REFÜJ,ŞEYHLİ MAHALLESİ ANKARA CAD. MEZARLIK ÖNÜ ORTA REFÜJ,PENDİK,40.90508401092157 , 29.281262755393985
KAVŞAK-REFÜJ,ŞEYHLİ MAHALLESİ SAFA CAD.-YUNUS EMRE CAD. KESİŞİM ORTA REFÜJ,PENDİK,40.91045182170768 , 29.28226053714752
KAVŞAK-REFÜJ,ŞEYHLİ MAHALLESİ YUNUS EMRE CAD.-KESİŞİM ORTA REFÜJ,PENDİK,40.90867611380233 , 29.278784394264225
KAVŞAK-REFÜJ,VELİBABA MAHALLESİ ANKARA CAD. NO:174-AYTEMİZ PETROL ÖNÜ REFÜJ,PENDİK,40.89869801899468 , 29.26016986370086
KAVŞAK-REFÜJ,VELİBABA MAHALLESİ AYDOS CADDESİ-ORTA REFÜJ,PENDİK,40.9169005868677 , 29.2536923687162
KAVŞAK-REFÜJ,VELİBABA MAHALLESİ TİMURHAN SOKAK-ORTA REFÜJ,PENDİK,40.89699903857826 , 29.258759021759026
KAVŞAK-REFÜJ,YENİ MAHALLE PLEVNE CADDESİ-ORTA REFÜJ,PENDİK,40.8883679688314 , 29.2293837191104
KAVŞAK-REFÜJ,YENİ MAHALLE SÜREYYAPAŞA CADDESİ-ORTA REFÜJ,PENDİK,40.8849805408749 , 29.2245767233413
KAVŞAK-REFÜJ,YENİŞEHİR MAHALLESİ REYHAN CAD. ORTA REFÜJ,PENDİK,40.9381692038288 , 29.2989888623089
KAVŞAK-REFÜJ,YEŞİLBAĞLAR MAHALLESİ ALTIN YAYLA SOKAK-ORTA REFÜJ,PENDİK,40.8921467008823 , 29.2292663358669
KAVŞAK-REFÜJ,TUZLA AYDINLI YOLU ORTA REFÜJ,TUZLA,40.862941298350364 , 29.331328868865963
KAVŞAK-REFÜJ,TUZLA HATBOYU CADDESİ,TUZLA,40.8368354680704 , 29.3121366748765
KAVŞAK-REFÜJ,TUZLA VATAN CADDESİ ORTA REFÜJ,TUZLA,40.8317365312326 , 29.3011243198481
KAVŞAK-REFÜJ,RAUF ORBAY CADDESİ ORTA REFÜJ,PENDİK,40.84064441468482 , 29.294169545173645
KAVŞAK-REFÜJ,AHMET KILIÇ BULVARI,TUZLA,40.81478994 , 29.30495202
KAVŞAK-REFÜJ,AYDINLI YOLU KAVŞAK    YAN REFÜJ / ORTA REFÜJ / KAVŞAK,TUZLA,40.87936599 , 29.31339025
KAVŞAK-REFÜJ,HAVALİMANI BAĞLANTI KAVŞAĞI - AYDINLI YOLU KAVŞAK ARASI YAN REFÜJ,PENDİK / TUZLA,40.89677602 , 29.32873249
KAVŞAK-REFÜJ,KAYNARCA KAVŞAĞI - AYDINLI YOLU KAVŞAĞI ARASI  YAN REFÜJ,PENDİK,40.87388208 , 29.29311812
KAVŞAK-REFÜJ,SÜLEYMANİYE BULVARI,TUZLA,40.90797907 , 29.39360467
KAVŞAK-REFÜJ,ESKİ ANKARA ASFALTI CADDESİ ORTA REFÜJ,TUZLA,40.90588975908051 , 29.392835863036442
KAVŞAK-REFÜJ,MEDENİYET BULVARI,TUZLA,40.92505398667211 , 29.39217600622214
KAVŞAK-REFÜJ,BALIKESİR KAVŞAĞI,KARTAL,40.92380662 , 29.20974433
KAVŞAK-REFÜJ,BALIKESİR KAVŞAĞI - E5 KARTAL KAVŞAĞI ARASI ORTA VE YAN REFÜJLER,KARTAL,40.92183873 , 29.21185791
KAVŞAK-REFÜJ,ÇANAKKALE CADDESİ ORTA REFÜJLER,KARTAL,40.90890315 , 29.18060482
KAVŞAK-REFÜJ,EGEMENLİK BULVARI ORTA REFÜJLER,KARTAL,40.88961466 , 29.19035062
KAVŞAK-REFÜJ,ÜSKÜDAR CADDESİ ORTA VE YAN REFÜJLER,KARTAL,40.91091196 , 29.15576756
KAVŞAK-REFÜJ,MALTEPE KUMCULAR KARTAL KUMCULAR ARASI ORTA VE YAN REFÜJLER,KARTAL,40.89492493 , 29.16804940
KAVŞAK-REFÜJ,ORTADAĞ KAVŞAK - BALIKESİR KAVŞAK ARASI ORTA VE YAN REFÜJLER,KARTAL,40.94029928 , 29.21108007
KAVŞAK-REFÜJ,ORTADAĞ KÖPRÜLÜ KAVŞAĞI,KARTAL,40.94483763 , 29.21623528
KAVŞAK-REFÜJ,SAMANDIRA KAVŞAK  - ORTADAĞ KÖPRÜLÜ KAVŞAK ARASI ORTA VE YAN REFÜJLER,SANCAKTEPE,40.95038049 , 29.21985090
KAVŞAK-REFÜJ,SAMANDIRA KAVŞAĞI,SANCAKTEPE,40.96867914 , 29.21855807
KAVŞAK-REFÜJ,SPOR CADDESİ ORTA VE YAN REFÜJLER,KARTAL,40.89417474 , 29.19838518
KAVŞAK-REFÜJ,ŞEHİT AYDIN ÇELİK CADDESİ ORTA REFÜJLER,KARTAL,40.92496178 , 29.21240911
KAVŞAK-REFÜJ,YAKACIK SAMANDIRA CADDESİ ORTA REFÜJLER,KARTAL,40.93897114 , 29.21803907
KAVŞAK-REFÜJ,YAKACIK CADDESİ - SPOR CADDESİ KESİŞİMİ (İGDAŞ YANI),KARTAL,40.89373679 , 29.19686168
KAVŞAK-REFÜJ,RIHTIM CADDESİ YAN REFÜJLER,KARTAL,40.88848726 , 29.18775022
KAVŞAK-REFÜJ,ERKILIÇ CADDESİ ORTA REFÜJLER,KARTAL,40.90981938 , 29.18384761
KAVŞAK-REFÜJ,HASAN PAŞA ÇEŞMESİ ÇEVRESİ (KARTAL CADDESİ – ENİS AKAYGEN SOKAK KESİŞİMİ),KARTAL,40.91576751 , 29.22129795
KAVŞAK-REFÜJ,ACIBADEM CADDESİ ORTA REFÜJ,KADIKÖY,40.99723506 , 29.03654069
KAVŞAK-REFÜJ,ATATÜRK  CADDESİ YAN  REFÜJ,KADIKÖY,40.98105631 , 29.07955527
KAVŞAK-REFÜJ,AYRILIKÇEŞME MARMARAY DURAKLARI ÇEVRESİ,KADIKÖY,41.00076547 , 29.02981907
KAVŞAK-REFÜJ,BAĞDAT CADDESİ YAN REFÜJ,KADIKÖY,40.96051282 , 29.08030093
KAVŞAK-REFÜJ,BOSTANCI-DRAGOS ORTA REFÜJ,MALTEPE,40.94773675 , 29.10103709
KAVŞAK-REFÜJ,KADIKÖY MİNİBÜS CADDESİ ORTA VE YAN REFÜJ,KADIKÖY,40.985051 , 29.051564
KAVŞAK-REFÜJ,PARİS MAHALLESİ ORTA REFÜJ ,KADIKÖY,40.995668 , 29.032209 
KAVŞAK-REFÜJ,SÖĞÜTLÜÇEŞME KAV. - UZUNÇAYIR KAV. ARASI YAN REFÜJLER,KADIKÖY,40.991738 , 29.041842
KAVŞAK-REFÜJ,BÜYÜKYALI KAVŞAĞI - MALTEPE KAVŞAĞI ARASI YAN REFÜJLER,MALTEPE,40.93948568025464 , 29.13474744652342
KAVŞAK-REFÜJ,BAŞIBÜYÜK KAVŞAĞI,MALTEPE,40.945333 , 29.145778
KAVŞAK-REFÜJ,BOSTANCI KAVŞAĞI,KADIKÖY ,40.965292 , 29.104385 
KAVŞAK-REFÜJ,BOSTANCI KAVŞAĞI - KÜÇÜKYALI KAVŞAĞI ARASI YAN REFÜJLER,KADIKÖY ,40.960421 , 29.109787 
KAVŞAK-REFÜJ,BÜYÜKYALI KAVŞAĞI,MALTEPE,40.933716 , 29.116698
KAVŞAK-REFÜJ,CEVİZLİ KAVŞAĞI,KARTAL,40.919019 , 29.172788 
KAVŞAK-REFÜJ,CEVİZLİ KAVŞAĞI - KARTAL KAVŞAĞI ARASI YAN REFÜJLER,KARTAL,40.905370 , 29.176068
KAVŞAK-REFÜJ,ÇANAKKALE KAVŞAĞI,KARTAL ,40.905370 , 29.176068
KAVŞAK-REFÜJ,FINDIKLI-DUDULLU YOLU ORTA VE YAN REFÜJ,MALTEPE,40.945333 , 29.145778
KAVŞAK-REFÜJ,GÖZTEPE KAVŞAĞI,KADIKÖY,40.993590 , 29.073116 
KAVŞAK-REFÜJ,GÖZTEPE KAVŞAĞI - KOZYATAĞI ARASI YAN REFÜJLER,KADIKÖY,40.988565 , 29.084164
KAVŞAK-REFÜJ,GÜLSUYU KAVŞAĞI,MALTEPE,40.92571532155487 , 29.152080957092252
KAVŞAK-REFÜJ,GÜLSUYU KAVŞAĞI - CEVİZLİ KAVŞAĞI ARASI YAN REFÜJLER,KARTAL,40.926910 , 29.155442
KAVŞAK-REFÜJ,HAREM BAYRAMOĞLU ARASI ORTA REFÜJ,ANADOLU YAKASI,40.952040 , 29.118913
KAVŞAK-REFÜJ,HAREM UZUNÇAYIR KAVŞAĞI ARASI YAN REFÜJLER,ÜSKÜDAR,41.007231 , 29.011944
KAVŞAK-REFÜJ,HAYDAR PAŞA NUMUNE HASTANESİ ÖNÜ,KADIKÖY,41.00625784819333 , 29.021773285237664
KAVŞAK-REFÜJ,İÇMELER KAVŞAĞI,TUZLA,40.84993276843101 , 29.297663630792133
KAVŞAK-REFÜJ,İÇMELER KAVŞAĞI - TUZLA KAVŞAĞI ARASI YAN REFÜJLER,TUZLA,40.840917 , 29.313515
KAVŞAK-REFÜJ,KÜÇÜKYALI KAVŞAĞI - BÜYÜKYALI KAVŞAĞI ARASI YAN REFÜJLER,MALTEPE,40.949589 , 29.122510
KAVŞAK-REFÜJ,KARTAL KAVŞAĞI,KARTAL,40.90715826413261 , 29.210772044287
KAVŞAK-REFÜJ,KARTAL KAVŞAĞI - PENDİK KAVŞAĞI ARASI YAN REFÜJLER,KARTAL,40.887763 , 29.186282
KAVŞAK-REFÜJ,KAYNARCA KAVŞAĞI,PENDİK,40.86768141401789 , 29.272147381025153
KAVŞAK-REFÜJ,KOZYATAĞI KAVŞAĞI,KADIKÖY,40.979757 , 29.095715
KAVŞAK-REFÜJ,KOZYATAĞI KAVŞAĞI - BOSTANCI KAVŞAĞI ARASI YAN REFÜJLER,KADIKÖY,40.972378 , 29.100964
KAVŞAK-REFÜJ,KOZYATAĞI KAVŞAĞI- HALK CADDESİ ARASI YAN REFÜJLER,KADIKÖY,40.983025 , 29.100611
KAVŞAK-REFÜJ,KÜÇÜKYALI KAVŞAĞI,MALTEPE,40.949491 , 29.121228
KAVŞAK-REFÜJ,MALTEPE KAVŞAĞI,MALTEPE,40.93607147068577 , 29.1395263460764
KAVŞAK-REFÜJ,MALTEPE KAVŞAĞI - ZÜMRÜTEVLER KAVŞAĞI ARASI YAN REFÜJLER,MALTEPE,40.933106 , 29.142176
KAVŞAK-REFÜJ,PENDİK KAVŞAĞI,PENDİK,40.888336 , 29.239281
KAVŞAK-REFÜJ,PENDİK KAVŞAĞI - TERSANE KAVŞAĞI ARASI YAN REFÜJLER,PENDİK,40.881680 , 29.249056
KAVŞAK-REFÜJ,SALI PAZARI MEYDANI,KADIKÖY,40.99777151639141 , 29.049471873010247
KAVŞAK-REFÜJ,TERSANE KAVŞAĞI - İÇMELER KAVŞAĞI ARASI YAN REFÜJLER,TUZLA,40.867248 , 29.272992
KAVŞAK-REFÜJ,TUZLA KAVŞAĞI,TUZLA,40.834852008269344 , 29.32532955466913
KAVŞAK-REFÜJ,TUZLA KAVŞAĞI-BAYRAMOĞLU ARASI YAN REFÜJLER,TUZLA,40.837174 , 29.322291
KAVŞAK-REFÜJ,UZUNÇAYIR KAVŞAĞI,KADIKÖY,40.999822 , 29.056607
KAVŞAK-REFÜJ,UZUNÇAYIR KAVŞAĞI-GÖZTEPE KAVŞAĞI ARASI YAN REFÜJLER,KADIKÖY,40.996244 , 29.064203
KAVŞAK-REFÜJ,ZÜMRÜTEVLER KAVŞAĞI,MALTEPE,40.930763 , 29.145747
KAVŞAK-REFÜJ,MALTEPE BAŞIBÜYÜK-SAMANDIRA ARASI ORTA VE YAN REFÜJLER,MALTEPE,40.989985 , 29.185671
KAVŞAK-REFÜJ,ZÜMRÜTEVLER KAVŞAĞI - GÜLSUYU KAVŞAĞI ARASI YAN REFÜJLER,MALTEPE,40.928569 , 29.148221
KAVŞAK-REFÜJ,AĞVA İSKELE CADDESİ (AĞVA SET ÜSTÜ MEVKİİ),ŞİLE,41.13486162 , 29.85895951
KAVŞAK-REFÜJ,ÇEKMEKÖY KAVŞAĞI - KEMERDERE KAVŞAĞI ARASI ORTA VE YAN REFÜJ,ÜMRANİYE / ÇEKMEKÖY,41.02037881 , 29.18010908
KAVŞAK-REFÜJ,ÇEKMEKÖY KAVŞAĞI ORTA REFÜJ,ÜMRANİYE / ÇEKMEKÖY,41.02889878 , 29.17181450
KAVŞAK-REFÜJ,KEMERDERE KAVŞAĞI - SARIGAZİ KAVŞAĞI ARASI ORTA VE YAN REFÜJ,ÇEKMEKÖY,41.01446226 , 29.18962973
KAVŞAK-REFÜJ,KEMERDERE KAVŞAĞI ORTA REFÜJ,ÜMRANİYE / ÇEKMEKÖY,41.01659895 , 29.18278533
KAVŞAK-REFÜJ,SANCAKTEPE SEVENLER KAVŞAĞI ORTA VE YAN REFÜJ,SANCAKTEPE,41.03069868 , 29.13490551
KAVŞAK-REFÜJ,SARIGAZİ KAVŞAĞI ORTA REFÜJ,ÇEKMEKÖY,41.01573322 , 29.20529503
KAVŞAK-REFÜJ,ŞİLE BAĞLANTI KAVŞAĞI ORTA REFÜJ,ÜMRANİYE,41.02789202 , 29.13057404
KAVŞAK-REFÜJ,ŞİLE BAĞLANTI KAVŞAĞI - ÇEKMEKÖY KAVŞAĞI ARASI ORTA VE YAN REFÜJ,ÜMRANİYE / ÇEKMEKÖY,41.03069868 , 29.13490551
KAVŞAK-REFÜJ,TAŞDELEN KAVŞAĞI ORTA VE YAN REFÜJ,ÇEKMEKÖY,41.02221492 , 29.21613890
KAVŞAK-REFÜJ,İMAM RABBANİ CADDESİ ORTA REFÜJ,SANCAKTEPE,40.98048731 , 29.21898723
KAVŞAK-REFÜJ,MEHMET AKİF CADDESİ ORTA REFÜJ,SANCAKTEPE,40.97981505 , 29.21806723
KAVŞAK-REFÜJ,YAKACIK CADDESİ KÖPRÜLÜ KAVŞAĞI ORTA REFÜJ,SANCAKTEPE,40.97834090 , 29.22058582
KAVŞAK-REFÜJ,ANTALYA CADDESİ (NOT: MAHALİMİZDE OLUP YEŞİL ALAN BAKIM ÇALIŞMASI YAPILMAYAN ALAN),SULTANBEYLİ,40.94737310 , 29.28331196
KAVŞAK-REFÜJ,ATATÜRK CADDESİ   YAN REFÜJ,SULTANBEYLİ,40.97097168  , 29.26154315
KAVŞAK-REFÜJ,ATAYOLU CADDESİ (NOT: MAHALİMİZDE OLUP YEŞİL ALAN BAKIM ÇALIŞMASI YAPILMAYAN ALAN),SULTANBEYLİ,41.00401434 , 29.26146269
KAVŞAK-REFÜJ,BARAJ YOLU CADDESİ (NOT: MAHALİMİZDE OLUP YEŞİL ALAN BAKIM ÇALIŞMASI YAPILMAYAN ALAN),SULTANBEYLİ,41.00315609 , 29.27137613
KAVŞAK-REFÜJ,BASRA CADDESİ (NOT: MAHALİMİZDE OLUP YEŞİL ALAN BAKIM ÇALIŞMASI YAPILMAYAN ALAN),SULTANBEYLİ,41.00144765 , 29.26857591
KAVŞAK-REFÜJ,BOSNA BULVARI (NOT: MAHALİMİZDE OLUP YEŞİL ALAN BAKIM ÇALIŞMASI YAPILMAYAN ALAN),SULTANBEYLİ,40.97726564 , 29.26524997
KAVŞAK-REFÜJ,CİHAN CADDESİ (NOT: MAHALİMİZDE OLUP YEŞİL ALAN BAKIM ÇALIŞMASI YAPILMAYAN ALAN),SULTANBEYLİ,40.93861352 , 29.28674519
KAVŞAK-REFÜJ,DEMOKRASİ CADDESİ  YAN REFÜJ,SULTANBEYLİ,40.97145367 , 29.26393569
KAVŞAK-REFÜJ,FATİH BULVARI    ORTA REFÜJ,SULTANBEYLİ,40.96324314 , 29.28605318
KAVŞAK-REFÜJ,FIRAT CADDESİ (NOT: MAHALİMİZDE OLUP YEŞİL ALAN BAKIM ÇALIŞMASI YAPILMAYAN ALAN),SULTANBEYLİ,40.95861287 , 29.27480400
KAVŞAK-REFÜJ,HASAN EL BENNA CADDESİ (NOT: MAHALİMİZDE OLUP YEŞİL ALAN BAKIM ÇALIŞMASI YAPILMAYAN ALAN),SULTANBEYLİ,40.95645709 , 29.28888349
KAVŞAK-REFÜJ,KILIÇARSLAN CADDESİ (NOT: MAHALİMİZDE OLUP YEŞİL ALAN BAKIM ÇALIŞMASI YAPILMAYAN ALAN),SULTANBEYLİ,40.99996896 , 29.27558617
KAVŞAK-REFÜJ,KURAN KURSU CADDESİ    ORTA REFÜJ,SULTANBEYLİ,40.93439895 , 29.27340388
KAVŞAK-REFÜJ,ÖZGÜRLÜK CADDESİ (NOT: MAHALİMİZDE OLUP YEŞİL ALAN BAKIM ÇALIŞMASI YAPILMAYAN ALAN) REFÜJÜ,SULTANBEYLİ,40.99201261 , 29.26898680
KAVŞAK-REFÜJ,PETROL YOLU CADDESİ  ORTA REFÜJ,SULTANBEYLİ,40.96046016 , 29.26917136
KAVŞAK-REFÜJ,SELÇUK HAN CADDESİ (NOT: MAHALİMİZDE OLUP YEŞİL ALAN BAKIM ÇALIŞMASI YAPILMAYAN ALAN),SULTANBEYLİ,40.98611424 , 29.27729845
KAVŞAK-REFÜJ,TRABZON CADDESİ (NOT: MAHALİMİZDE OLUP YEŞİL ALAN BAKIM ÇALIŞMASI YAPILMAYAN ALAN),SULTANBEYLİ,40.94031465 , 29.27775366
KAVŞAK-REFÜJ,AKFIRAT - ORHANLI & TEPEÖREN YOLU   YAN REFÜJ,TUZLA,40.93272925 , 29.34844136
KAVŞAK-REFÜJ,BALLICA CADDESİ (NOT: MAHALİMİZDE OLUP YEŞİL ALAN BAKIM ÇALIŞMASI YAPILMAYAN ALAN),TUZLA,40.95203758 , 29.39338446
KAVŞAK-REFÜJ,BİRLİK ORGANİZE SANAYİ SİTESİ KAVŞAĞI ,TUZLA,40.87678431 , 29.38818365
KAVŞAK-REFÜJ,ÇAMLICA GİŞELER - TEM KARTAL KAVŞAK ARASI   YAN REFÜJ,MALTEPE / SANCAKTEPE / ÜMRANİYE,40.98951567 , 29.19053435
KAVŞAK-REFÜJ,ÇAMLICA KAVŞAĞI - ÇAMLICA GİŞELER ARASI  YAN REFÜJ,ÜMRANİYE / ATAŞEHİR,40.99653260 , 29.13924515
KAVŞAK-REFÜJ,FORMULA PISTI YAN YOLU  YAN REFÜJ,TUZLA,40.95203758 , 29.41035211
KAVŞAK-REFÜJ,FORMULA PİSTİ   YAN REFÜJ / ORTA REFÜJ / KAVŞAK,TUZLA,40.94704186 , 29.39293921
KAVŞAK-REFÜJ,HAVALİMANI BAĞLANTI KAVŞAK-ORHANLI KAVŞAK ARASI  YAN REFÜJ,PENDİK / TUZLA,40.91729069 , 29.33582962
KAVŞAK-REFÜJ,HAVALİMANI TERMİNAL KAV-H.LİMANI BAĞLANTI KAVŞAĞI ARASI  YAN REFÜJ,PENDİK,40.91450982 , 29.31846499
KAVŞAK-REFÜJ,HARMANDERE KAVŞAK  ,PENDİK,40.93029353 , 29.32813704
KAVŞAK-REFÜJ, HARMANDERE KAVŞAK - HAVALİMANI KAVŞAK ARASI   YAN REFÜJ,PENDİK,40.92494760 , 29.32476819
KAVŞAK-REFÜJ,HAVALİMANI BAĞLANTI KAVŞAĞİ    ,PENDİK,40.91547463 , 29.32367921
KAVŞAK-REFÜJ,HAVALİMANI TERMİNAL KAVŞAĞI  ,PENDİK,40.91535301 , 29.31157708
KAVŞAK-REFÜJ,İMES KAVŞAK  ,ÜMRANİYE / ATAŞEHİR,40.99518839 , 29.15604651
KAVŞAK-REFÜJ,ORHANLI KAVŞAK ,PENDİK / TUZLA,40.93059750 , 29.34767962
KAVŞAK-REFÜJ,ORHANLI YOLU YAN REFÜJ,TUZLA,40.93272520 , 29.34843063
KAVŞAK-REFÜJ,ORTA REFÜJ   (TEM BOYU),ATAŞEHİR / ÜMRANİYE / SANCAKTEPE / SULTANBEYLİ /  PENDİK / TUZLA,40.87420253 , 29.39168125
KAVŞAK-REFÜJ,TEM KARTAL KAVŞAĞI  ,SANCAKTEPE,40.98399635 , 29.20472324
KAVŞAK-REFÜJ,TEM KARTAL KAVŞAĞI-TEM PENDİK KAVŞAĞI ARASI  YAN REFÜJ,SANCAKTEPE / SULTANBEYLİ / PENDİK,40.97304948 , 29.25413489
KAVŞAK-REFÜJ, TEM KARTAL KAVŞAK - SAMANDIRA KAVŞAK ARASI  YAN REFÜJ,SANCAKTEPE,40.97694974 , 29.21050072
KAVŞAK-REFÜJ,TEM OTOYOLU - FORMULA PİSTİ ARASI   YAN REFÜJ,PENDİK / TUZLA,40.93991431 , 29.36822534
KAVŞAK-REFÜJ,TEM PENDIK KAVŞAK - HARMANDERE KAVŞAK ARASI  YAN REFÜJ,PENDİK,40.93338984 , 29.33042765
KAVŞAK-REFÜJ,TEM PENDİK KAVŞAK ,PENDİK,40.93749507 , 29.33149517
KAVŞAK-REFÜJ,TEM PENDİK KAVŞAK - ŞEKERPINAR ARASI  YAN REFÜJ,PENDİK / TUZLA,40.92588793 , 29.34979320
KAVŞAK-REFÜJ,3004 CADDESİ  ORTA VE YAN REJÜJ,ÜMRANİYE,41.00160149 , 29.09926414
KAVŞAK-REFÜJ,AHMET YESEVİ CADDESİ ORTA VE YAN REFÜJ,ATAŞEHİR,40.98777043 , 29.12033558
KAVŞAK-REFÜJ,AKDENİZ CADDESİ ORTA VE YAN REFÜJ,ÜMRANİYE,41.01389153 , 29.10823345
KAVŞAK-REFÜJ,AZİZ BULVARI ,ATAŞEHİR,41.00678334 , 29.13751245
KAVŞAK-REFÜJ,BARAJYOLU SARIGAZİ ARASI ORTA VE YAN REFÜJ,ÜMRANİYE / SANCAKTEPE,41.00772251 , 29.18187618
KAVŞAK-REFÜJ,BAYRAKTAR CADDESİ ORTA REFÜJ,ÜMRANİYE,41.00194966 , 29.14872408
KAVŞAK-REFÜJ,ÇAMLICA KAVŞAĞI,ÜMRANİYE / ATAŞEHİR,40.99405469 , 29.11402702
KAVŞAK-REFÜJ,ÇAMLICA KAVŞAĞI-HALK CADDESİ ARASI ORTA VE YAN REFÜJ,ÜMRANİYE,40.98998943 , 29.11044896
KAVŞAK-REFÜJ,DUDULLU KAVŞAĞI,ÜMRANİYE,41.01631607 , 29.16365325
KAVŞAK-REFÜJ,DUDULLU-BAKKALKÖY ARASI ORTA VE YAN REFÜJ,ÜMRANİYE / ATAŞEHİR,41.00462968 , 29.15953875
KAVŞAK-REFÜJ,HALK CADDESİ ORTA VE YAN REFÜJ,ATAŞEHİR,40.98483866 , 29.10627007
KAVŞAK-REFÜJ,HATBOYU CADDESİ  ORTA VE YAN REFÜJ,ÜMRANİYE,41.00170675 , 29.14279103
KAVŞAK-REFÜJ,İDEALİSKENT CADDESİ ORTA REFÜJ,ÇEKMEKÖY,41.00678334 , 29.13751245
KAVŞAK-REFÜJ,KAYIŞDAĞI CADDESİ ORTA REFÜJ,ATAŞEHİR,40.97761394 , 29.14580584
KAVŞAK-REFÜJ,KÜÇÜKSU CADDESİ ORTA VE YAN REFÜJLER,ÜMRANİYE,41.04319053 , 29.11780357
KAVŞAK-REFÜJ,KÜÇÜKSU KAVŞAĞI,ÜMRANİYE,41.02927108 , 29.10617352
KAVŞAK-REFÜJ,ŞENOL GÜNEŞ BULVARI,ÜMRANİYE,41.00493735 , 29.11276102
KAVŞAK-REFÜJ,TEPEÜSTÜ KAVŞAĞI,ÜMRANİYE,41.02154938 , 29.12833929
KAVŞAK-REFÜJ,ÜMRANİYE KAVŞAĞI,ÜMRANİYE,41.03106783 , 29.12020683
KAVŞAK-REFÜJ,ÜMRANİYE KAVŞAĞI-ÇAMLICA KAVŞAĞI ARASI YAN REFÜJ,ÜMRANİYE,41.01884576 , 29.12052870
KAVŞAK-REFÜJ,ÜMRANİYE KAVŞAĞI-TANTAVİ TÜNELİ ARASI YAN REFÜJ,ÜMRANİYE,41.03119732 , 29.09531593
KAVŞAK-REFÜJ,YEŞİLVADİ İKEA ÖNÜ ,ÜMRANİYE,40.98998943 , 29.11044896
KAVŞAK-REFÜJ,ÜMRANİYE KÜÇÜKSU CADDESİ - TEM BAĞLINTI YOLU ,ÜMRANİYE,41.05610385 , 29.11748171
KAVŞAK-REFÜJ,ACIBADEM - ATAŞEHİR KAVŞAĞI ARASI ORTA VE YAN REFÜJLER,ÜSKÜDAR,41.00744724 , 29.07943726
KAVŞAK-REFÜJ,ACIBADEM KAVŞAĞI,ÜSKÜDAR,41.00865356 , 29.06213164
KAVŞAK-REFÜJ,ACIBADEM KAVŞAĞI UZUNCAYIR KAVŞAĞI ARASI YAN REFÜJ,ÜSKÜDAR,41.00251230971048 , 29.058246441792228
KAVŞAK-REFÜJ,ACIBADEM ORTA REFÜJ,ÜSKÜDAR,41.01178162181151 , 29.052871971209594
KAVŞAK-REFÜJ,ALTUNİZADE - ACIBADEM ARASI  YAN REFÜJ,ÜSKÜDAR,41.01719468710682 , 29.054152112420283
KAVŞAK-REFÜJ,ALTUNİZADE KAVŞAĞI,ÜSKÜDAR,41.022407439713035 , 29.048754066268835
KAVŞAK-REFÜJ,BAGLARBAŞI-KAPİTOL-ALTUNİZADE ARASI ORTA VE YAN REFÜJLER,ÜSKÜDAR,41.02243959129262 , 29.045309550646692
KAVŞAK-REFÜJ,15 TEMMUZ ŞEHİTLER KÖPRÜSÜ - ALTUNİZADE ARASI YAN REFÜJ,ÜSKÜDAR,41.033175264908905 , 29.045501021255774
KAVŞAK-REFÜJ,BOSNA BULVARI ORTA VE YAN REFÜJLER,ÜSKÜDAR,41.044231961215836 , 29.077041071148667
KAVŞAK-REFÜJ,BULGURLU - TANTAVİ TÜNELİ ARASI ORTA YAN REFÜJ,ÜSKÜDAR,41.02465313077547 , 29.081664208649926
KAVŞAK-REFÜJ,BULGURLU KAVŞAĞI,ÜSKÜDAR,41.02063874 , 29.07500625
KAVŞAK-REFÜJ,BULGURLU KAVŞAĞI - ALTUNİZADE KAVŞAĞI ARASI YAN REFÜJ,ÜSKÜDAR,41.023929576642615 , 29.059188915587224
KAVŞAK-REFÜJ,ÇİÇEKÇİ YAN REFÜJ,ÜSKÜDAR,41.01313055 , 29.01782423
KAVŞAK-REFÜJ,GATA ÖNÜ ORTA VE YAN REFÜJLER,ÜSKÜDAR,41.00229783 , 29.02245641
KAVŞAK-REFÜJ,LİBADİYE ORTA VE YAN REFÜJLER,ÜSKÜDAR,41.01856244 , 29.07529593
KAVŞAK-REFÜJ,MEZARLIK ARASI ORTA VE YAN REFÜJLER,ÜSKÜDAR,41.00676839146652 , 29.024756636729965
KAVŞAK-REFÜJ,MİLLET PARKI ORTA VE YAN REFÜJLER,ÜSKÜDAR,41.023089186554564 , 29.054457193019164
KAVŞAK-REFÜJ,NAKKAŞTEPE ORTA VE YAN REFÜJLER,ÜSKÜDAR,41.03296799164346 , 29.043441447402824
KAVŞAK-REFÜJ,NAMAZGAH ORTA VE YAN REFÜJLER,ÜSKÜDAR,41.02254258070081 , 29.078502328755825
KAVŞAK-REFÜJ,NUH KUYUSU CADDESİ YAN REFÜJ,ÜSKÜDAR,41.01340410661666 , 29.023735821076983
KAVŞAK-REFÜJ,PAŞALİMANI-VANİKÖY ARASI ORTA VE YAN REFÜJLER,ÜSKÜDAR,41.0458095763412 , 29.04880132481486
KAVŞAK-REFÜJ,SOYAKÖNÜ ORTA VE YAN REFÜJLER,ÜSKÜDAR,41.00045151848504 , 29.073360049534774
KAVŞAK-REFÜJ,TEM - ATAŞEHİR KAVŞAĞI,ÜSKÜDAR / ATAŞEHİR,40.99888086 , 29.10779357
KAVŞAK-REFÜJ,15 TEMMUZ ŞEHİTLER KÖPRÜSÜ VE KGM ÇEVRESİ,ÜSKÜDAR,41.03935084 , 29.04021800
KAVŞAK-REFÜJ,KISIKLI MAHALLESİ YAN REFÜJ,ÜSKÜDAR,41.02454023 , 29.07017559
KAMU,AKBABA SPOR ALANI  ,BEYKOZ ,41.14991 , 29.11431
KAMU,BEYKOZ DEVLET HASTANESİ BAHÇESİ,BEYKOZ ,41.11774699 , 29.09755826
KAMU,BEYKOZ İLÇE EMNİYET MÜDÜRLÜĞÜ BAHÇESİ,BEYKOZ ,41.09354300 , 29.10194099
KAMU,İ.B.B. BEYKOZ RECEP ŞAHİN KÖKTÜRK SPOR KOMPLEKSİ BAHÇESİ (BEYKOZ SPOR KOMPLEKSİ KOMPLEKSİ),BEYKOZ ,41.12503917 , 29.10042822
KAMU,MARMARA ÜNİVERSİTESİ BAHÇESİ,BEYKOZ ,41.08075834 , 29.07102585
KAMU,İETT DURAKLARI VE PAZAR YERİ ,PENDİK,40.87438100754227 , 29.24421608448029
KAMU,KURTKÖY SPOR TESİSİ BAHÇESİ,PENDİK,40.933977475647396 , 29.326431155204773
KAMU,PENDİK ÇAMLIK SPOR TESİSİ BAHÇESİ,PENDİK,40.92868452833122 , 29.28049564361572
KAMU,VELİBABA MAHALLESİ YUVAMIZ İSTANBUL KREŞ ALANI BAHÇESİ,PENDİK,40.891796399957286 , 29.260725080966946
KAMU,İDRİS GÜLLÜCE KÜLTÜR MERKEZİ,TUZLA,40.84990898 , 29.30270433
KAMU,İBB TUZLA ENGELLİLER MERKEZİ BAHÇESİ    ,TUZLA,40.82061343 , 29.31194186
KAMU,AYDINLI KATI ATIK AKTARMA İSTASYONU BAHÇESİ,TUZLA,40.860471 , 29.347555
KAMU,İBB KAFKALE SPOR KOMPLEKSİ SAHASI ,TUZLA,40.833278099480225 , 29.29919600486755
KAMU,İSMEM ALKOL VE MADDE BAĞIMLI GENÇLER REHABİLİTASYON MERKEZİ BAHÇESİ,TUZLA,40.86557423 , 29.32059467
KAMU,TEPEÖREN HAYVAN BARINAĞI BAHÇESİ,PENDİK,40.966378 , 29.40096989
KAMU,ANADOLU ADALET SARAYI BAHÇESİ,KARTAL,40.91353690 , 29.17780995
KAMU,HASAN DOĞAN SPOR KOMPLEKSİ BAHÇESİ,KARTAL,40.89254661 , 29.18942928
KAMU,İBB KARTAL EK HİZMET BİNASI BAHÇESİ,KARTAL,40.91349231 , 29.18525577
KAMU,İBB SANATÇI YAŞAM EVİ BAHÇESİ,KARTAL,40.90561108 , 29.24115837
KAMU,İBB KARTAL LOJMANLARI BAHÇESİ,KARTAL,40.91504087 , 29.19122636
KAMU,İSTANBUL BÖLGE ADLİYE MAHKEMESİ BAHÇESİ,KARTAL,40.90990857 , 29.15821373
KAMU,KARTAL CEMEVİ BAHÇESİ,KARTAL,40.90157686 , 29.18894112
KAMU,İBB KARTAL LOJİSTİK DESTEK HİZMETLERİ BAHÇESİ,KARTAL,40.90804366 , 29.19038683
KAMU,KARLIKTEPE MAHALLESİ ÇOCUK ETKİNLİK MERKEZİ BAHÇESİ,KARTAL,40.89917243 , 29.19251919
KAMU,İBB KARTAL HUZUREVİ BAHÇESİ,KARTAL,40.90674629 , 29.24075603
KAMU,HÜRRİYET MAHALLESİ ÇOCUK ETKİNLİK MERKEZİ BAHÇESİ,KARTAL,40.90647364 , 29.24522057
KAMU,YUNUS MAHALLESİ ÇOCUK ETKİNLİK MERKEZİ BAHÇESİ,KARTAL,40.89521891 , 29.20985699
KAMU,FENERBAHÇE ORDUEVİ BAHÇESİ,KADIKÖY,40.96941632 , 29.04449344
KAMU,SELİMİYE KIŞLASI BAHÇESİ,ÜSKÜDAR,41.01103707116475 , 29.01434579318945
KAMU,BARBAROS HAYRETTİNPAŞA İ.Ö. OKULU  BAHÇESİ,MALTEPE,40.94962688 , 29.16109979
KAMU,KADIKÖY ANADOLU İMAM HATİP LİSESİ BAHÇESİ,KADIKÖY,40.998790 , 29.053914
KAMU,BARBAROS HAYRETTİN PAŞA OKULU YANI ALANLARI,MALTEPE,40.95020221 , 29.16227996
KAMU,MÜZE HASANPAŞA GAZHANE,KADIKÖY,40.995546 , 29.043128
KAMU,SANCAKTEPE EYÜP SULTAN SPOR KOMPLEKSİ BAHÇESİ,SANCAKTEPE,40.97887953 , 29.23185292
KAMU,SANCAKTEPE İŞİTME ENGELLİLER REHABİLİTASYON MERKEZİ BAHÇESİ,SANCAKTEPE,41.00163523 , 29.23164535
KAMU,SANCAKTEPE TRAFİK EĞİTİM MERKEZİ BAHÇESİ,SANCAKTEPE,40.99584782 , 29.23779124
KAMU,ŞİLE ENGELLİLER KAMPI BAHÇESİ,ŞİLE,41.18744814 , 29.46981985
KAMU,ŞİLE SPOR KOMPLEKSİ BAHÇESİ,ŞİLE,41.15503434 , 29.58853681
KAMU,YENİDOĞAN YÜZME HAVUZU,SANCAKTEPE,41.01567974 , 29.24509166
KAMU,YUVAM İSTANBUL KREŞİ BAHÇESİ,SANCAKTEPE,41.01567974 , 29.24509166
KAMU,İBB ŞİLE KÜLTÜR MERKEZİ BAHÇESİ,ŞİLE,41.17212891 , 29.61533725
KAMU,İBB ÇEKMEKÖY SPOR KOMPLEKSİ BAHÇESİ,ÇEKMEKÖY,41.02345561 , 29.18530941
KAMU,SAMANDIRA YUVAM İSTANBUL KREŞİ,SANCAKTEPE,4098007930 , 2922490418
KAMU,YUVAMIZ İSTANBUL SULTANBEYLİ KREŞİ  BAHÇESİ,SULTANBEYLİ,40.99099767 , 29.25583541
KAMU,NECMETTİN ERBAKAN KÜLTÜR MERKEZİ BAHÇESİ,SULTANBEYLİ,40.97098383 , 29.25886631
KAMU,HALDUN ALAGAŞ SPOR KOMPLEKSİ BAHÇESİ,ÜMRANİYE,41.02554794 , 29.10499334
KAMU,HEKİMBAŞI ATIK AKTARMA İSTASYONU BAHÇESİ,BEYKOZ,41.05878168 , 29.11319017
KAMU,İBB ÜMRANİYE YÜZME HAVUZU BAHÇESİ,ÜMRANİYE,41.02127416 , 29.12460566
KAMU,İZCİ KAMPI BAHÇESİ,BEYKOZ,41.07368973 , 29.11705256
KAMU,K.BAKKALKÖY ATIK AKTARMA İSTASYONU BAHÇESİ,ATAŞEHİR,40.98495204 , 29.13012028
KAMU,KAYIŞDAĞI DARULACEZE BAHÇESİ,ATAŞEHİR,40.97929869 , 29.14859533
KAMU,MEHMET USLU CAMİ BAHÇESİ,ATAŞEHİR,40.99119608 , 29.15133119
KAMU,ŞEHİT MUHAMMET FATİH SAFİTÜRK KÜLTÜR MERKEZİ BAHÇESİ,ÜMRANİYE,41.01703856 , 29.10584360
KAMU,ÜMRANİYE  MADENLER ÇOCUK ETKİNLİK MERKEZİ,ÜMRANİYE,41.01170774 , 29.19087365
KAMU,ATAŞEHİR ESATPAŞA ÇOCUK ETKİNLİK MERKEZİ,ATAŞEHİR,41.00508916 , 29.08605427
KAMU,MARMARA ÜNİVERSİTESİ İLAHİYAT FAKÜLTESİ BAHÇESİ,ÜSKÜDAR,41.02083245557207 , 29.037905911348115
KAMU,MİMAR SİNAN CAMİİ İÇ AVLUSU VE BAHÇESİ,ATAŞEHİR,40.995710129874645 , 29.111757537461596
KAMU,SOSYAL HİZMETLER MERKEZİ BAHÇESİ,ÜSKÜDAR,41.00926320118918 , 29.021116385640134
KAMU,TSK ÇAMLICA ÖZEL BAKIM EVİ BAHÇESİ,ÜSKÜDAR,41.01074530569294 , 29.05902594126127
KAMU,VAHDETTİN KORUSU,ÜSKÜDAR,41.05466984 , 29.05780256
KAMU,VALİDE-İ CEDİD CAMİİ BAHÇESİ,ÜSKÜDAR,41.02511086 , 29.01480943
KAMU,ÇAMLICA CAMİİ BAHÇESİ,ÜSKÜDAR,41.034348097850106 , 29.071406204965857
MEYDAN,KADIKÖY MEYDANI,KADIKÖY,40.990298 , 29.020912
MEYDAN,AĞVA MEYDAN,ŞİLE ,41.13897079 , 29.85440184
MEYDAN,TERMİNAL MEYDANI,ŞİLE ,41.16664622 , 29.61103101
MEYDAN,MADENLER MEYDANI,ÇEKMEKÖY,41.01418701 , 29.18966264
MEYDAN,İÇERENKÖY MEYDANLARI ,ATAŞEHİR,40.96888166 , 29.11501408
MEYDAN,KARTAL NEYZEN TEVFİK MEYDANI,KARTAL,40.88977586 , 29.18976724
MEYDAN,BÜYÜKADA ATATÜRK MEYDANI,ADALAR,40.87384024 , 29.12648788
MEYDAN,MİMAR SİNAN MEYDANI,ÜSKÜDAR,41.02350822 , 29.01684523
KORU,FLORYA ATATÜRK ORMANI,BAKIRKÖY,40.97701859 , 28.78909349
KORU,YILDIZ KORUSU VE SERALAR,BEŞİKTAŞ,41.04911500 , 29.01493300
KORU,EMİRGAN KORUSU,SARIYER,41.10932500 , 29.05177300
KORU,HACIOSMAN ATATÜRK KENT ORMANI,SARIYER,41.13637000 , 29.03176900
KORU,GÜLHANE KORUSU,FATİH,41.01417487 , 28.98085669
KORU,HIDİV KORUSU,BEYKOZ,41.10483000 , 29.07460000
KORU,BEYKOZ KORUSU,BEYKOZ,41.13148800 , 29.09446400
KORU,BÜYÜKÇAMLICA KORUSU,ÜSKÜDAR,41.02586000 , 29.06967600
KORU,KÜÇÜKÇAMLICA KORUSU,ÜSKÜDAR,41.01694200 , 29.06392800
KORU,FETHİPAŞA KORUSU,ÜSKÜDAR,41.03164100 , 29.02594900
KORU,HAREM KORUSU,ÜSKÜDAR,41.01142844 , 29.01248127
AĞAÇLANDIRMA SAHASI,BEYKOZ KORU YANI ATATÜRK ÇAMLIĞI,BEYKOZ,41.12944157, 29.09546614
KÖY PARKLARI,ÇATALCA HİSARBEYLİ MAHALLE PARKI,ÇATALCA,41.36942566 , 28.47638547
KÖY PARKLARI,ÇATALCA KESTANELİK MAHALLE PARKI,ÇATALCA,41.23042520 , 28.49578482
KÖY PARKLARI,SİLİVRİ KADIKÖY MAHALLE PARKI,SİLİVRİ,41.13397822 , 28.36561185
KÖY PARKLARI,SİLİVRİ FENER MAHALLE PARKI,SİLİVRİ,41.15253690 , 28.23437405
KÖY PARKLARI,ÇATALCA ÇANAKÇA MAHALLE PARKI,ÇATALCA,41.24956599 , 28.49774927
KÖY PARKLARI,ÇATALCA KARACAKÖY MAHALLE PARKI,ÇATALCA,41.40010711 , 28.38259935
KÖY PARKLARI,ÇATALCA ÇİFTLİKKÖY MAHALLE PARKI,ÇATALCA,41.33705017 , 28.40881526
KÖY PARKLARI,SİLİVRİ BÜYÜKÇAVUŞLU MAHALLE PARKI,SİLİVRİ,41.23526064 , 28.05966139
KÖY PARKLARI,SİLİVRİ DEĞİRMENKÖY PARKI,SİLİVRİ,41.09661952 , 28.02555442
KÖY PARKLARI,SEYMEN MAHALLESİ PARKI,SİLİVRİ,41.15957765 , 28.16840217
KÖY PARKLARI,DEMİRCİKÖY KÖY PARKI,SARIYER,41.23515675 , 29.05631727
KÖY PARKLARI,KISIRKAYA KÖY PARKI,SARIYER,41.25048489 , 28.97615986
KÖY PARKLARI,KİLYOS KÖY PARKI,SARIYER,41.24392732 , 29.03460681
KÖY PARKLARI,ODAYERİ KÖY PARKI,EYÜPSULTAN,41.23523644 , 28.85244191
KÖY PARKLARI,PİRİNÇCİ KÖY PARKI,EYÜPSULTAN,41.16355167 , 28.85163054
KÖY PARKLARI,RUMELİFENERİ KÖY PARKI,SARIYER,41.23211398 , 29.10911322
KÖY PARKLARI,USKUMRUKÖY KÖY PARKI,SARIYER,41.21838386 , 29.02343810
KÖY PARKLARI,ŞEHİT TEVFİK İNAN PARKI ,SARIYER,41.21935430 , 29.02324766
KÖY PARKLARI,AĞAÇDERE KÖYÜ,ŞİLE,41.0394459 , 29.7059423
KÖY PARKLARI,AHMETLİ KÖYÜ,ŞİLE,41.1476587 , 29.5705256 
KÖY PARKLARI,AKÇAKESE KÖYÜ,ŞİLE,41.1400039 , 29.7176233 
KÖY PARKLARI,ALACALI KÖYÜ,ŞİLE,41.1811633 , 29.4546407 
KÖY PARKLARI,AVCI KORU KÖYÜ,ŞİLE,41.1198939 , 29.4134447 
KÖY PARKLARI,BIÇKIDERE KÖYÜ,ŞİLE,41.0696562 , 29.4742651 
KÖY PARKLARI,BOZAHLAT KÖYÜ,ŞİLE,41.1120570 , 29.8213980 
KÖY PARKLARI,BOZGACA KÖYÜ,ŞİLE,41.1421183 , 29.7753122 
KÖY PARKLARI,BUCAKLI  (DİK),ŞİLE,41.1174969 , 29.8868707 
KÖY PARKLARI,BUCAKLI  (BÜYÜK),ŞİLE,41.1176375568621 , 29.88668795321031
KÖY PARKLARI,BUCAKLI (BÜYÜKAŞAĞI),ŞİLE,41.117257976509016 , 29.874281973474094
KÖY PARKLARI,ÇATAKLI KÖYÜ,ŞİLE,41.1488488 , 29.6494845 
KÖY PARKLARI,ÇAYIRBAŞI KÖYÜ,ŞİLE,41.1488210 , 29.6495555 
KÖY PARKLARI,ÇELEBİ KÖYÜ,ŞİLE,41.0925990 , 29.9098438 
KÖY PARKLARI,ÇENGİLLİ KÖYÜ,ŞİLE,41.0038823 , 29.6721008 
KÖY PARKLARI,DARLIK KÖYÜ,ŞİLE,41.0426424 , 29.5757972 
KÖY PARKLARI,DEĞİRMENÇAYIR KÖYÜ 1,ŞİLE,40.9807050 , 29.6649152 
KÖY PARKLARI,DEĞİRMENÇAYIR KÖYÜ 2,ŞİLE,40.9752259 , 29.6615303 
KÖY PARKLARI,DEMİRCİLİ KÖYÜ,ŞİLE,41.0361477 , 29.6495636 
KÖY PARKLARI,DOĞANCALI KÖYÜ,ŞİLE,41.1916890 , 29.4370481 
KÖY PARKLARI,EMBEYLER KÖYÜ,ŞİLE,41.0800916 , 29.8018634 
KÖY PARKLARI,EVRENLİ KÖYÜ,ŞİLE,41.1021244 , 29.7615150 
KÖY PARKLARI,GEREDELİ KÖYÜ,ŞİLE,41.0955598 , 29.8612677 
KÖY PARKLARI,GÖÇE KÖYÜ 1,ŞİLE,41.1094395 , 29.8510766 
KÖY PARKLARI,GÖÇEKÖYÜ 2,ŞİLE,41.1069699 , 29.8524499 
KÖY PARKLARI,GÖKMASLI KÖYÜ 1,ŞİLE,41.0966610 , 29.8030087 
KÖY PARKLARI,GÖKMASLI KÖYÜ 2,ŞİLE,41.0984700 , 29.8065224 
KÖY PARKLARI,GÖKSU KÖYÜ,ŞİLE,41.0772575 , 29.7757602 
KÖY PARKLARI,HACI KÖY ,ŞİLE, 41.0833887 , 29.8782474
KÖY PARKLARI,HACILLI KÖYÜ,ŞİLE,41.0453430 , 29.7688465 
KÖY PARKLARI,HALİLOĞLU KÖYÜ,ŞİLE,41.0911557 , 29.8557115 
KÖY PARKLARI,HASANLI KÖYÜ,ŞİLE,41.0181061 , 29.6658969 
KÖY PARKLARI,HATİPLER KÖYÜ,ŞİLE,41.0953582 , 29.8716545 
KÖY PARKLARI,İHSANOĞLU KÖYÜ,ŞİLE,41.0929800 , 29.8083732 
KÖY PARKLARI,İMRENDERE KÖYÜ,ŞİLE,41.1423890 , 29.5981617 
KÖY PARKLARI,İMRENLİ KÖYÜ,ŞİLE,41.1463095 , 29.7386076 
KÖY PARKLARI,İSAKÖY,ŞİLE,41.1068604 , 29.8244799 
KÖY PARKLARI,KABAKOZ KÖYÜ,ŞİLE,41.1445174 , 29.6905196 
KÖY PARKLARI,KADIKÖY,ŞİLE,41.1088413 , 29.9039644 
KÖY PARKLARI,KALEMKÖY ,ŞİLE,41.0884989 , 29.8443121 
KÖY PARKLARI,KARABEYLİ KÖYÜ,ŞİLE,41.1042870 , 29.7324523 
KÖY PARKLARI,KARAKİRAZ KÖYÜ,ŞİLE,41.1792016 , 29.3467449 
KÖY PARKLARI,KARACAKÖY,ŞİLE,41.1517021 , 29.7696152 
KÖY PARKLARI,KARAMANDERE KÖYÜ,ŞİLE,41.1358567 , 29.5893466 
KÖY PARKLARI,KERVANSARAY KÖYÜ,ŞİLE,41.0716358 , 29.4570252 
KÖY PARKLARI,KIZILCA KÖYÜ,ŞİLE,41.1545219 , 29.5437598 
KÖY PARKLARI,KORUCU KÖYÜ,ŞİLE,41.1202132 , 29.5678246 
KÖY PARKLARI,KÖMÜRLÜK KÖYÜ,ŞİLE,41.0814634 , 29.4370387 
KÖY PARKLARI,KÖSELER KÖYÜ,ŞİLE,41.0961920 , 29.8399052 
KÖY PARKLARI,KURFALLI KÖYÜ,ŞİLE,41.1342321 , 29.8258799 
KÖY PARKLARI,KURNA KÖY,ŞİLE, 41.1945833 , 29.3625739
KÖY PARKLARI,MEŞRUTİYET KÖYÜ,ŞİLE,41.1591122 , 29.5629483 
KÖY PARKLARI,ORUÇOĞLU KÖYÜ,ŞİLE,41.0634484 , 29.4886699 
KÖY PARKLARI,OSMANKÖY ,ŞİLE,41.0822474 , 29.7324210 
KÖY PARKLARI,OVACIK KÖYÜ,ŞİLE, 41.1186952 , 29.6188550
KÖY PARKLARI,SAHİLKÖY,ŞİLE,41.2014497 , 29.4143566 
KÖY PARKLARI,SARIKAVAK KÖYÜ,ŞİLE,41.0262989 , 29.6493211 
KÖY PARKLARI,SATMAZLI KÖYÜ,ŞİLE,41.1289148 , 29.5577569 
KÖY PARKLARI,SOFULAR KÖYÜ,ŞİLE,41.1721229 , 29.4936723 
KÖY PARKLARI,SOĞULLAR KÖYÜ,ŞİLE,41.1409437 , 29.7925803 
KÖY PARKLARI,SOĞULLU KÖYÜ,ŞİLE,41.0937755 , 29.8212290 
KÖY PARKLARI,SORTULLU KÖYÜ,ŞİLE,41.0689590 , 29.7375977 
KÖY PARKLARI,SUNGURLU KÖYÜ,ŞİLE,41.0792248 , 29.8666361 
KÖY PARKLARI,ŞUAYİPLİ KÖYÜ,ŞİLE,41.1336538 , 29.8003185 
KÖY PARKLARI,TEKE KÖYÜ,ŞİLE,41.0664404 , 29.6629626 
KÖY PARKLARI,ULUPELİT KÖYÜ,ŞİLE,41.0875214 , 29.5148966 
KÖY PARKLARI,ÜVEZLİ KÖYÜ,ŞİLE, 41.1126173 , 29.4414389
KÖY PARKLARI,YAKA KÖYÜ,ŞİLE,40.9921016 , 29.6540643 
KÖY PARKLARI,YAKUPLU KÖYÜ,ŞİLE,41.1353815 , 29.8430265 
KÖY PARKLARI,YAYLALI KÖYÜ,ŞİLE,41.0928037 , 29.6734433 
KÖY PARKLARI,YAZIMANAYIR KÖYÜ,ŞİLE,41.0685627 , 29.6841788
KÖY PARKLARI,YENİKÖY,ŞİLE,41.1220731 , 29.6526575 
KÖY PARKLARI,YENİKÖY (AĞVA),ŞİLE,41.1154363 , 29.8483247 
KÖY PARKLARI,YEŞİLVADİ KÖYÜ,ŞİLE,41.1227146 , 29.4763398 
KÖY PARKLARI,YUMUŞAK KÖYÜ,ŞİLE,41.0770548 , 29.8796757 
