sehir,acik_adres,ilce,mahalle,nufus_yogunlugu,nufus,yuzolcumu,maliyet
İSTANBUL,"KOCATEPE MAH PAŞA CAD NO:3, FORUM ISTANBUL AVM GF 179 BAYRAMPAŞA İSTANBUL",BAYRAMPASA,KOCATEPE,12394.0,21448,1.7,300000
İSTANBUL,MAHMUTBEY MAHALLESİ TAŞOCAĞI YOLU CAD. A BLOK SIT. 212 AVM APT. NO: 5/Z34 BAĞCILAR/İSTANBUL,BAGCILAR,MAHMUTBEY,5225.0,24596,4.7,315000
İSTANBUL,"MASLAK MAHALLESI, AHİ EVRAN CAD NO:6/A 42 SHOPS & ARTS TICARET MERKEZI BAGIMSIZ BOLUM NO:192-193-194, 34398 SARIYER/İSTANBUL",SARIYER,MASLAK,1328.0,8091,6.1,819000
İSTANBUL,"MALTEPE MAHALLESI, YEDIKULE ÇIRPICI YOLU NO:8276, 6 BLOK 1. BODRUM KAT BAĞIMSIZ BÖLÜM NO:1, 34010 ZEYTINBURNU/İSTANBUL",ZEYTINBURNU,MALTEPE,807.0,2592,3.2,360000
İSTANBUL,ACARLAR MAH. ACARKENT 3.KISIM 9.CAD.DE ACARKENT COLLESIUM CLUB BEYKOZ/İSTANBUL,BEYKOZ,ACARLAR,1346.0,7319,5.4,363000
İSTANBUL,"ACIBADEM MAH. ACIBADEM CAD. NO:190 USKUDAR,ISTANBUL",USKUDAR,ACIBADEM,15154.0,24747,1.6,393000
İSTANBUL,ACIBADEM MAHALLESI ACIBADEM CADDESI KRISTAL APARTMANI NO:98/3 KADIKOY ISTANBUL,KADIKOY,ACIBADEM,20983.0,30549,1.5,567000
İSTANBUL,ALTUNIZADE MAH. TOPHANELIOGLU CAD. NO:13 USKUDAR,USKUDAR,ALTUNIZADE,7833.0,13886,1.8,393000
İSTANBUL,KUCUKBAKKALKOY MAH. VEDAT GUNYOL CAD. NO.36 ATASEHIR,ATASEHIR,KUCUKBAKKALKOY,12777.0,29032,2.3,486000
İSTANBUL,"TEKIN SOKAK NO:8, ACIBADEM MAH. KADIKÖY/İSTANBUL",KADIKOY,ACIBADEM,20983.0,30549,1.5,567000
İSTANBUL,BÜYÜKDERE CAD. NO: 40 ACIBADEM MASLAK HASTANESI METRO GIRIŞI MASLAK / SARIYER / İSTANBUL,SARIYER,MASLAK,1328.0,8091,6.1,819000
İSTANBUL,"KAYIŞDAĞI CADDESI NO:32 ACIBADEM ÜNIVERSITESI, İÇERENKÖY/ATAŞEHIR/İSTANBUL",ATASEHIR,ICERENKOY,21205.0,76344,3.6,486000
İSTANBUL,BARBAROS MH. ATASEHIR BULVARI GELINCIK SOKAK NO: 4 BULVAR 216 C08 NOLU MAĞAZA BATI ATAŞEHIR / İSTANBUL,ATASEHIR,BARBAROS,11065.0,32487,2.9,486000
İSTANBUL,"ACARLAR MAH. E-80 KARAYOLU, KAMER ÇIKMAZI SOK. ACR LOFT AVM NO: 2/28 BEYKOZ/İSTANBUL",BEYKOZ,ACARLAR,1346.0,7319,5.4,363000
İSTANBUL,SINANPAŞA MAHALLESI ŞAIR NEDIM CADDESI NO:5 AKARETLER BESIKTAS ISTANBUL,BESIKTAS,SINANPASA,14670.0,2534,0.17,777000
İSTANBUL,"AKASYA ACIBADEM, ACIBADEM MH. ÇEÇEN SOKAK, AKASYA EVLERI SITESI KENT ETABI, BAĞIMSIZ BÖLÜM NO 289 ÜSKÜDAR 34660 ISTANBUL",USKUDAR,ACIBADEM,15154.0,24747,1.6,393000
İSTANBUL,ACIBADEM MAH. ÇEÇEN SOK. AKASYA AVM APT. NO: 25 1.KAT / 427-428-429 - MERKEZ / ÜSKÜDAR / İSTANBUL,USKUDAR,ACIBADEM,15154.0,24747,1.6,393000
İSTANBUL,BARBAROS MAHALLESI ATAŞEHIR BULVARI GELINCIK SOKAK NO:4 BULVAR 216 MAĞAZA NO: A-Z01 ZEMIN KAT BATI ATAŞEHIR/İSTANBUL,ATASEHIR,BARBAROS,11065.0,32487,2.9,486000
İSTANBUL,TEŞVIKIYE MAH. AKKAVAK-ŞAKAYIK SOKAK NO: 24-63 TEŞVIKIYE ŞIŞLI,SISLI,TESVIKIYE,25431.0,11522,0.45,543000
İSTANBUL,SARAY MAH. DR.ADNAN BÜYÜKDENIZ CAD. NO:2 AKKOM OFISPARK KELIF PLAZA 3.BLOK ZEMIN KAT ÜMRANIYE/İSTANBUL,UMRANIYE,SARAY,1287.0,2307,1.8,372000
İSTANBUL,"NISPETIYE CADDESI AKMERKEZ AVM ( MAGAZA NO: 234 ) ULUS, ISTANBUL",BESIKTAS,KULTUR,6826.0,4925,0.72,777000
İSTANBUL,"ICERENKOY MAH. CAYIR CADDESI, NO:1 CITY'S KOZYATAGI AVM 2E5/B-2E6-AH02-AH03 NO'LU MAGAZA",ATASEHIR,ICERENKOY,21205.0,76344,3.6,486000
İSTANBUL,ETILER TEPECIK YOLU ALKENT SITESI HILLSIDE CITY CLUB BEŞIKTAŞ/İSTANBUL,BESIKTAS,ETILER,9854.0,12023,1.2,777000
İSTANBUL,KÜÇÜKBAKKALKOY MAHALLESI KAYISDAGI CADDESI ALLIANZ TOWER NO:1 KAT:20 ATAŞEHIR/ İSTANBUL,ATASEHIR,KUCUKBAKKALKOY,12777.0,29032,2.3,486000
İSTANBUL,ATATÜRK MAH. ATAŞEHIR BULVARI 3. CADDE NO: 7 ATAŞEHIR / İSTANBUL,ATASEHIR,ATATURK,11843.0,30063,2.5,486000
İSTANBUL,SOĞANLIK MAH. SOĞANLIK CAD. D-100 KUZEY YANYOL CAD. B BLOK APT. NO:72/181 KARTAL,KARTAL,SOGANLIK,15196.0,26713,1.8,363000
İSTANBUL,SARAY MAH. SITE YOLU SOKAK NO:5 ANEL İŞ MERKEZI ZEMIN KAT ÜMRANIYE / İSTANBUL,UMRANIYE,SARAY,1287.0,2307,1.8,372000
İSTANBUL,MURATPAŞA MAHALLESİ ESKİ EDİRNE ASFALTI CAD. NO: 1 /19 BAYRAMPAŞA/İSTANBUL,BAYRAMPASA,MURATPASA,42019.0,33908,0.81,300000
İSTANBUL,ATAKENT MAHALLESI ÇIÇEKLI VADI CAD. NO:1 Z38 KÜÇÜKÇEKMECE/İSTANBUL,KUCUKCEKMECE,ATAKENT,10949.0,93229,8.5,315000
İSTANBUL,BÜYÜKDERE CAD. N0:127 ASTORIA AVM ZEMIN KAT NO:13 ESENTEPE/İSTANBUL,SISLI,ESENTEPE,4514.0,7056,1.6,543000
İSTANBUL,KOÇMAN CAD. ZIYAL PLAZA NO:54/3 GÜNEŞLI/İSTANBUL,BAGCILAR,15 TEMMUZ,26817.0,50755,1.9,315000
İSTANBUL,"15 TEMMUZ MAH. BAHAR CADDESI, DISKAPI NO:45, ISYERI NO: 1B80",BAGCILAR,15 TEMMUZ,26817.0,50755,1.9,315000
İSTANBUL,ABDURRAHMANGAZI MAH. ATLAS PARK AVM ZEMIN KAT ZK-21 NOLU MAĞAZA SULTANBEYLI / ISTANBUL,SULTANBEYLI,ABDURRAHMANGAZI,21049.0,29276,1.4,216000
İSTANBUL,CUMHURİYET MAHALLESİ GÜRPINAR YOLU CAD. NO:1 BÜYÜKÇEKMECE/İSTANBUL,BUYUKCEKMECE,CUMHURIYET,3195.0,7553,2.4,267000
İSTANBUL,ATAKOY 7-8-9-10. KISIM MAHALLESI ÇOBANÇEŞME E-5 YANYOL CADDESI 2 APT NO:8/2A/4 ATAKOY,BAKIRKOY,ATAKOY 7-8-9-10. KISIM,11918.0,24444,2.1,525000
İSTANBUL,"TOPCULAR MAH. OSMAN GAZI CD NO: 3, AXIS AVM KAT 1, 68 NO'LU BAGIMSIZ BOLUM, EYUP,ISTANBUL",EYUPSULTAN,TOPCULAR,2820.0,4673,1.7,471000
İSTANBUL,"RUMELIFENERI CADDESI, MAVROMOLOS SOK. 8/B NO:42-43",SARIYER,ZEKERIYAKOY,1623.0,18867,11.6,819000
İSTANBUL,"BEŞYOL MAH. İNÖNÜ CAD. NO:38 KÜÇÜKÇEKMECE, ISTANBUL",KUCUKCEKMECE,BESYOL,13817.0,4092,0.3,315000
İSTANBUL,KOZYATAGI MAH. SEMSETTIN GÜNALTAY CADDESI NO: 96 /5 KADIKOY,KADIKOY,KOZYATAGI,23691.0,34164,1.4,567000
İSTANBUL,TEM AVRUPA OTOYOLU GOZTEPE CIKISI GOZTEPE MAHALLESI NO: 1 / B105 BAGCILAR / ISTANBUL,BAGCILAR,GOZTEPE,23064.0,37553,1.6,315000
İSTANBUL,GENERAL ASIM GÜNDÜZ CADDESI NO: 26 KADIKOY İSTANBUL,KADIKOY,CAFERAGA,19324.0,23977,1.2,567000
İSTANBUL,"BAHCESEHIR 2.KISIM MAHALLESI, ESENKENT STRADA BAHCSEHIR A6 BIOK NO:108AD DUKKAN NO:100 BAŞAKŞEHIR/İSTANBUL",BASAKSEHIR,BAHCESEHIR 2. KISIM,4770.0,41437,8.7,345000
İSTANBUL,"DEREKÖY MEVKII, SÜZER BULVARI ŞEHRI BAZAR AVM G BLOK NO:11 BAHÇEŞEHIR/İSTANBUL",BASAKSEHIR,BAHCESEHIR 2. KISIM,4770.0,41437,8.7,345000
İSTANBUL,MAHMUTBEY MAH. TAŞOCAĞI YOLU NO:19 BAĞIMSIZ BOLUM NO:F2 GIUNESLI,BAGCILAR,MAHMUTBEY,5225.0,24596,4.7,315000
İSTANBUL,"KARDESLER, BASAK MAH. RESAT NURI GUNTEKIN CAD. NO:1-3B, D:C BLOK,34480 BASAKSEHIR / ISTANBUL",BASAKSEHIR,BASAK,5851.0,70258,12.0,345000
İSTANBUL,BASAKSEHIR MAH. G-432 BULVARI NO: 2M/Z1-Z2 BASAKSEHIR/ISTANBUL,BASAKSEHIR,BASAKSEHIR,7185.0,58445,8.1,345000
İSTANBUL,GÖZTEPE MAHALLESİ BATIŞEHİR CAD. BATIŞEHİR SIT. G3 BLOK APT. NO: 6 A BAĞCILAR/İSTANBUL,BAGCILAR,GOZTEPE,23064.0,37553,1.6,315000
İSTANBUL,HALIT ZIYA USAKLIGIL CAD. ACIBADEM BAKIRKOY HASTANESI NO:1 34140 BAKIRKÖY ISTANBUL,BAKIRKOY,ZEYTINLIK,18610.0,5376,0.29,525000
İSTANBUL,CEVDETPAŞA CAD. NO:30 BEBEK/BEŞIKTAŞ/İSTANBUL,BESIKTAS,BEBEK,4880.0,5891,1.2,777000
İSTANBUL,BARBAROS BULVARI NO:7 YILDIZ İŞ HANI GIRIŞ KATI BEŞIKTAŞ/İSTANBUL,BESIKTAS,BALMUMCU,5988.0,3889,0.65,777000
İSTANBUL,ÇIRAĞAN CAD. OSMANPAŞA MEKTEBI SOKAK NO: 4 – 6 BAHÇEŞEHIR ÜNI. C KAMPÜSÜ BEŞIKTAŞ/İSTANBUL,BESIKTAS,YILDIZ,5581.0,6232,1.1,777000
İSTANBUL,"YAVUZ SULTAN SELIM BLV HILAL KONAKLARI SITE C2 APT NO 32AA BUYUKCEKMECE,ISTANBUL",BUYUKCEKMECE,PINARTEPE,4962.0,18425,3.7,267000
İSTANBUL,"ADNAN KAHVECI MAH. YAVUZ SULTAN SELIM BULVARI .NO:53A BEYLIKDUZU, ISTANBUL, 34528",BEYLIKDUZU,ADNAN KAHVECI,18865.0,86584,4.6,291000
İSTANBUL,"BARBAROS HAYRETTIN PASA MAH. SEHITLER CAD. NO 5B/5C ESENYURT, ISTANBUL, 34515",ESENYURT,BARBAROS HAYRETTIN PASA,19359.0,21017,1.1,246000
İSTANBUL,ADNAN KAHVECI MAH. ANADOLU CAD. NO:30 ZEMIN KAT NO:26-27 BEYLIKDÜZÜ / İSTANBUL,BEYLIKDUZU,ADNAN KAHVECI,18865.0,86584,4.6,291000
İSTANBUL,BARIŞ MAH. SAMSUN CADDESI NO: 14/1 BEYLIKDÜZÜ,BEYLIKDUZU,BARIS,20286.0,51900,2.6,291000
İSTANBUL,BARIŞ MAH. SAKARYA CAD. BEYLIKDÜZÜ MIGROS AVM NO: 1 BEYLIKDÜZÜ/İSTANBUL,BEYLIKDUZU,BARIS,20286.0,51900,2.6,291000
İSTANBUL,ATAKÖY KONAKLARI ADNAN KAHVECI BULVARI 6. KISIM ATAKÖY ALIŞVERIŞ VE YAŞAM MERKEZI NO: ZK2-10 ATAKÖY/BAKIRKÖY/İSTANBUL,BAKIRKOY,ATAKOY 2-5-6. KISIM,11131.0,13671,1.2,525000
İSTANBUL,MERKEZ MAH. ABIDE-I HÜRRIYET CAD. BOLKAN CENTER A-B-C BLOKLAR APT. NO: 211/29 ŞIŞLI,SISLI,MERKEZ,12072.0,13654,1.1,543000
İSTANBUL,CUMHURIYET MAHALLESI GÖKKUŞAĞI SOKAK BOMONTI APARTMANI NO:15 A / ŞIŞLI / İSTANBUL,SISLI,CUMHURIYET,19941.0,7255,0.36,543000
İSTANBUL,İSKELE CAD. NO : 4/4   BOSTANCI/KADIKÖY/İSTANBUL,KADIKOY,BOSTANCI,17671.0,31450,1.8,567000
İSTANBUL,KÜÇÜKBAKKALKÖY  MAH. DUDULLU YOLU CAD. NO: 25/27 ATAŞEHIR/İSTANBUL,ATASEHIR,KUCUKBAKKALKOY,12777.0,29032,2.3,486000
İSTANBUL,ATAKÖY SAHIL YOLU RAUF ORBAY CAD. GALERIA AVM DIŞ CAFE MAHAL NO : 6/10A 34710 ATAKÖY 1. KISIM/İSTANBUL,BAKIRKOY,ATAKOY 1. KISIM,2622.0,1667,0.64,525000
İSTANBUL,İSTANBUL KÜLTÜR ÜNIVERSITESI ATAKÖY YERLEŞKESI ATAKÖY 9 VE 10. KISIMLAR D100 YAN YOL KAT: -1 BAKIRKÖY/İSTANBUL,BAKIRKOY,ATAKOY 7-8-9-10. KISIM,11918.0,24444,2.1,525000
İSTANBUL,FATIH SULTAN MEHMET MAH. BALKAN CAD. NO: 56 BAĞIMSIZ BÖLÜM NO : 92 ÜMRANIYE/İSTANBUL,UMRANIYE,FATIH SULTAN MEHMET,955.0,3976,4.2,372000
İSTANBUL,ATATÜRK MAHALLESİ KORDONBOYU CAD. NO: 59 A BÜYÜKÇEKMECE/İSTANBUL,BUYUKCEKMECE,ATATURK,15106.0,18711,1.2,267000
İSTANBUL,"KAZLIÇEŞME MAHALLESI, KENNEDY CAD. NO: 52DA, 52DB, 52DC ZEYTINBURNU, İSTANBUL",ZEYTINBURNU,KAZLICESME,973.0,2078,2.1,360000
İSTANBUL,HÜRRIYET MAHALLESI DR. CEMIL BENGÜ SOKAK NO:4 B KAĞITHANE / İSTANBUL,KAGITHANE,HURRIYET,44854.0,20219,0.45,516000
İSTANBUL,SARIGAZI MAH ATATÜRK CAD NO.16 ÇAMSAN PARK AVYM İÇ KAPI NO: 6 SANCAKTEPE /İSTANBUL,SANCAKTEPE,SARIGAZI,17699.0,21755,1.2,252000
İSTANBUL,YENI LONDRA ASFALTI İNCIRLI DURAĞI ÖMÜR PLAZA MAĞAZA NO: Z.03 BAHÇELIEVLER/BAKIRKÖY/İSTANBUL,BAHCELIEVLER,BAHCELIEVLER,19452.0,61832,3.2,264000
İSTANBUL,"ZEYTINLIK MAH. FIŞEKHANE CAD. NO:62 CAPACITY AVM, 1K36 BAKIRKÖY/İSTANBUL",BAKIRKOY,ZEYTINLIK,18610.0,5376,0.29,525000
İSTANBUL,"NISPETIYE MAH. AYTAR CADDESI NO:2 LEVENT,BEŞIKTAŞ/ İSTANBUL",BESIKTAS,NISBETIYE,12153.0,12435,1.0,777000
İSTANBUL,HALIT ZIYA USAKLIGIL CAD. NO:1 CAROUSEL AVM GIRIŞ KAT D1 NUMARALI MAĞAZA BAKIRKOY İSTANBUL,BAKIRKOY,ZEYTINLIK,18610.0,5376,0.29,525000
İSTANBUL,"CARREFOUR ANADOLU HISARI: GÖZTEPE MAH. EKSEN ÇIKMAZI SOK. NO:13/A, BEYKOZ/İSTANBUL",BEYKOZ,GOZTEPE,3827.0,10016,2.6,363000
İSTANBUL,AKAT MAHALLESI UĞUR MUMCU CADDESI NO: 8/12 BEŞIKTAŞ / İSTANBUL,BESIKTAS,AKATLAR,10356.0,15624,1.5,777000
İSTANBUL,"USKUMRUKOY MAH, 1. CADDE NO: 9/A SARIYER,ISTANBUL",SARIYER,USKUMRUKOY,488.0,8178,16.8,819000
İSTANBUL,MECLISI MEBUSAN CAD. ÇBS İŞ HANI NO:47 FINDIKLI/BEYOĞLU/İSTANBUL,BEYOGLU,PURTELAS,17346.0,1872,0.11,582000
İSTANBUL,"KILIÇALI PAŞA MAH. MECLIS-I MEBUSAN CAD. NO:8/7B, 34433, BEYOĞLU, İSTANBUL",BEYOGLU,KILICALIPASA,10321.0,2476,0.24,582000
İSTANBUL,MEHMET AKIF ERSOY MAH. A BLOK ÇENGELKÖY ÜSKÜDAR,USKUDAR,MEHMET AKIF ERSOY,19536.0,20960,1.1,393000
İSTANBUL,19 MAYIS MAH. BÜYÜKDERE CAD. NO:22 K:2 MĞZ.NO:BB 89 BLOK 120 CEVAHIR ALIŞVERIŞ VE EĞLENCE MERKEZI ŞIŞLI/İSTANBUL,SISLI,19 MAYIS,26284.0,11458,0.44,543000
İSTANBUL,19 MAYIS MAH. BÜYÜKDERE CAD.NO: 22/2 A BLOK: 2 ŞIŞLI/İSTANBUL,SISLI,19 MAYIS,26284.0,11458,0.44,543000
İSTANBUL,KEMANKEŞ KARA MUSTAFA PAŞA MAHALLESI KEMANKEŞ CADDESI NO:40A-2,BEYOGLU,KEMANKES KARA MUSTAFA PASA,905.0,128,0.14,582000
İSTANBUL,ZAFER MAH. DOĞAN ARASLI BULVARI NO : 79 /1 - 139 - 140 ESENYURT / İSTANBUL,ESENYURT,ZAFER,7167.0,11807,1.6,246000
İSTANBUL,KEMANKEŞ KARA MUSTAFA PAŞA MAHALLESI KEMANKEŞ CADDESI NO:40A-2,BEYOGLU,KEMANKES KARA MUSTAFA PASA,905.0,128,0.14,582000
İSTANBUL,"MERKEZ MAHALLESI, CAVUSBASI CADDESI, NO:84, CAMLIYAKA PROJESI F-9 NO'LU DUKKAN, ÇEKMEKOY/ISTANBUL",CEKMEKOY,MERKEZ,2925.0,24594,8.4,312000
İSTANBUL,GÖZTEPE MAH. BAĞDAT CAD. ALEMDAR APT. NO:237 / 2 KADIKÖY/İSTANBUL,KADIKOY,GOZTEPE,19792.0,35260,1.8,567000
İSTANBUL,OSMANIYE MAH. EKREM KURT BULV. E-5 SAHIL YOLU ÜZERI MS-016 BAKIRKÖY/İSTANBUL,BAKIRKOY,OSMANIYE,10086.0,24126,2.4,525000
İSTANBUL,ASMALI MESCIT MAH. İSTIKLAL CAD. NO: 180/3A BEYOĞLU/İSTANBUL,BEYOGLU,ASMALIMESCIT,5375.0,463,0.086,582000
İSTANBUL,MEŞRUTIYET MAH. BÜYÜKDERE CAD. CEVAHIR ALIŞVERIŞ VE EĞLENCE MERKEZI NO:22 ZEMIN KAT MĞZ NO:231 ŞIŞLI/İSTANBUL,SISLI,MESRUTIYET,26446.0,7922,0.3,543000
İSTANBUL,"MEHMET AKIF MAHALLESI, BASIN EKSPRES YOLU, BAHARIYE CAD. NO:31, 34303 HALKALI / KÜÇÜKÇEKMECE",KUCUKCEKMECE,MEHMET AKIF,48041.0,53351,1.1,315000
İSTANBUL,ALKENT 2000 MAH. HADIMKÖY YOLU CAD. C BLOK APT. NO: 151/1E BUYUKÇEKMECE / İSTANBUL,BUYUKCEKMECE,ALKENT,712.0,4635,6.5,267000
İSTANBUL,SANAYI MAH. 1655 SK. NO : 6  AVM KAPI NO: 64 ESENYURT/İSTANBUL,ESENYURT,ESENKENT,13117.0,10183,0.78,246000
İSTANBUL,HACIAHMET MAH. KURTULUŞ DERESI CAD. NO:31 34440 BEYOĞLU/İSTANBUL,BEYOGLU,HACIAHMET,45817.0,15383,0.34,582000
İSTANBUL,YEŞILKÖY MAH. ATATÜRK CAD. NO:10 DÜNYA TICARET MERKEZI/İSTANBUL,BAKIRKOY,YESILKOY,1794.0,23785,13.3,525000
İSTANBUL,"CUMHURIYET CAD. DAĞ APT. NO:34 ZEMIN KAT, ELMADAĞ/ŞIŞLI/İSTANBUL",SISLI,CUMHURIYET,19941.0,7255,0.36,543000
İSTANBUL,"UNALAN MAH. AYAZMA CAD NO:78 RETAIL 2 KATI, MAĞAZA NO: B4-S-224, USKUDAR, ISTANBUL, 34700",USKUDAR,UNALAN,22820.0,34162,1.5,393000
İSTANBUL,"UNALAN MAH. AYAZMA CAD. NO: 78 PODYUM KATI, MAĞAZA NO: B1 - S - 99, USKUDAR 34700",USKUDAR,UNALAN,22820.0,34162,1.5,393000
İSTANBUL,"UNALAN MAH. AYAZMA CAD NO:78 RETAIL 1 KATI, MAĞAZA NO: B3-S-216, USKUDAR, ISTANBUL, 34700",USKUDAR,UNALAN,22820.0,34162,1.5,393000
İSTANBUL,"D100, CELEBI MEHMET CAD. D:33A, MARMARAPARK AVM, 1.KAT 336 NO'LU MAGAZA 34515 ESENYURT /ISTANBUL",ESENYURT,MEHTERCESME,59240.0,36090,0.61,246000
İSTANBUL,NISPETIYE CAD. NO: 28 MĞZ.NO:1-3 ETILER/İSTANBUL,BESIKTAS,ETILER,9854.0,12023,1.2,777000
İSTANBUL,KAHVEALTI MEVKII GÖKTÜRK KÖYÜ İSTANBUL CAD. NO.12 / ALIŞVERIŞ EĞLENCE MERKEZI MĞZ NO: G-1 KEMERBURGAZ/EYÜP/İSTANBUL,EYUPSULTAN,GOKTURK MERKEZ,1261.0,36843,29.2,471000
İSTANBUL,ÜNIVERSITE MAH. FIRUZKOY BULVARI NO:22/3 L-M AVCILAR/İSTANBUL,AVCILAR,UNIVERSITE,7623.0,21621,2.8,252000
İSTANBUL,OTAKÇILAR CAD.NO: 78 ZEMIN KAT A BLOK NO: Z01-A EYÜP / İSTANBUL,EYUPSULTAN,DEFTERDAR,5012.0,4709,0.94,471000
İSTANBUL,HARMAN SOK. FLY INN ALIŞVERIŞ VE YAŞAM MERKEZI NO:48 MĞZ NO:73 BAKIRKÖY/İSTANBUL,BAKIRKOY,SENLIKKOY,9388.0,28206,3.0,525000
İSTANBUL,KOCATEPE MAHALLESİ PAŞA CAD. FORUM İSTANBUL AVM SIT. FORUM İSTANBUL APT. NO: 3 -5/1011 BAYRAMPAŞA/İSTANBUL,BAYRAMPASA,KOCATEPE,12394.0,21448,1.7,300000
İSTANBUL,"KOCATEPE MAH. PAŞA CAD. NO:3, FORUM İSTANBUL AVM GF 90-91 BAYRAMPAŞA/İSTANBUL",BAYRAMPASA,KOCATEPE,12394.0,21448,1.7,300000
İSTANBUL,"KOCATEPE MAH. PAŞA CAD. NO:3, FORUM İSTANBUL AVM GF 179 BAYRAMPAŞA/İSTANBUL",BAYRAMPASA,KOCATEPE,12394.0,21448,1.7,300000
İSTANBUL,"DIKILITAS MAHALLESI, AYAZMADERE CADDESI, NO:10F BESIKTAS / ISTANBUL",BESIKTAS,DIKILITAS,26466.0,16893,0.64,777000
İSTANBUL,YALCIN KORES CADDESI CAVDAR SOKAK NO:1 BAGCILAR- ISTANBUL,BAGCILAR,BAGLAR,11425.0,15683,1.4,315000
İSTANBUL,FIL KÖPRÜSÜ CADDESI NO:4 EYÜP,EYUPSULTAN,EMNIYETTEPE,12719.0,9397,0.74,471000
İSTANBUL,EMIN SINAN MAHALLESI YENIÇERILER CADDESI NO: 21/A FATIH / İSTANBUL,FATIH,EMINSINAN,18549.0,1225,0.066,348000
İSTANBUL,DIKILITAS MAH. EMIRHAN CAD. NO: 111/B BLOK GARANTI BANKASI EĞITIM MÜDÜRLÜĞÜ BEŞIKTAŞ,BESIKTAS,DIKILITAS,26466.0,16893,0.64,777000
İSTANBUL,"HASAN HALIFE MAHALLESI, SARI ABDULLAH EFENDI SOKAĞI NO:3 FATIH AVM Z21 FATIH/İSTANBUL",FATIH,ISKENDERPASA,39543.0,16686,0.42,348000
İSTANBUL,YILDIZ POSTA CAD. ŞIŞIK APT.NO:44/3 GAYRETTEPE/İSTANBUL,BESIKTAS,GAYRETTEPE,24288.0,14530,0.6,777000
İSTANBUL,"KARADENIZ MAH. ESKI EDIRNE ASFALTI CAD. 408F BLOK , B2-115 NO'LU BAGIMSIZ BOLUM  GAZIOSMANPASA/ISTANBUL",GAZIOSMANPASA,KARADENIZ,53003.0,73225,1.4,387000
İSTANBUL,GÖKTÜRK MERKEZ MAHALLESI 2.KAYIN SOKAK NO:2/A-2/B EYÜPSULTAN / İSTANBUL,EYUPSULTAN,GOKTURK MERKEZ,1261.0,36843,29.2,471000
İSTANBUL,"FENERYOLU MAH. FAHRETTIN KERIM GOKAY CADDESI GAZI MUHTARPASA SOKAK NO:116 ZEMIN KAT BAĞIMSIZ BÖLÜM: 1-2, KADIKOY ISTANBUL",KADIKOY,FENERYOLU,24161.0,24488,1.0,567000
İSTANBUL,ŞENLIKKÖY MAH. HALKALI CAD. NO:93 AQUA FLORYA AVM ZEMIN KAT 19-20 NOLU BAĞIMSIZ BÖLÜMLER FLORYA/İSTANBUL,BAKIRKOY,SENLIKKOY,9388.0,28206,3.0,525000
İSTANBUL,HACI MEHMET EFENDI CAD. NO:23/1-2 SELAMIÇEŞME KADIKÖY/İSTANBUL,KADIKOY,FENERBAHCE,10440.0,17657,1.7,567000
İSTANBUL,ZAFER MAHALLESİ ADİLE NAŞİT BLV. BLOK 10 APT. NO: 54 -58AAA ESENYURT/İSTANBUL,ESENYURT,ZAFER,7167.0,11807,1.6,246000
İSTANBUL,ŞEMŞETTIN GÜNALTAY CAD. NO:158/A KAZASKER/KADIKÖY/İSTANBUL,KADIKOY,19 MAYIS,22695.0,30310,1.3,567000
İSTANBUL,"AYDINEVLER MAHALLESI, SITELER YOLU SK. NO:1 MAĞAZA NO:B1-220/B1-221 34765 MALTEPE",MALTEPE,AYDINEVLER,14180.0,20099,1.4,390000
İSTANBUL,AYDINEVLER MAHALLESİ SİTELER YOLU SK. HİLLTOWN AVM. APT. NO: 1 A/1 MALTEPE/İSTANBUL,MALTEPE,AYDINEVLER,14180.0,20099,1.4,390000
İSTANBUL,ESENTEPE MAH. MUSTAFA KEMAL CAD. NO:66 B BLOK BAĞ BÖLÜM NO:8 KARTAL / İSTANBUL,KARTAL,ESENTEPE,10531.0,26844,2.5,363000
İSTANBUL,REŞITPAŞA MAH. ESKI BÜYÜKDERE CAD. NO: 8 ZEMIN KAT  SARIYER / İSTANBUL,SARIYER,RESITPASA,6171.0,17903,2.9,819000
İSTANBUL,"ERENKÖY MAHALLESI, İSKELE SOKAK, HÜSEYIN AYAZ APARTMANI, NO:22/1  34728 KADIKÖY-İSTANBUL",KADIKOY,ERENKOY,23013.0,31098,1.4,567000
İSTANBUL,TAHTAKALE MAH.FARUK NAFIZ ÇAMLIBEL CADDESI NO: 2AE AVCILAR / İSTANBUL,AVCILAR,TAHTAKALE,4657.0,53209,11.4,252000
İSTANBUL,"NEW AIRPORT INTERNATIONAL E31: TAYAKADIN MAHALLESI, TERMINAL CADDESI. HAVALIMANI TERMINAL BINASI APT. NO:1 - E KATI- E31 - DIŞ HATLAR HAVA TARAFI. MAHAL KODU: 6_E_0850 ARNAVUTKÖY/İSTANBUL",ARNAVUTKOY,TAYAKADIN,149.0,5242,35.3,201000
İSTANBUL,KORDONBOYU MH. ANKARA CD. NO: 145 KARTAL,KARTAL,KORDONBOYU,6099.0,11356,1.9,363000
İSTANBUL,ŞAŞKINBAKKAL MAHALLESI NOTER SOK. NO 18/1 KADIKÖY-ISTANBUL,KADIKOY,SUADIYE,15157.0,22484,1.5,567000
İSTANBUL,İSTIKLAL SOK. NO:10/4 OPTIMUM AVM Z61 YENISAHRA/KADIKÖY/İSTANBUL,ATASEHIR,YENISAHRA,16164.0,11428,0.71,486000
İSTANBUL,"KAYABASI, ULUBATLI HASAN CD NO 3, 34494 BASAKSEHIR/ISTANBUL",BASAKSEHIR,KAYABASI,5408.0,74815,13.8,345000
İSTANBUL,"KAYABASI, ULUBATLI HASAN CD NO 3, 34494 BASAKSEHIR/ISTANBUL",BASAKSEHIR,KAYABASI,5408.0,74815,13.8,345000
İSTANBUL,"AKFIRAT, KUZEY MARMARA OTOYOLU İSTANBUL PARK GIRIŞI, İSTANBUL YÖNÜ  TUZLA",TUZLA,AKFIRAT,94.8,2471,26.1,294000
İSTANBUL,ŞEHIT MUHTAR MAHALLESI İSTIKLAL CADDESI NO: 18 BEYOĞLU / İSTANBUL,BEYOGLU,SEHIT MUHTAR,15608.0,1493,0.096,582000
İSTANBUL,SULTAN SELIM MAH. ESKI BUYUKDERE CAD. NO:59A KAGITHANE / ISTANBUL,KAGITHANE,SANAYI,49207.0,36381,0.74,516000
İSTANBUL,REŞITPAŞA MAH. ESKI BÜYÜKDERE CAD. NO: 8 ZEMIN KAT SARIYER/İSTANBUL,SARIYER,RESITPASA,6171.0,17903,2.9,819000
İSTANBUL,"PINAR M. İSTINYE BAYIRI CAD. ENKA OKULLARI KARŞISI ABC YOLU, İSTINYE PARK -  NO: R334-R335-R336-R337 İSTINYE/SARIYER/İSTANBUL",SARIYER,PINAR,15300.0,11628,0.76,819000
İSTANBUL,"İTÜ AYAZAĞA KAMPÜSÜ, KORU YOLU ARI 3 BINASI L107  34390 MASLAK / İSTANBUL",SARIYER,RESITPASA,6171.0,17903,2.9,819000
İSTANBUL,CAFERAĞA MAH. MUVAKKITHANE S. NO:9 KADIKÖY/İSTANBUL,KADIKOY,CAFERAGA,19324.0,23977,1.2,567000
İSTANBUL,KADIR HAS CAD. KADIR HAS ÜNIVERSITESI D BLOK HOL CIBALI/İSTANBUL,FATIH,CIBALI,29292.0,8057,0.28,348000
İSTANBUL,GÜRSEL MAH. İMRAHOR CAD. PREMIER KAMPÜS OFIS SIT. A BLOK APT.NO:29 A/4 KAĞITHANE/İSTANBUL,KAGITHANE,GURSEL,35434.0,30033,0.85,516000
İSTANBUL,MERKEZ MAHALLESI CENDERE CAD. NO:24 SHELL AKARYAKIT İSTASYONU 34406 KAGITHANE ISTANBUL,KAGITHANE,MERKEZ,14618.0,30404,2.1,516000
İSTANBUL,"MERKEZ MAH., AYAZMA YOLU CAD. NO:37, KAĞITHANE MERKEZ/ISTANBUL",KAGITHANE,MERKEZ,14618.0,30404,2.1,516000
İSTANBUL,BÜYÜKDERE CAD. LEVENT KANYON ALIŞVERIŞ MERKEZI NO :185 2.BODRUM MĞZ NO:185 1.LEVENT/İSTANBUL,SISLI,ESENTEPE,4514.0,7056,1.6,543000
İSTANBUL,"BUYUKDERE CAD. KANYON ALIŞVERIŞ MERKEZI NO:185 , BB NO:176/C LEVENT / BESIKTAS / ISTANBUL",SISLI,ESENTEPE,4514.0,7056,1.6,543000
İSTANBUL,ESENTEPE MAH. MUSTAFA KEMAL CAD. NO:66 B BLOK BAĞ BÖLÜM NO:8 KARTAL  / İSTANBUL,KARTAL,ESENTEPE,10531.0,26844,2.5,363000
İSTANBUL,KORDONBOYU MAHALLESI TURGUT ÖZAL BULVARI NO:65 - 16 KARTAL / İSTANBUL,KARTAL,KORDONBOYU,6099.0,11356,1.9,363000
İSTANBUL,RÜZGARLIBAHÇE MAH. IHLAMUR SK.NO:3/A BEYKOZ / İSTANBUL,BEYKOZ,RUZGARLIBAHCE,2331.0,8011,3.4,363000
İSTANBUL,"HALKALI MERKEZ MAHALLESI TURGUT ÖZAL BULVARI, ATAKENT , KÜÇÜKÇEKMECE/İSTANBUL",KUCUKCEKMECE,HALKALI,17716.0,78180,4.4,315000
İSTANBUL,"GÖKTÜRK MERKEZ MAHALLESI 251 ADA 454 NO'LU PARSEL HIZIR CADDESI KEMERKÖY SITESI NO:74/1-D, GÖKTÜRK İSTANBUL",EYUPSULTAN,GOKTURK MERKEZ,1261.0,36843,29.2,471000
İSTANBUL,ÖMERLI MAH. ORMANYOLU SOK. DIŞ KAPI NO:2 İÇ KAPI NO:9 MAHAL NO:Z-24 ZEMIN ANA HIZMET BINASI ÇEKMEKÖY /İSTANBUL,CEKMEKOY,OMERLI,88.3,4073,46.1,312000
İSTANBUL,OMERLI MAH. ORMANYOLU SOK. DIS KAPI NO:2 IC KAPI NO:9 MAHAL NO:Z-24 ZEMIN ANA HIZMET BINASI,CEKMEKOY,OMERLI,88.3,4073,46.1,312000
İSTANBUL,HALASKARGAZI MAH. RUMELI CAD. NO: 81/1 ŞIŞLI/İSTANBUL,SISLI,HALASKARGAZI,16748.0,1691,0.1,543000
İSTANBUL,"KOŞUYOLU CAD. DIREKLI ÇARŞI SOKAK, NO:1 KOŞUYOLU/KADIKÖY/İSTANBUL",KADIKOY,KOSUYOLU,11217.0,7839,0.7,567000
İSTANBUL,"KOŞUYOLU MAHALLESI, MUHITTIN ÜSTÜNDAĞ CD. DIŞ KAPI NO:11, B BLOK: NO:33 34718 KADIKÖY",KADIKOY,KOSUYOLU,11217.0,7839,0.7,567000
İSTANBUL,"MUHITTIN ÜSTÜNDAĞ SOKAK BINA NO: 75 KOŞUYOLU / KADIKÖY, ISTANBUL",KADIKOY,KOSUYOLU,11217.0,7839,0.7,567000
İSTANBUL,19 MAYIS MAH. ATATÜRK CAD. ULYA ENGIN İŞ MERKEZI NO:68 ZEMIN KAT D:1-2 KOZYATAĞI/KADIKÖY/İSTANBUL,KADIKOY,19 MAYIS,22695.0,30310,1.3,567000
İSTANBUL,MILLET CADDESI NO: 27 MVK WORK-SQUARE İŞ MERKEZI B BLOK ZEMIN KAT NO:2 İSTANBUL PENDIK,PENDIK,YENISEHIR,8697.0,57841,6.7,294000
İSTANBUL,YENİŞEHİR MAH. MİLLET CAD. LENS İSTANBUL SIT. E BLOK APT. NO: 34 EG / PENDİK / İSTANBUL,PENDIK,YENISEHIR,8697.0,57841,6.7,294000
İSTANBUL,İNÖNÜ MAHALLESİ HALKALI CAD. 2 APT. NO: 206 G - H KÜÇÜKÇEKMECE/İSTANBUL,KUCUKCEKMECE,INONU,38862.0,73048,1.9,315000
İSTANBUL,İDEALTEPE MAHALLESI MIZRAK SOKAK NO:2 DÜK:34-35 MALTEPE / İSTANBUL,MALTEPE,IDEALTEPE,17406.0,21982,1.3,390000
İSTANBUL,"ALTAY ÇEŞME MAHALLESI, NARLIÇIFTLIĞI MEVKII ZÜHAL SK. NO:23, 34843 MALTEPE/İSTANBUL",MALTEPE,ALTAYCESME,22494.0,30255,1.3,390000
İSTANBUL,"EVREN MAH. GULBAHAR CAD NO:96 BAGCILAR, ISTANBUL, 34212",BAGCILAR,15 TEMMUZ,26817.0,50755,1.9,315000
İSTANBUL,"ESENTEPE MH. BÜYÜKDERE CADDESI, NO: 199, LEVENT, ŞIŞLI, İSTANBUL",SISLI,ESENTEPE,4514.0,7056,1.6,543000
İSTANBUL,"TURGUT ÖZAL BULVARI, SAHIL YOLU SÜREYYAPAŞA AVM, SÜREYYAPAŞA/MALTEPE/İSTANBUL",MALTEPE,FEYZULLAH,23378.0,19052,0.81,390000
İSTANBUL,ABDURRAHMAN GAZI MAH. EBUBEKIR CADDESI EGE BOYU PROJESI TICARET BLOĞU NO:17AC SAMANDIRA / SANCAKTEPE / ISTANBUL,SANCAKTEPE,ABDURRAHMANGAZI,8093.0,31716,3.9,252000
İSTANBUL,HALASKARGAZI MAH. HALASKARGAZI CADDESI NO:38-66 ŞIŞLI - İSTANBUL,SISLI,HALASKARGAZI,16748.0,1691,0.1,543000
İSTANBUL,MAHMUTBEY MAHALLESİ PEYAMİ SAFA CAD. NO: 38 F BAĞCILAR/İSTANBUL,BAGCILAR,MAHMUTBEY,5225.0,24596,4.7,315000
İSTANBUL,ZIYAGÖKALP MAHALLESI SÜLEYMAN DEMIREL BULVARI MALL OF İSTANBUL AVM 66.10 KOTU: 129 NOLU MAĞAZA MAHMUTBEY/BAŞAKŞEHIR/İSTANBUL,BASAKSEHIR,ZIYA GOKALP,1443.0,21113,14.6,345000
İSTANBUL,ZIYAGÖKALP MAHALLESI SÜLEYMAN DEMIREL BULVARI MALL OF İSTANBUL AVM 73.10 KOTU: 309 NOLU MAĞAZA MAHMUTBEY/BAŞAKŞEHIR/İSTANBUL,BASAKSEHIR,ZIYA GOKALP,1443.0,21113,14.6,345000
İSTANBUL,ZIYAGÖKALP MAHALLESI SÜLEYMAN DEMIREL BULVARI MALL OF İSTANBUL AVM  065-211 NOLU MAĞAZA  MAHMUTBEY / BAŞAKŞEHIR,BASAKSEHIR,ZIYA GOKALP,1443.0,21113,14.6,345000
İSTANBUL,CEVIZLI MAH. TUGAY YOLU MALTEPE CARREFOUR ALIŞVERIŞ MERKEZI NO:67  MAĞAZA NO :2-002 MALTEPE/İSTANBUL,MALTEPE,CEVIZLI,16245.0,35382,2.2,390000
İSTANBUL,FEYZULLAH MAH. BAGDAT CADDESI NO:276/A MALTEPE / İSTANBUL,MALTEPE,FEYZULLAH,23378.0,19052,0.81,390000
İSTANBUL,"FEYZULLAH, BAĞDAT CD. NO: 288, 34843 MALTEPE ISTANBUL",MALTEPE,FEYZULLAH,23378.0,19052,0.81,390000
İSTANBUL,İSTINYE MAH. BALABANDERE CAD. NO:1 İSTINYE-SARIYER/İSTANBUL,SARIYER,ISTINYE,12196.0,16089,1.3,819000
İSTANBUL,OSMANIYE MAH. EKREM KURT BULV. E-5 SAHIL YOLU ÜZERI S:120 BAKIRKÖY/İSTANBUL,BAKIRKOY,OSMANIYE,10086.0,24126,2.4,525000
İSTANBUL,"FENERYOLU MAH. FAHRETTIN KERIM GOKAY CADDESI GAZI MUHTARPASA SOKAK NO:116 ZEMIN KAT BAĞIMSIZ BÖLÜM: 1-2, KADIKOY ISTANBUL",KADIKOY,FENERYOLU,24161.0,24488,1.0,567000
İSTANBUL,MASLAK MAH. SÖĞÜT SOKAK NO: 20 C8 BLOK - DÜKKAN NO : 149 SARIYER İSTANBUL,SARIYER,MASLAK,1328.0,8091,6.1,819000
İSTANBUL,YILDIRIM GÖKER CAD. MAYADROM AKATLAR ALIŞVERIŞ MERKEZI MĞZ NO:32A/B ETILER/BEŞIKTAŞ/İSTANBUL,BESIKTAS,ETILER,9854.0,12023,1.2,777000
İSTANBUL,KAVACIK MAH. EKINCILER CAD. NO:19 D2 BLOK 1. BODRUM KAT KAVACIK KAVŞAĞI - BEYKOZ 34810 İSTANBUL,BEYKOZ,KAVACIK,13862.0,22371,1.6,363000
İSTANBUL,FATIH MAHALLESI KATIP ÇELEBI CADDESI NO: 4/9 TEM OTOYOLU TUZLA/İSTANBUL,TUZLA,FATIH,377.0,1045,2.8,294000
İSTANBUL,İSTINYE MAH. DARÜŞAFAKA CAD. SEBA CENTER İŞ MERKEZI NO: 45 SARIYER ISTANBUL,SARIYER,ISTINYE,12196.0,16089,1.3,819000
İSTANBUL,"KUCUKBAKKALKOY MAH., VEDAT GÜNYOL CD. NO:28-30, 34758 ATAŞEHIR/İSTANBUL",ATASEHIR,KUCUKBAKKALKOY,12777.0,29032,2.3,486000
İSTANBUL,BAHÇELIEVLER MAH. ADNAN KAHVECI BULVARI NO: 227 BAĞIMSIZ BÖLÜM BAHÇELIEVLER,BAHCELIEVLER,BAHCELIEVLER,19452.0,61832,3.2,264000
İSTANBUL,"NECIP FAZIL MH. MABEYN CADDESI, NO: 3-A, ZEMIN KAT MAĞAZA NO: 59 METROGARDEN ALIŞVERIŞ MERKEZI ÜMRANIYE/İSTANBUL",UMRANIYE,NECIP FAZIL,16653.0,27002,1.6,372000
İSTANBUL,METROCITY ALIŞVERIŞ MERKEZI NO:171 MĞZ.NO:109 1.LEVENT/İSTANBUL,BESIKTAS,LEVENT,2956.0,3145,1.1,777000
İSTANBUL,ATATÜRK MAHALLESİ ERTUĞRUL GAZİ SK. METROPOL İSTANBUL SIT. D6 BLOK APT. NO: 2 J ATAŞEHİR/İSTANBUL,ATASEHIR,ATATURK,11843.0,30063,2.5,486000
İSTANBUL,ATATÜRK MAHALLESİ ERTUĞRUL GAZİ SK. D12 BLOK APT. NO: 2 Z/2B028 ATAŞEHİR/İSTANBUL,ATASEHIR,ATATURK,11843.0,30063,2.5,486000
İSTANBUL,FATIH SULTAN MEHMET MAH. BALKAN CAD. M1 MEYDAN AVM NO:64MAGAZA NO: 427 ÜMRANIYE/ISTANBUL,UMRANIYE,FATIH SULTAN MEHMET,955.0,3976,4.2,372000
İSTANBUL,SINANOBA MH. HAYIRLI SK. 1/1A BÜYÜKÇEKMECE,BUYUKCEKMECE,SINANOBA,9356.0,14778,1.6,267000
İSTANBUL,"MIMAROBA MAH. UNLUSOY CADDESI, MARINA 24 CARSI NO: 8/B - 8C BUYUKCEKMECE / ISTANBUL",BUYUKCEKMECE,MIMAROBA,13530.0,18376,1.4,267000
İSTANBUL,TEŞVIKIYE CAD. NO:162 NIŞANTAŞI CITY'S AVM KAT:1 NO: 108 NIŞANTAŞI/İSTANBUL,SISLI,HARBIYE,3247.0,2504,0.77,543000
İSTANBUL,MODA CAD. NO:188/C KADIKÖY/İSTANBUL,KADIKOY,CAFERAGA,19324.0,23977,1.2,567000
İSTANBUL,3T ÇARŞI PAZAR ALIŞVERIŞ MERKEZI BÜYÜKDERE CAD. LEVENT METROSU IÇI NO: 99 LEVENT/ŞIŞLI/İSTANBUL,SISLI,ESENTEPE,4514.0,7056,1.6,543000
İSTANBUL,ESENTEPE MAH. BÜYÜKDERE CAD. NO: 181 ÖZDILEK PARK AVM (MAĞAZA NO: Z0-K024B /K024C) LEVENT/ İSTANBUL,SISLI,ESENTEPE,4514.0,7056,1.6,543000
İSTANBUL,ATATÜRK MAH. ATAŞEHIR BULVARI 3. CADDE NO: 7 ATAŞEHIR / İSTANBUL,ATASEHIR,ATATURK,11843.0,30063,2.5,486000
İSTANBUL,TEPE NAUTILUS ALIŞVERIŞ MERKEZI NO:1 MĞZ.NO:41/A KADIKÖY/İSTANBUL,KADIKOY,KOSUYOLU,11217.0,7839,0.7,567000
İSTANBUL,KAYNARCA MAHALLESI ELKA SOKAK NO:31 PENDIK/ISTANBUL,PENDIK,KAYNARCA,14944.0,48246,3.2,294000
İSTANBUL,MIMAR SINAN MAHALLESI ÇAVUŞDERE CAD.. E(AVM) APT. NO: 41 E ÜSKÜDAR/İSTANBUL,USKUDAR,MIMAR SINAN,23838.0,12077,0.51,393000
İSTANBUL,"TAYAKADIN MAHALLESI, TERMINAL CADDESI. HAVALIMANI TERMINAL BINASI APT. NO:1- F KATI- F04 - İÇ HATLAR HAVA TARAFI. MAHAL KODU: 6_F_0353 ARNAVUTKÖY/İSTANBUL",ARNAVUTKOY,TAYAKADIN,149.0,5242,35.3,201000
İSTANBUL,"TAYAKADIN MAHALLESI, TERMINAL CADDESI.HAVALIMANI TERMINAL BINASI APT. NO:1- E KATI- E30 - DIŞ HATLAR HAVA TARAFI. MAHAL KODU: 6_E_0837 ARNAVUTKÖY/İSTANBUL",ARNAVUTKOY,TAYAKADIN,149.0,5242,35.3,201000
İSTANBUL,"TAYAKADIN MAHALLESI, TERMINAL CADDESI. HAVALIMANI TERMINAL BINASI APT. NO:1 - E KATI- E31 - DIŞ HATLAR HAVA TARAFI. MAHAL KODU: 6_E_0850 ARNAVUTKÖY/İSTANBUL",ARNAVUTKOY,TAYAKADIN,149.0,5242,35.3,201000
İSTANBUL,KOZYATAĞI MAH. DEĞIRMEN SK. NO:18 NIDA KULE KOZYATAĞI/İSTANBUL,KADIKOY,KOZYATAGI,23691.0,34164,1.4,567000
İSTANBUL,ESENTEPE MAHALLESI HARMAN 1 SOKAK NO:7-9 ŞIŞLI İSTANBUL,SISLI,ESENTEPE,4514.0,7056,1.6,543000
İSTANBUL,PIYALEPASA BULVARI OKMEYDANI MEMORIAL HASTANESI OKMEYDANI SISLI/İSTANBUL,SISLI,KAPTANPASA,10690.0,3312,0.31,543000
İSTANBUL,1453 SÖĞÜTÖZÜ SOKAK AĞAOĞLU MASLAK 1453 NO:20NIŞANTAŞI UNIVERSITESI BAĞIMSIZ BOLUM: C112 34398 SARIYER,SARIYER,MASLAK,1328.0,8091,6.1,819000
İSTANBUL,NIŞANTAŞI MAH. VALI KONAĞI CAD. NO:30 MAĞAZA NO:1-2 NIŞANTAŞI/İSTANBUL,SISLI,HARBIYE,3247.0,2504,0.77,543000
İSTANBUL,KÜÇÜKBAKKALKÖY MAHALLESI DILEK SABANCI CAD. ATAŞEHIR EVLENDIRME DAIRESI 1. BLOK NO : 25 ATAŞEHIR / İSTANBUL,ATASEHIR,KUCUKBAKKALKOY,12777.0,29032,2.3,486000
İSTANBUL,GÜRSEL MAH. ATIYE SOK. NO:1 ÇAĞLAYAN,KAGITHANE,GURSEL,35434.0,30033,0.85,516000
İSTANBUL,AKFIRAT BELDESI FORMULA 1 YANI OKAN ÜNIVERSITESI YAŞAM MERKEZI BINASI GIRIŞ KAT TUZLA/İSTANBUL,TUZLA,AKFIRAT,94.8,2471,26.1,294000
İSTANBUL,"HAMIDIYE MAHALLESI, NO:, CENDERE CD. NO:63, 34406 KAĞITHANE",KAGITHANE,HAMIDIYE,11336.0,38313,3.4,516000
İSTANBUL,MASLAK MAH. ESKI BÜYÜKDERE CAD. NO: 27 35A-36A-36B NOLU BAĞIMSIZ BÖLÜMLER,SARIYER,MASLAK,1328.0,8091,6.1,819000
İSTANBUL,USKUMRU KÖYÜ YORGANCI ÇIFTLIĞI MEVKII ORMANADA SITESI 34450 SARIYER/İSTANBUL,SARIYER,USKUMRUKOY,488.0,8178,16.8,819000
İSTANBUL,MECIDIYE MAHALLESI DEĞIRMEN SOKAK NO: 16 ORTAKÖY/BEŞIKTAŞ/İSTANBUL,BESIKTAS,MECIDIYE,21967.0,10766,0.49,777000
İSTANBUL,BÜYÜKDERE CAD. NO:24 SUN PLAZA MASLAK/İSTANBUL,SARIYER,MASLAK,1328.0,8091,6.1,819000
İSTANBUL,"ÖMERLI MAHALLESI, KADIROVA CD. NO: 1 ÇEKMEKÖY/İSTANBUL",CEKMEKOY,OMERLI,88.3,4073,46.1,312000
İSTANBUL,YUNUS EMRE MAH. LÜTFÜ AYKAÇ BULVARI NO: 80 VEGA İSTANBUL AVM 1. BODRUM KAT 1B-M-01 SULTANGAZI / İSTANBUL,SULTANGAZI,YUNUSEMRE,36974.0,46999,1.3,231000
İSTANBUL,"BARBAROS MAH. HALK CAD. NO:8/B, PALLADIUM AVM BAGIMSIZ BOLUM: B38 ATAŞEHIR/ İSTANBUL",ATASEHIR,BARBAROS,11065.0,32487,2.9,486000
İSTANBUL,FATIH MAHALLESI KATIP ÇELEBI CADDESI NO: 4/9 TEM OTOYOLU TUZLA/ ISTANBUL,TUZLA,FATIH,377.0,1045,2.8,294000
İSTANBUL,"CEVIZLI MAHALLESI, TUGAY YOLU CD. NO:69C C BLOK, MAĞAZA NO: 2K-A-K39 34846 MALTEPE",MALTEPE,CEVIZLI,16245.0,35382,2.2,390000
İSTANBUL,AKPINAR MAH. KANUNI CAD. NO:6 SANCAKTEPE İSTANBUL,SANCAKTEPE,AKPINAR,12576.0,20949,1.7,252000
İSTANBUL,"ZUHAL CAD. ,NO:46/A , ZEMIN KAT, 357 NOLU MAĞAZA CEVIZLI MALTEPE",MALTEPE,CEVIZLI,16245.0,35382,2.2,390000
İSTANBUL,MECIDIYEKOY MAH. OGUZ SOK. NO: 9 ŞIŞLI İSTANBUL,SISLI,MECIDIYEKOY,44410.0,20219,0.46,543000
İSTANBUL,"CUMHURIYET CAD. NO. 8 RUZGARLIBAHCE BEYKOZ, ISTANBUL, 34805",BEYKOZ,RUZGARLIBAHCE,2331.0,8011,3.4,363000
İSTANBUL,"HACI ÖMER SABANCI HOLDING A.Ş. SABANCI CENTER KULE 2, 1.BODRUM 4.LEVENT/İSTANBUL",BESIKTAS,LEVENT,2956.0,3145,1.1,777000
İSTANBUL,ORTA MAH. ÜNIVERSITE CAD. NO: 27 ORHANLI TUZLA /İSTANBUL,TUZLA,ORTA,2806.0,10387,3.7,294000
İSTANBUL,FATİH MAH. KANUNİ CAD. NO: 7 / TUZLA / İSTANBUL,TUZLA,FATIH,377.0,1045,2.8,294000
İSTANBUL,MERKEZ MAH. ORTAÇEŞME CAD. NO:2 SARIYER İSTANBUL,SARIYER,MERKEZ,9185.0,12750,1.4,819000
İSTANBUL,"SANAYI MAH. SABIHA GOKCEN HAVALIMANI,GELEN YOLCU KATI DIŞ HATLAR KARA TARAFI , AL 301 NOLU ALAN, ISTANBUL, 34906",PENDIK,SANAYI,251.0,3414,13.6,294000
İSTANBUL,"SAW DOMESTIC AIR SIDE: SANAYI MAHALLESI, SAHINLER CADDESI SABIHA GÖKÇEN HAVA LIMANI, HAVA TARAFI IÇ HATLAR GIDIŞ ASMA KAT ML511 – ML511A ,34906 PENDIK,ISTANBUL",PENDIK,SANAYI,251.0,3414,13.6,294000
İSTANBUL,MERKEZ MAH. 100.YIL CADDESI ICMELER MEVKII NO:42 BAGIMSIZ BOLUM NO: B-08 IS BANKASI TEKNOLOJI VE OPERASYON MERKEZI TUZLA/ISTANBUL,TUZLA,ICMELER,11484.0,10467,0.91,294000
İSTANBUL,AYAZAĞA MAH. MIMAR SINAN SOK. E APT. NO:21/1 SARIYER,SARIYER,AYAZAGA,2264.0,35317,15.6,819000
İSTANBUL,ŞERIFALI MAH. ÇETIN CAD. (TEM YAN YOLU) HÜSREV SOK. NO:2/1 ÜMRANIYE/İSTANBUL,UMRANIYE,SERIFALI,6872.0,8460,1.2,372000
İSTANBUL,ALTUNIZADE MAH. KISIKLI CAD. NO:25 ÜSKÜDAR/İSTANBUL,USKUDAR,ALTUNIZADE,7833.0,13886,1.8,393000
İSTANBUL,MAHIR İZ CAD. CAPITOL ALIŞVERIŞ MERKEZI 1.KAT 43-60 ALTUNIZADE/ÜSKÜDAR/İSTANBUL,USKUDAR,ALTUNIZADE,7833.0,13886,1.8,393000
İSTANBUL,ALIPAŞA MAHALLESI TEM CADDESI NO:120 SILIVRI / İSTANBUL,SILIVRI,ORTAKOY,227.0,3809,16.8,186000
İSTANBUL,ALIPAŞA MAHALLESI TEM CADDESI NO:125 SILIVRI / İSTANBUL,SILIVRI,ORTAKOY,227.0,3809,16.8,186000
İSTANBUL,"VEGA ALISVERIS MERKEZI SILIVRI, YENI MAH., GENERAL ALI IHSAN TURKKAN CADDESI, NO:7 SILIVRI / ISTANBUL",SILIVRI,YENI,1368.0,32829,24.0,186000
İSTANBUL,"MECIDIYEKÖY, ORTAKLAR CAD., NO:17 , MELIHA AVNI SÖZEN FUAR MERKEZI, ŞİŞLİ / İSTANBUL 3564",SISLI,MECIDIYEKOY,44410.0,20219,0.46,543000
İSTANBUL,SUADIYE BAĞDAT CAD. ALI BOR APT. NO:433/A KADIKÖY/İSTANBUL,KADIKOY,SUADIYE,15157.0,22484,1.5,567000
İSTANBUL,SUADIYE MAH. PLAJYOLU SOKAK NO: 18/2 KADIKÖY / ISTANBUL,KADIKOY,SUADIYE,15157.0,22484,1.5,567000
İSTANBUL,ALEMDAR MAH. DIVAN YOLU CAD.-NO :76/A BEYAZIT/İSTANBUL,FATIH,BEYAZIT,1027.0,114,0.11,348000
İSTANBUL,MAHIR İZ CADDESI CAPITOL AVM KAT:4 MAĞAZA NO: 18701 ALTUNIZADE/ USKUDAR / ISTANBUL,USKUDAR,ALTUNIZADE,7833.0,13886,1.8,393000
İSTANBUL,INKILAP MAH.KUCUKSU CADDESI AKASYA PARK UMRANIYE AVM 2.BODRUM KAT MAGAZA NO: A3B2-K35 UMRANIYE ISTANBUL,UMRANIYE,INKILAP,14444.0,29569,2.0,372000
İSTANBUL,INKILAP MAH. ALEMDAĞ CAD. NO: 169 CAN PARK AVM ZEMIN KAT MAĞAZA NO : 35,UMRANIYE,INKILAP,14444.0,29569,2.0,372000
İSTANBUL,GÜMÜŞSUYU MAH. SIRASELVILER CAD. NO: 5 TAKSIM/BEYOĞLU/İSTANBUL,BEYOGLU,GUMUSSUYU,6215.0,2109,0.34,582000
İSTANBUL,ATAKENT MAH. 221. SOK. NO: 9 H / 5 KÜÇÜKÇEKMECE,KUCUKCEKMECE,ATAKENT,10949.0,93229,8.5,315000
İSTANBUL,"KEMANKEŞ KARAMUSTAFA PAŞA MAHALLESI, MUMHANE CD. NO:50, 34425 BEYOĞLU",BEYOGLU,KEMANKES KARA MUSTAFA PASA,905.0,128,0.14,582000
İSTANBUL,SAADETDERE MAH. 137. SK. TORIUM AVM MĞZ. NO : 263 HARAMIDERE SANAYI SITESI KARŞISI ESENYURT/İSTANBUL,ESENYURT,SAADETDERE,62919.0,21850,0.35,246000
İSTANBUL,"FULYA MAHALLESI, AKINCI BAYIRI SK. NO:14,ZEMIN KAT BAGIMSIZ BOLUM NO:144 34394 ŞIŞLI/İSTANBUL",SISLI,FULYA,25700.0,17327,0.67,543000
İSTANBUL,İNCIRLI CAD. TOWN CENTER AVM NO:11 MĞZ. NO:208 BAKIRKÖY/İSTANBUL,BAKIRKOY,ZUHURATBABA,11368.0,20966,1.8,525000
İSTANBUL,ATATÜRK MAH. ATAPARK CAD. B9 BLOK APT. NO:3MA ATAŞEHIR/İSTANBUL,ATASEHIR,ATATURK,11843.0,30063,2.5,486000
İSTANBUL,KEMERDERE MEVKİİ BARAJ YOLU CAD NO:17 34775 A BLOK ZEMİN KAT B.B. NO:1 YUKARI DUDULLU/ÜMRANİYE İSTANBUL,UMRANIYE,YUKARIDUDULLU,11369.0,20295,1.8,372000
İSTANBUL,INKILAP MAH.KUCUKSU CADDESI AKASYA PARK UMRANIYE AVM 2.BODRUM KAT MAGAZA NO: A3B2-K35 UMRANIYE,UMRANIYE,INKILAP,14444.0,29569,2.0,372000
İSTANBUL,AYDINTEPE MAH. PROF DR NECMETTIN ERBAKAN CADDESI DIS KAPI NO:70 IC KAPI NO:2-3-4 TUZLA / ISTANBUL,TUZLA,AYDINTEPE,8339.0,23998,2.9,294000
İSTANBUL,POSTANE MAH. CUMHURİYET CAD. NO: 5 TA / 11 TUZLA / İSTANBUL,TUZLA,POSTANE,3737.0,19574,5.2,294000
İSTANBUL,"UGUR MUMCU MAHALLESI, ŞEYH ŞAMIL CADDESI, NO: 13CG, KARTAL / İSTANBUL",KARTAL,UGUR MUMCU,23557.0,41544,1.8,363000
İSTANBUL,"MEHMET AKIF MAHALLESI, ELALMIS CADDESI, NO:15 UMRANIYE / ISTANBUL",UMRANIYE,MEHMET AKIF,33665.0,24911,0.74,372000
İSTANBUL,"HUZUR MAH., AYAZAĞA CAD. NO:4, UNIQ ISTANBUL GF BLOK MAĞAZA NO: 029 34396 MASLAK/SARIYER/İSTANBUL",SARIYER,HUZUR,3314.0,7948,2.4,819000
İSTANBUL,"AYAZAGA MAH. CENDERE CAD. NO: 109/C 2.KAT BAGIMSIZ BOLUM: 1-02011, 1-02012 SARIYER",SARIYER,AYAZAGA,2264.0,35317,15.6,819000
İSTANBUL,"AYAZAĞA MAH. CENDERE CAD. NO: 109/C BAGIMSIZ BOLUM:4-Z022, 4-Z014, 4-Z015 SARIYER",SARIYER,AYAZAGA,2264.0,35317,15.6,819000
İSTANBUL,AYAZAGA MAH. CENDERE CAD. NO: 109/C BAGIMSIZ BOLUM: 1-02019 SARIYER,SARIYER,AYAZAGA,2264.0,35317,15.6,819000
İSTANBUL,AYAZAĞA MAH. CENDERE CAD. NO: 109/C BAGIMSIZ BOLUM: 1-Z068 SARIYER / ISTANBUL,SARIYER,AYAZAGA,2264.0,35317,15.6,819000
İSTANBUL,AKŞEMSETTIN MAHALLESI ADNAN MENDERES VATAN BULVARI NO 46- 50 B FATIH ISTANBUL,FATIH,AKSEMSETTIN,56537.0,24856,0.44,348000
İSTANBUL,BARBAROS MAH. IHLAMUR BULVARI NO:3/241 ATAŞEHIR / İSTANBUL,ATASEHIR,BARBAROS,11065.0,32487,2.9,486000
İSTANBUL,KARADENİZ MAHALLESİ ESKİ EDİRNE ASFALTI CAD. VENEZİA MEGA REZİDENCE SIT. F BLOK APT. NO: 408 F/B1133 GAZİOSMANPAŞA/İSTANBUL,GAZIOSMANPASA,KARADENIZ,53003.0,73225,1.4,387000
İSTANBUL,YENIŞEHIR M. DEDEPAŞA CAD. NO:2 VIAPORT AVM B BLOK:107 KURTKÖY/PENDIK/İSTANBUL,PENDIK,YENISEHIR,8697.0,57841,6.7,294000
İSTANBUL,"YEŞILPINAR MAH. GIRNE CAD. VIALAND AVM ZEMIN KAT NO: 2ZK83, EYÜP / İSTANBUL,34065",EYUPSULTAN,YESILPINAR,30091.0,38497,1.3,471000
İSTANBUL,"CAMI MH., ŞEHITLER CD. NO:20, BAGIMSIZ BOLUM NO: ZK173 34940 TUZLA/İSTANBUL",TUZLA,CAMI,4123.0,5260,1.3,294000
İSTANBUL,BARBAROS MAH. KIZIL BEGONYA SOKAK NO:10/1 A BLOK BAĞIMSIZ BÖLÜM A-05 BATI ATAŞEHIR İSTANBUL,ATASEHIR,BARBAROS,11065.0,32487,2.9,486000
İSTANBUL,"VEGA ALISVERIS MERKEZI SILIVRI, YENI MAH., GENERAL ALI IHSAN TURKKAN CADDESI, NO:7 SILIVRI / ISTANBUL",SILIVRI,YENI,1368.0,32829,24.0,186000
İSTANBUL,"MARMARA MAHALLESI, AVRASYA CADDESI, NO:17C/64, 17D/65 BEYLIKDUZU / ISTANBUL",BEYLIKDUZU,MARMARA,4790.0,26537,5.5,291000
İSTANBUL,"KAVAKLI MAHALLESI, YESILYURT CADDESI, NO: 17 / 85-86 BEYLIKDUZU / ISTANBUL",BEYLIKDUZU,KAVAKLI,5232.0,27566,5.3,291000
İSTANBUL,"KAZLIÇEŞME MAH. KENNEDY CADDESI, NO:54 C BLOK CJ ZEYTINBURNU/İSTANBUL",ZEYTINBURNU,KAZLICESME,973.0,2078,2.1,360000
İSTANBUL,KUCUKSU CAD. NO:60 MAGAZA NO: 1B-3 ORYA PARK ÜMRANIYE/ISTANBUL,UMRANIYE,INKILAP,14444.0,29569,2.0,372000
İSTANBUL,YEŞILKÖY MAH. İSTASYON CAD. HEMERA İŞ MERKEZI NO: 46 BAĞIMSIZ BÖLÜM NO: 2 BAKIRKOY,BAKIRKOY,YESILKOY,1794.0,23785,13.3,525000
İSTANBUL,"LEVENT MAHALLESI, ÇAMLIK SOK. YAPI KREDI PLAZA D BLOK, 34330 BEŞIKTAŞ/İSTANBUL",BESIKTAS,LEVENT,2956.0,3145,1.1,777000
İSTANBUL,ORTAKÖY MAH. BARBAROS BULVARI KAVŞAĞI ZORLU CENTER AV B2022-A & I-AV32181 BEŞIKTAŞ/İSTANBUL,BESIKTAS,ORTAKOY,9867.0,9556,0.97,777000
