İLÇE ADI,MAHALLE ADI,SES,SES SKORU
ADALAR,BURGAZADA,B,62.5
ADALAR,HEYBELIADA,B,62.5
ADALAR,KINALIADA,C,37.5
ADALAR,MADEN,B,62.5
ADALAR,NIZAM,B+,75.0
ARNAVUTKOY,ADNANMENDERES,E,12.5
ARNAVUTKOY,ANADOLU,E,12.5
ARNAVUTKOY,ARNAVUTKOYMERKEZ,D,25.0
ARNAVUTKOY,ATATURK,E,12.5
ARNAVUTKOY,BAKLALI,E,12.5
ARNAVUTKOY,BALABAN,E,12.5
ARNAVUTKOY,BOGAZKOYISTIKLAL,D,25.0
ARNAVUTKOY,BOLLUCA,D,25.0
ARNAVUTKOY,BOYALIK,E,12.5
ARNAVUTKOY,CILINGIR,E,12.5
ARNAVUTKOY,DELIKLIKAYA,E,12.5
ARNAVUTKOY,DURSUNKOY,E,12.5
ARNAVUTKOY,DURUSU,E,12.5
ARNAVUTKOY,FATIH,E,12.5
ARNAVUTKOY,HACIMASLI,E,12.5
ARNAVUTKOY,HADIMKOY,D,25.0
ARNAVUTKOY,HARACCI,E,12.5
ARNAVUTKOY,HASTANE,D,25.0
ARNAVUTKOY,HICRET,E,12.5
ARNAVUTKOY,IMRAHOR,E,12.5
ARNAVUTKOY,ISLAMBEY,E,12.5
ARNAVUTKOY,KARABURUN,E,12.5
ARNAVUTKOY,KARLIBAYIR,E,12.5
ARNAVUTKOY,MARESALFEVZICAKMAK,E,12.5
ARNAVUTKOY,MAVIGOL,C,37.5
ARNAVUTKOY,MEHMETAKIFERSOY,D,25.0
ARNAVUTKOY,MUSTAFAKEMALPASA,D,25.0
ARNAVUTKOY,NENEHATUN,E,12.5
ARNAVUTKOY,OMERLI,C,37.5
ARNAVUTKOY,SAZLIBOSNA,E,12.5
ARNAVUTKOY,TASOLUK,E,12.5
ARNAVUTKOY,TAYAKADIN,E,12.5
ARNAVUTKOY,TERKOS,E,12.5
ARNAVUTKOY,YASSIOREN,E,12.5
ARNAVUTKOY,YAVUZSELIM,D,25.0
ARNAVUTKOY,YENIKOY,E,12.5
ARNAVUTKOY,YESILBAYIR,D,25.0
ARNAVUTKOY,YUNUSEMRE,E,12.5
ATASEHIR,ASIKVEYSEL,C,37.5
ATASEHIR,ATATURK,A,87.5
ATASEHIR,BARBAROS,A,87.5
ATASEHIR,ESATPASA,C,37.5
ATASEHIR,FERHATPASA,D,25.0
ATASEHIR,FETIH,B,62.5
ATASEHIR,ICERENKOY,B,62.5
ATASEHIR,INONU,C+,50.0
ATASEHIR,KAYISDAGI,C,37.5
ATASEHIR,KUCUKBAKKALKOY,B+,75.0
ATASEHIR,MEVLANA,C,37.5
ATASEHIR,MIMARSINAN,E,12.5
ATASEHIR,MUSTAFAKEMAL,C,37.5
ATASEHIR,ORNEK,B,62.5
ATASEHIR,YENICAMLICA,C,37.5
ATASEHIR,YENISAHRA,C,37.5
ATASEHIR,YENISEHIR,B+,75.0
AVCILAR,AMBARLI,C,37.5
AVCILAR,CIHANGIR,C,37.5
AVCILAR,DENIZKOSKLER,C+,50.0
AVCILAR,FIRUZKOY,C,37.5
AVCILAR,GUMUSPALA,C,37.5
AVCILAR,MERKEZ,B,62.5
AVCILAR,MUSTAFAKEMALPASA,C,37.5
AVCILAR,TAHTAKALE,C+,50.0
AVCILAR,UNIVERSITE,B,62.5
AVCILAR,YESILKENT,D,25.0
BAGCILAR,100.YIL,D,25.0
BAGCILAR,BAGLAR,C,37.5
BAGCILAR,BARBAROS,D,25.0
BAGCILAR,CINAR,D,25.0
BAGCILAR,DEMIRKAPI,D,25.0
BAGCILAR,15TEMMUZ/EVREN,D,25.0
BAGCILAR,FATIH,D,25.0
BAGCILAR,FEVZICAKMAK,D,25.0
BAGCILAR,GOZTEPE,D,25.0
BAGCILAR,GUNESLI,C,37.5
BAGCILAR,HURRIYET,C,37.5
BAGCILAR,INONU,D,25.0
BAGCILAR,KAZIMKARABEKIR,D,25.0
BAGCILAR,KEMALPASA,D,25.0
BAGCILAR,KIRAZLI,D,25.0
BAGCILAR,MAHMUTBEY,C,37.5
BAGCILAR,MERKEZ,C,37.5
BAGCILAR,SANCAKTEPE,C,37.5
BAGCILAR,YAVUZSELIM,D,25.0
BAGCILAR,YENIGUN,D,25.0
BAGCILAR,YENIMAHALLE,D,25.0
BAGCILAR,YILDIZTEPE,D,25.0
BAHCELIEVLER,BAHCELIEVLER,B+,75.0
BAHCELIEVLER,CUMHURIYET,C,37.5
BAHCELIEVLER,COBANCESME,C,37.5
BAHCELIEVLER,FEVZICAKMAK,C,37.5
BAHCELIEVLER,HURRIYET,C,37.5
BAHCELIEVLER,KOCASINANMERKEZ,C,37.5
BAHCELIEVLER,SIYAVUSPASA,C+,50.0
BAHCELIEVLER,SOGANLI,C,37.5
BAHCELIEVLER,SIRINEVLER,B,62.5
BAHCELIEVLER,YENIBOSNAMERKEZ,C+,50.0
BAHCELIEVLER,ZAFER,C,37.5
BAKIRKOY,ATAKOY1.KISIM,A,87.5
BAKIRKOY,ATAKOY2-5-6.KISIM,A+,100.0
BAKIRKOY,ATAKOY3-4-11.KISIM,A,87.5
BAKIRKOY,ATAKOY7-8-9-10.KISIM,A+,100.0
BAKIRKOY,BASINKOY,B+,75.0
BAKIRKOY,CEVIZLIK,B+,75.0
BAKIRKOY,KARTALTEPE,B+,75.0
BAKIRKOY,OSMANIYE,B,62.5
BAKIRKOY,SAKIZAGACI,B,62.5
BAKIRKOY,SENLIKKOY,B+,75.0
BAKIRKOY,YENIMAHALLE,B,62.5
BAKIRKOY,YESILKOY,A,87.5
BAKIRKOY,YESILYURT,A,87.5
BAKIRKOY,ZEYTINLIK,B+,75.0
BAKIRKOY,ZUHURATBABA,B+,75.0
BASAKSEHIR,ALTINSEHIR,E,12.5
BASAKSEHIR,BAHCESEHIR1.KISIM,B+,75.0
BASAKSEHIR,BAHCESEHIR2.KISIM,B,62.5
BASAKSEHIR,BASAK,B,62.5
BASAKSEHIR,BASAKSEHIR,C+,50.0
BASAKSEHIR,GUVERCINTEPE,D,25.0
BASAKSEHIR,KAYABASI,C,37.5
BASAKSEHIR,SAHINTEPE,E,12.5
BASAKSEHIR,SAMLAR,E,12.5
BASAKSEHIR,ZIYAGOKALP,C,37.5
BAYRAMPASA,ALTINTEPSI,C,37.5
BAYRAMPASA,CEVATPASA,D,25.0
BAYRAMPASA,ISMETPASA,C,37.5
BAYRAMPASA,KARTALTEPE,C,37.5
BAYRAMPASA,KOCATEPE,C,37.5
BAYRAMPASA,MURATPASA,D,25.0
BAYRAMPASA,ORTAMAHALLE,C,37.5
BAYRAMPASA,TERAZIDERE,D,25.0
BAYRAMPASA,VATAN,D,25.0
BAYRAMPASA,YENIDOGAN,C,37.5
BAYRAMPASA,YILDIRIM,C,37.5
BESIKTAS,ABBASAGA,A,87.5
BESIKTAS,AKAT,A+,100.0
BESIKTAS,ARNAVUTKOY,A+,100.0
BESIKTAS,BALMUMCU,A,87.5
BESIKTAS,BEBEK,A+,100.0
BESIKTAS,CIHANNUMA,A,87.5
BESIKTAS,DIKILITAS,A,87.5
BESIKTAS,ETILER,A+,100.0
BESIKTAS,GAYRETTEPE,A,87.5
BESIKTAS,KONAKLAR,A+,100.0
BESIKTAS,KURUCESME,A,87.5
BESIKTAS,KULTUR,A+,100.0
BESIKTAS,LEVAZIM,A+,100.0
BESIKTAS,LEVENT,A+,100.0
BESIKTAS,MECIDIYE,B+,75.0
BESIKTAS,MURADIYE,A,87.5
BESIKTAS,NISBETIYE,A+,100.0
BESIKTAS,ORTAKOY,A,87.5
BESIKTAS,SINANPASA,B+,75.0
BESIKTAS,TURKALI,B+,75.0
BESIKTAS,ULUS,A+,100.0
BESIKTAS,VISNEZADE,A,87.5
BESIKTAS,YILDIZ,A,87.5
BEYKOZ,ACARLAR,A+,100.0
BEYKOZ,AKBABA,C,37.5
BEYKOZ,ALIBAHADIR,E,12.5
BEYKOZ,ANADOLUHISARI,A,87.5
BEYKOZ,ANADOLUKAVAGI,D,25.0
BEYKOZ,ANADOLUFENERI,D,25.0
BEYKOZ,BAKLACI,C,37.5
BEYKOZ,BOZHANE,E,12.5
BEYKOZ,CUMHURIYET,D,25.0
BEYKOZ,CAMLIBAHCE,D,25.0
BEYKOZ,CENGELDERE,C,37.5
BEYKOZ,CIFTLIK,D,25.0
BEYKOZ,CIGDEM,C,37.5
BEYKOZ,CUBUKLU,C+,50.0
BEYKOZ,DERESEKI,C,37.5
BEYKOZ,ELMALI,D,25.0
BEYKOZ,FATIH,D,25.0
BEYKOZ,GOKSU,B,62.5
BEYKOZ,GOLLU,D,25.0
BEYKOZ,GORELE,C+,50.0
BEYKOZ,GOZTEPE,A,87.5
BEYKOZ,GUMUSSUYU,C,37.5
BEYKOZ,INCIRKOY,D,25.0
BEYKOZ,ISHAKLI,E,12.5
BEYKOZ,KANLICA,A,87.5
BEYKOZ,KAVACIK,B,62.5
BEYKOZ,KAYNARCA,C,37.5
BEYKOZ,KILICLI,E,12.5
BEYKOZ,MAHMUTSEVKETPASA,D,25.0
BEYKOZ,MERKEZ,C+,50.0
BEYKOZ,ORTACESME,D,25.0
BEYKOZ,OGUMCE,E,12.5
BEYKOZ,ORNEKKOY,D,25.0
BEYKOZ,PASABAHCE,C+,50.0
BEYKOZ,PASAMANDIRA,D,25.0
BEYKOZ,POLONEZKOY,C,37.5
BEYKOZ,POYRAZKOY,E,12.5
BEYKOZ,RIVA,C,37.5
BEYKOZ,RUZGARLIBAHCE,E,12.5
BEYKOZ,SOGUKSU,C+,50.0
BEYKOZ,TOKATKOY,E,12.5
BEYKOZ,YALIKOY,C+,50.0
BEYKOZ,YAVUZSELIM,C,37.5
BEYKOZ,YENIMAHALLE,E,12.5
BEYKOZ,ZERZAVATCI,D,25.0
BEYLIKDUZU,ADNANKAHVECI,B,62.5
BEYLIKDUZU,BARIS,B,62.5
BEYLIKDUZU,BUYUKSEHIR,B,62.5
BEYLIKDUZU,CUMHURIYET,B+,75.0
BEYLIKDUZU,DEREAGZI,C,37.5
BEYLIKDUZU,GURPINAR,D,25.0
BEYLIKDUZU,KAVAKLI,C,37.5
BEYLIKDUZU,MARMARA,B,62.5
BEYLIKDUZU,SAHIL,C,37.5
BEYLIKDUZU,YAKUPLU,C,37.5
BEYOGLU,ARAPCAMI,D,25.0
BEYOGLU,ASMALIMESCIT,B,62.5
BEYOGLU,BEDRETTIN,D,25.0
BEYOGLU,BEREKETZADE,B+,75.0
BEYOGLU,BOSTAN,E,12.5
BEYOGLU,BULBUL,E,12.5
BEYOGLU,CAMIIKEBIR,C,37.5
BEYOGLU,CIHANGIR,A,87.5
BEYOGLU,CATMAMESCIT,C+,50.0
BEYOGLU,CUKUR,D,25.0
BEYOGLU,EMEKYEMEZ,C,37.5
BEYOGLU,EVLIYACELEBI,C,37.5
BEYOGLU,FETIHTEPE,E,12.5
BEYOGLU,FIRUZAGA,B+,75.0
BEYOGLU,GUMUSSUYU,A+,100.0
BEYOGLU,HACIAHMET,D,25.0
BEYOGLU,HACIMIMI,C,37.5
BEYOGLU,HALICIOGLU,C,37.5
BEYOGLU,HUSEYINAGA,C,37.5
BEYOGLU,ISTIKLAL,E,12.5
BEYOGLU,KADIMEHMETEFENDI,C,37.5
BEYOGLU,KALYONCUKULLUGU,C,37.5
BEYOGLU,KAMERHATUN,C+,50.0
BEYOGLU,KAPTANPASA,D,25.0
BEYOGLU,KATIPMUSTAFACELEBI,C+,50.0
BEYOGLU,KECECIPIRI,C,37.5
BEYOGLU,KEMANKESKARAMUSTAFAPASA,D,25.0
BEYOGLU,KILICALIPASA,A,87.5
BEYOGLU,KOCATEPE,C,37.5
BEYOGLU,KULAKSIZ,D,25.0
BEYOGLU,KULOGLU,A,87.5
BEYOGLU,KUCUKPIYALE,C,37.5
BEYOGLU,MUEYYETZADE,B+,75.0
BEYOGLU,OMERAVNI,A+,100.0
BEYOGLU,ORNEKTEPE,C,37.5
BEYOGLU,PIRIPASA,C,37.5
BEYOGLU,PIYALEPASA,D,25.0
BEYOGLU,PURTELASHASANEFENDI,A,87.5
BEYOGLU,SURURIMEHMETEFENDI,C,37.5
BEYOGLU,SUTLUCE,C,37.5
BEYOGLU,SAHKULU,B+,75.0
BEYOGLU,SEHITMUHTAR,D,25.0
BEYOGLU,TOMTOM,B,62.5
BEYOGLU,YAHYAKAHYA,C,37.5
BEYOGLU,YENISEHIR,C,37.5
BUYUKCEKMECE,19MAYIS,C,37.5
BUYUKCEKMECE,AHMEDIYE,E,12.5
BUYUKCEKMECE,ALKENT2000,B+,75.0
BUYUKCEKMECE,ATATURK,C+,50.0
BUYUKCEKMECE,BAHCELIEVLER,C+,50.0
BUYUKCEKMECE,CELALIYE,D,25.0
BUYUKCEKMECE,CUMHURIYET,C+,50.0
BUYUKCEKMECE,CAKMAKLI,C,37.5
BUYUKCEKMECE,DIZDARIYE,C,37.5
BUYUKCEKMECE,EKINOBA,C+,50.0
BUYUKCEKMECE,FATIH,C+,50.0
BUYUKCEKMECE,GUZELCE,C+,50.0
BUYUKCEKMECE,HURRIYET,D,25.0
BUYUKCEKMECE,KAMILOBA,C,37.5
BUYUKCEKMECE,KARAAGAC,B,62.5
BUYUKCEKMECE,KUMBURGAZ,C,37.5
BUYUKCEKMECE,MIMARSINANMERKEZ,C,37.5
BUYUKCEKMECE,MIMAROBA,C+,50.0
BUYUKCEKMECE,MURATCESME,C,37.5
BUYUKCEKMECE,PINARTEPE,C+,50.0
BUYUKCEKMECE,SINANOBA,B+,75.0
BUYUKCEKMECE,TURKOBA,C,37.5
BUYUKCEKMECE,ULUS,E,12.5
BUYUKCEKMECE,YENIMAHALLE,C,37.5
CATALCA,AKALAN,D,25.0
CATALCA,ATATURK,E,12.5
CATALCA,AYDINLAR,E,12.5
CATALCA,BAHSAYIS,E,12.5
CATALCA,BASAK,E,12.5
CATALCA,BELGRAT,E,12.5
CATALCA,CELEPKOY,E,12.5
CATALCA,CAKIL,E,12.5
CATALCA,CANAKCA,E,12.5
CATALCA,CIFTLIKKOY,E,12.5
CATALCA,DAGYENICE,E,12.5
CATALCA,ELBASAN,E,12.5
CATALCA,FATIH,E,12.5
CATALCA,FERHATPASA,C,37.5
CATALCA,GOKCEALI,E,12.5
CATALCA,GUMUSPINAR,E,12.5
CATALCA,HALLACLI,E,12.5
CATALCA,HISARBEYLI,E,12.5
CATALCA,IHSANIYE,E,12.5
CATALCA,INCEGIZ,E,12.5
CATALCA,IZZETTIN,E,12.5
CATALCA,KABAKCA,E,12.5
CATALCA,KALEICI,D,25.0
CATALCA,KALFA,E,12.5
CATALCA,KARACAKOYMERKEZ,E,12.5
CATALCA,KARAMANDERE,E,12.5
CATALCA,KESTANELIK,E,12.5
CATALCA,KIZILCAALI,E,12.5
CATALCA,MURATBEYMERKEZ,E,12.5
CATALCA,NAKKAS,E,12.5
CATALCA,OKLALI,E,12.5
CATALCA,ORMANLI,E,12.5
CATALCA,OVAYENICE,E,12.5
CATALCA,ORCUNLU,E,12.5
CATALCA,ORENCIK,E,12.5
CATALCA,SUBASI,E,12.5
CATALCA,YALIKOY,E,12.5
CATALCA,YAYLACIK,E,12.5
CATALCA,YAZLIK,E,12.5
CEKMEKOY,ALEMDAG,C+,50.0
CEKMEKOY,AYDINLAR,D,25.0
CEKMEKOY,CUMHURIYET,C,37.5
CEKMEKOY,CAMLIK,C,37.5
CEKMEKOY,CATALMESE,C,37.5
CEKMEKOY,EKSIOGLU,D,25.0
CEKMEKOY,GUNGOREN,C,37.5
CEKMEKOY,HAMIDIYE,C+,50.0
CEKMEKOY,HUSEYINLI,E,12.5
CEKMEKOY,KIRAZLIDERE,C+,50.0
CEKMEKOY,KOCULLU,E,12.5
CEKMEKOY,MEHMETAKIF,C,37.5
CEKMEKOY,MERKEZ,C+,50.0
CEKMEKOY,MIMARSINAN,C+,50.0
CEKMEKOY,NISANTEPE,C+,50.0
CEKMEKOY,OMERLI,B,62.5
CEKMEKOY,RESADIYE,C,37.5
CEKMEKOY,SIRAPINAR,C,37.5
CEKMEKOY,SOGUKPINAR,D,25.0
CEKMEKOY,SULTANCIFTLIGI,C+,50.0
CEKMEKOY,TASDELEN,C+,50.0
ESENLER,BIRLIK,D,25.0
ESENLER,CIFTEHAVUZLAR,E,12.5
ESENLER,DAVUTPASA,D,25.0
ESENLER,FATIH,D,25.0
ESENLER,FEVZICAKMAK,D,25.0
ESENLER,HAVAALANI,D,25.0
ESENLER,KAZIMKARABEKIR,D,25.0
ESENLER,KEMER,D,25.0
ESENLER,MENDERES,D,25.0
ESENLER,MIMARSINAN,D,25.0
ESENLER,NAMIKKEMAL,D,25.0
ESENLER,NINEHATUN,D,25.0
ESENLER,ORUCREIS,D,25.0
ESENLER,TUNA,D,25.0
ESENLER,TURGUTREIS,E,12.5
ESENLER,YAVUZSELIM,D,25.0
ESENYURT,AKCABURGAZ,E,12.5
ESENYURT,AKEVLER,B,62.5
ESENYURT,AKSEMSEDDIN,C,37.5
ESENYURT,ARDICLI,C+,50.0
ESENYURT,ASIKVEYSEL,C+,50.0
ESENYURT,ATATURK,E,12.5
ESENYURT,BAGLARCESME,D,25.0
ESENYURT,BALIKYOLU,E,12.5
ESENYURT,BARBAROSHAYRETTINPASA,C,37.5
ESENYURT,BATTALGAZI,E,12.5
ESENYURT,CUMHURIYET,B,62.5
ESENYURT,CINAR,E,12.5
ESENYURT,ESENKENT,B,62.5
ESENYURT,FATIH,D,25.0
ESENYURT,GOKEVLER,C+,50.0
ESENYURT,GUZELYURT,C,37.5
ESENYURT,HURRIYET,E,12.5
ESENYURT,INCIRTEPE,D,25.0
ESENYURT,INONU,D,25.0
ESENYURT,ISTIKLAL,E,12.5
ESENYURT,KOZA,B+,75.0
ESENYURT,MEHMETAKIFERSOY,C,37.5
ESENYURT,MEHTERCESME,D,25.0
ESENYURT,MEVLANA,B,62.5
ESENYURT,NAMIKKEMAL,D,25.0
ESENYURT,NECIPFAZILKISAKUREK,E,12.5
ESENYURT,ORHANGAZI,D,25.0
ESENYURT,OSMANGAZI,D,25.0
ESENYURT,ORNEK,D,25.0
ESENYURT,PINAR,E,12.5
ESENYURT,PIRIREIS,B,62.5
ESENYURT,SAADETDERE,D,25.0
ESENYURT,SELAHADDINEYYUBI,E,12.5
ESENYURT,SULTANIYE,D,25.0
ESENYURT,SULEYMANIYE,E,12.5
ESENYURT,SEHITLER,D,25.0
ESENYURT,TALATPASA,D,25.0
ESENYURT,TURGUTOZAL,C,37.5
ESENYURT,UCEVLER,D,25.0
ESENYURT,YENIKENT,D,25.0
ESENYURT,YESILKENT,C,37.5
ESENYURT,YUNUSEMRE,D,25.0
ESENYURT,ZAFER,C,37.5
EYUPSULTAN,AGACLI,E,12.5
EYUPSULTAN,AKPINAR,E,12.5
EYUPSULTAN,AKSEMSETTIN,C,37.5
EYUPSULTAN,ALIBEYKOY,C,37.5
EYUPSULTAN,CIRCIR,C,37.5
EYUPSULTAN,CIFTALAN,E,12.5
EYUPSULTAN,DEFTERDAR,C,37.5
EYUPSULTAN,DUGMECILER,C,37.5
EYUPSULTAN,EMNiYETTEPE,C,37.5
EYUPSULTAN,ESENTEPE,C,37.5
EYUPSULTAN,GOKTURKMERKEZ,A,87.5
EYUPSULTAN,GUZELTEPE,C,37.5
EYUPSULTAN,ISIKLAR,E,12.5
EYUPSULTAN,IHSANIYE,E,12.5
EYUPSULTAN,ISLAMBEY,C,37.5
EYUPSULTAN,KARADOLAP,C,37.5
EYUPSULTAN,MERKEZ,C+,50.0
EYUPSULTAN,MIMARSINAN,C+,50.0
EYUPSULTAN,MITHATPASA,C+,50.0
EYUPSULTAN,NISANCI,C,37.5
EYUPSULTAN,ODAYERI,D,25.0
EYUPSULTAN,PIRINCCI,E,12.5
EYUPSULTAN,RAMICUMA,C,37.5
EYUPSULTAN,RAMIYENI,C,37.5
EYUPSULTAN,SAKARYA,C,37.5
EYUPSULTAN,SILAHTARAGA,C,37.5
EYUPSULTAN,TOPCULAR,C+,50.0
EYUPSULTAN,YESILPINAR,C,37.5
FATIH,AKSARAY,C+,50.0
FATIH,AKSEMSETTIN,B,62.5
FATIH,ALEMDAR,C,37.5
FATIH,ALIKUSCU,C+,50.0
FATIH,ATIKALI,C,37.5
FATIH,AYVANSARAY,C,37.5
FATIH,BALABANAGA,C,37.5
FATIH,BALAT,C,37.5
FATIH,BEYAZIT,D,25.0
FATIH,BINBIRDIREK,C+,50.0
FATIH,CANKURTARAN,C,37.5
FATIH,CERRAHPASA,C+,50.0
FATIH,CIBALI,D,25.0
FATIH,DEMIRTAS,D,25.0
FATIH,DERVISALI,C,37.5
FATIH,EMINSINAN,C,37.5
FATIH,HACIKADIN,D,25.0
FATIH,HASEKISULTAN,B,62.5
FATIH,HIRKA-ISERIF,C,37.5
FATIH,HOBYAR,E,12.5
FATIH,HOCAGIYASETTIN,D,25.0
FATIH,HOCAPASA,D,25.0
FATIH,ISKENDERPASA,C+,50.0
FATIH,KALENDERHANE,C,37.5
FATIH,KARAGUMRUK,C+,50.0
FATIH,KATIPKASIM,D,25.0
FATIH,KEMALPASA,C,37.5
FATIH,KOCAMUSTAFAPASA,C+,50.0
FATIH,KUCUKAYASOFYA,D,25.0
FATIH,MERCAN,C,37.5
FATIH,MESIHPASA,D,25.0
FATIH,MEVLANAKAPI,C,37.5
FATIH,MIMARHAYRETTIN,D,25.0
FATIH,MIMARKEMALETTIN,D,25.0
FATIH,MOLLAFENARI,D,25.0
FATIH,MOLLAGURANI,B,62.5
FATIH,MOLLAHUSREV,C,37.5
FATIH,MUHSINEHATUN,E,12.5
FATIH,NISANCA,D,25.0
FATIH,RUSTEMPASA,C,37.5
FATIH,SARACISHAK,D,25.0
FATIH,SARIDEMIR,C,37.5
FATIH,SEYYIDOMER,C+,50.0
FATIH,SILIVRIKAPI,C+,50.0
FATIH,SULTANAHMET,D,25.0
FATIH,SURURI,C,37.5
FATIH,SULEYMANIYE,C+,50.0
FATIH,SUMBULEFENDI,C,37.5
FATIH,SEHREMINI,B,62.5
FATIH,SEHSUVARBEY,C,37.5
FATIH,TAHTAKALE,C,37.5
FATIH,TAYAHATUN,C,37.5
FATIH,TOPKAPI,B,62.5
FATIH,YAVUZSINAN,E,12.5
FATIH,YAVUZSULTANSELIM,C,37.5
FATIH,YEDIKULE,C,37.5
FATIH,ZEYREK,C,37.5
GAZIOSMANPASA,BAGLARBASI,C,37.5
GAZIOSMANPASA,BARBAROSHAYRETTINPASA,D,25.0
GAZIOSMANPASA,FEVZICAKMAK,C,37.5
GAZIOSMANPASA,HURRIYET,C,37.5
GAZIOSMANPASA,KARADENIZ,D,25.0
GAZIOSMANPASA,KARAYOLLARI,C+,50.0
GAZIOSMANPASA,KARLITEPE,C,37.5
GAZIOSMANPASA,KAZIMKARABEKIR,D,25.0
GAZIOSMANPASA,MERKEZ,C,37.5
GAZIOSMANPASA,MEVLANA,C,37.5
GAZIOSMANPASA,PAZARICI,C,37.5
GAZIOSMANPASA,SARIGOL,D,25.0
GAZIOSMANPASA,SEMSIPASA,C,37.5
GAZIOSMANPASA,YENIMAHALLE,D,25.0
GAZIOSMANPASA,YENIDOGAN,D,25.0
GAZIOSMANPASA,YILDIZTABYA,C,37.5
GUNGOREN,ABDURRAHMANNAFIZGURMAN,B,62.5
GUNGOREN,AKINCILAR,C,37.5
GUNGOREN,GENCOSMAN,C,37.5
GUNGOREN,GUNESTEPE,D,25.0
GUNGOREN,GUVEN,C,37.5
GUNGOREN,HAZNEDAR,C+,50.0
GUNGOREN,MARESALCAKMAK,C,37.5
GUNGOREN,MEHMETNESIHOZMEN,C+,50.0
GUNGOREN,MERKEZ,C,37.5
GUNGOREN,SANAYI,D,25.0
GUNGOREN,TOZKOPARAN,C+,50.0
KADIKOY,19MAYIS,A,87.5
KADIKOY,ACIBADEM,A,87.5
KADIKOY,BOSTANCI,A,87.5
KADIKOY,CADDEBOSTAN,A+,100.0
KADIKOY,CAFERAGA,A+,100.0
KADIKOY,DUMLUPINAR,C+,50.0
KADIKOY,EGITIM,B+,75.0
KADIKOY,ERENKOY,A,87.5
KADIKOY,FENERBAHCE,A+,100.0
KADIKOY,FENERYOLU,A,87.5
KADIKOY,FIKIRTEPE,C,37.5
KADIKOY,GOZTEPE,A,87.5
KADIKOY,HASANPASA,B,62.5
KADIKOY,KOSUYOLU,A,87.5
KADIKOY,KOZYATAGI,A,87.5
KADIKOY,MERDIVENKOY,B+,75.0
KADIKOY,OSMANAGA,A,87.5
KADIKOY,RASIMPASA,B+,75.0
KADIKOY,SAHRAYICEDIT,B+,75.0
KADIKOY,SUADIYE,A+,100.0
KADIKOY,ZUHTUPASA,A,87.5
KAGITHANE,CAGLAYAN,C,37.5
KAGITHANE,CELIKTEPE,C,37.5
KAGITHANE,EMNIYETEVLERI,B,62.5
KAGITHANE,GULTEPE,C,37.5
KAGITHANE,GURSEL,C+,50.0
KAGITHANE,HAMIDIYE,C+,50.0
KAGITHANE,HARMANTEPE,D,25.0
KAGITHANE,HURRIYET,C,37.5
KAGITHANE,MEHMETAKIFERSOY,C,37.5
KAGITHANE,MERKEZ,B+,75.0
KAGITHANE,NURTEPE,C,37.5
KAGITHANE,ORTABAYIR,C+,50.0
KAGITHANE,SEYRANTEPE,C,37.5
KAGITHANE,SULTANSELIM,C,37.5
KAGITHANE,SIRINTEPE,D,25.0
KAGITHANE,TALATPASA,C,37.5
KAGITHANE,TELSIZLER,C,37.5
KAGITHANE,YAHYAKEMAL,D,25.0
KAGITHANE,YESILCE,D,25.0
KARTAL,ATALAR,C+,50.0
KARTAL,CEVIZLI,C,37.5
KARTAL,CUMHURIYET,C,37.5
KARTAL,CAVUSOGLU,C+,50.0
KARTAL,ESENTEPE,C,37.5
KARTAL,GUMUSPINAR,C,37.5
KARTAL,HURRIYET,C,37.5
KARTAL,KARLIKTEPE,C+,50.0
KARTAL,KORDONBOYU,B+,75.0
KARTAL,ORHANTEPE,B,62.5
KARTAL,ORTA,C+,50.0
KARTAL,PETROLIS,B,62.5
KARTAL,SOGANLIKYENI,C+,50.0
KARTAL,TOPSELVI,C,37.5
KARTAL,UGURMUMCU,C,37.5
KARTAL,YAKACIKCARSI,C+,50.0
KARTAL,YAKACIKYENI,C,37.5
KARTAL,YALI,D,25.0
KARTAL,YUKARI,C+,50.0
KARTAL,YUNUS,C,37.5
KUCUKCEKMECE,ATAKENT,B+,75.0
KUCUKCEKMECE,ATATURK,D,25.0
KUCUKCEKMECE,BESYOL,C+,50.0
KUCUKCEKMECE,CENNET,C+,50.0
KUCUKCEKMECE,CUMHURIYET,C,37.5
KUCUKCEKMECE,FATIH,C,37.5
KUCUKCEKMECE,FEVZICAKMAK,C,37.5
KUCUKCEKMECE,GULTEPE,C,37.5
KUCUKCEKMECE,HALKALIMERKEZ,C,37.5
KUCUKCEKMECE,INONU,D,25.0
KUCUKCEKMECE,ISTASYON,C,37.5
KUCUKCEKMECE,KANARYA,D,25.0
KUCUKCEKMECE,KARTALTEPE,C,37.5
KUCUKCEKMECE,KEMALPASA,C,37.5
KUCUKCEKMECE,MEHMETAKIF,E,12.5
KUCUKCEKMECE,SOGUTLUCESME,D,25.0
KUCUKCEKMECE,SULTANMURAT,D,25.0
KUCUKCEKMECE,TEVFIKBEY,C,37.5
KUCUKCEKMECE,YARIMBURGAZ,D,25.0
KUCUKCEKMECE,YENIMAHALLE,C,37.5
KUCUKCEKMECE,YESILOVA,C,37.5
MALTEPE,ALTAYCESME,B,62.5
MALTEPE,ALTINTEPE,B+,75.0
MALTEPE,AYDINEVLER,B,62.5
MALTEPE,BAGLARBASI,B,62.5
MALTEPE,BASIBUYUK,C+,50.0
MALTEPE,BUYUKBAKKALKOY,E,12.5
MALTEPE,CEVIZLI,B,62.5
MALTEPE,CINAR,B+,75.0
MALTEPE,ESENKENT,C,37.5
MALTEPE,FEYZULLAH,B+,75.0
MALTEPE,FINDIKLI,C,37.5
MALTEPE,GIRNE,B,62.5
MALTEPE,GULENSU,E,12.5
MALTEPE,GULSUYU,D,25.0
MALTEPE,IDEALTEPE,B+,75.0
MALTEPE,KUCUKYALIMERKEZ,B,62.5
MALTEPE,YALI,B+,75.0
MALTEPE,ZUMRUTEVLER,C+,50.0
PENDIK,AHMETYESEVI,D,25.0
PENDIK,BAHCELIEVLER,C+,50.0
PENDIK,BALLICA,D,25.0
PENDIK,BATI,B,62.5
PENDIK,CAMCESME,D,25.0
PENDIK,CAMLIK,C+,50.0
PENDIK,CINARDERE,C,37.5
PENDIK,DOGU,B,62.5
PENDIK,DUMLUPINAR,D,25.0
PENDIK,EMIRLI,D,25.0
PENDIK,ERTUGRULGAZI,E,12.5
PENDIK,ESENLER,D,25.0
PENDIK,ESENYALI,D,25.0
PENDIK,FATIH,D,25.0
PENDIK,FEVZICAKMAK,D,25.0
PENDIK,GOCBEYLI,E,12.5
PENDIK,GULLUBAGLAR,D,25.0
PENDIK,GUZELYALI,C,37.5
PENDIK,HARMANDERE,C+,50.0
PENDIK,KAVAKPINAR,D,25.0
PENDIK,KAYNARCA,C,37.5
PENDIK,KURNA,D,25.0
PENDIK,KURTDOGMUS,E,12.5
PENDIK,KURTKOY,C,37.5
PENDIK,ORHANGAZI,D,25.0
PENDIK,ORTA,D,25.0
PENDIK,RAMAZANOGLU,E,12.5
PENDIK,SANAYI,E,12.5
PENDIK,SAPANBAGLARI,C+,50.0
PENDIK,SULUNTEPE,D,25.0
PENDIK,SEYHLI,C,37.5
PENDIK,VELIBABA,D,25.0
PENDIK,YAYALAR,C,37.5
PENDIK,YENI,C+,50.0
PENDIK,YENISEHIR,B,62.5
PENDIK,YESILBAGLAR,C,37.5
SANCAKTEPE,ABDURRAHMANGAZI,C,37.5
SANCAKTEPE,AKPINAR,E,12.5
SANCAKTEPE,ATATURK,D,25.0
SANCAKTEPE,EMEK,C+,50.0
SANCAKTEPE,EYUPSULTAN,C,37.5
SANCAKTEPE,FATIH,C,37.5
SANCAKTEPE,HILAL,E,12.5
SANCAKTEPE,INONU,D,25.0
SANCAKTEPE,KEMALTURKLER,C,37.5
SANCAKTEPE,MECLIS,C,37.5
SANCAKTEPE,MERVE,E,12.5
SANCAKTEPE,MEVLANA,E,12.5
SANCAKTEPE,OSMANGAZI,D,25.0
SANCAKTEPE,PASAKOY,D,25.0
SANCAKTEPE,SAFA,D,25.0
SANCAKTEPE,SARIGAZI,D,25.0
SANCAKTEPE,VEYSELKARANI,D,25.0
SANCAKTEPE,YENIDOGAN,D,25.0
SANCAKTEPE,YUNUSEMRE,D,25.0
SARIYER,AYAZAGA,C,37.5
SARIYER,BAHCEKOYMERKEZ,B,62.5
SARIYER,BAHCEKOYYENI,B,62.5
SARIYER,BALTALIMANI,D,25.0
SARIYER,BUYUKDERE,B+,75.0
SARIYER,CUMHURIYET,D,25.0
SARIYER,CAMLITEPE,C,37.5
SARIYER,CAYIRBASI,C+,50.0
SARIYER,DARUSSAFAKA,A,87.5
SARIYER,DEMIRCIKOY,B,62.5
SARIYER,EMIRGAN,A,87.5
SARIYER,FATIHSULTANMEHMET,D,25.0
SARIYER,FERAHEVLER,B,62.5
SARIYER,GARIPCE,C,37.5
SARIYER,GUMUSDERE,C,37.5
SARIYER,HUZUR,A,87.5
SARIYER,ISTINYE,A,87.5
SARIYER,KAZIMKARABEKIRPASA,D,25.0
SARIYER,KEMER,C,37.5
SARIYER,KISIRKAYA,E,12.5
SARIYER,KIRECBURNU,C+,50.0
SARIYER,KOCATAS,D,25.0
SARIYER,KUMKOY,C+,50.0
SARIYER,MADEN,B,62.5
SARIYER,MASLAK,A,87.5
SARIYER,MERKEZ,B,62.5
SARIYER,PINAR,C+,50.0
SARIYER,POLIGON,B+,75.0
SARIYER,PTTEVLERI,D,25.0
SARIYER,RESITPASA,B+,75.0
SARIYER,RUMELIHISARI,A,87.5
SARIYER,RUMELIKAVAGI,C,37.5
SARIYER,RUMELIFENERI,B+,75.0
SARIYER,TARABYA,B+,75.0
SARIYER,USKUMRUKOY,A,87.5
SARIYER,YENI,B,62.5
SARIYER,YENIKOY,A,87.5
SARIYER,ZEKERIYAKOY,A,87.5
SILIVRI,AKOREN,E,12.5
SILIVRI,ALIBEY,D,25.0
SILIVRI,ALIPASA,E,12.5
SILIVRI,BALABAN,E,12.5
SILIVRI,BEKIRLI,E,12.5
SILIVRI,BEYCILER,E,12.5
SILIVRI,BUYUKCAVUSLU,E,12.5
SILIVRI,BUYUKKILICLI,E,12.5
SILIVRI,BUYUKSINEKLI,E,12.5
SILIVRI,CUMHURIYET,D,25.0
SILIVRI,CAYIRDERE,E,12.5
SILIVRI,CELTIK,E,12.5
SILIVRI,DANAMANDIRA,E,12.5
SILIVRI,FATIH,D,25.0
SILIVRI,FENER,E,12.5
SILIVRI,FEVZIPASA,E,12.5
SILIVRI,GAZITEPE,E,12.5
SILIVRI,GUMUSYAKA,D,25.0
SILIVRI,HURRIYET,E,12.5
SILIVRI,ISMETPASA,E,12.5
SILIVRI,KADIKOY,E,12.5
SILIVRI,KAVAKLI,E,12.5
SILIVRI,KURFALLI,E,12.5
SILIVRI,KUCUKKILICLI,E,12.5
SILIVRI,KUCUKSINEKLI,E,12.5
SILIVRI,MIMARSINAN,C,37.5
SILIVRI,ORTAKOY,E,12.5
SILIVRI,PIRIMEHMETPASA,C,37.5
SILIVRI,SANCAKTEPE,D,25.0
SILIVRI,SAYALAR,E,12.5
SILIVRI,SELIMPASA,D,25.0
SILIVRI,SEMIZKUMLAR,C,37.5
SILIVRI,SEYMEN,E,12.5
SILIVRI,YENI,C,37.5
SILIVRI,YOLCATI,E,12.5
SULTANBEYLI,ABDURRAHMANGAZI,D,25.0
SULTANBEYLI,ADIL,D,25.0
SULTANBEYLI,AHMETYESEVI,D,25.0
SULTANBEYLI,AKSEMSETTIN,E,12.5
SULTANBEYLI,BATTALGAZI,D,25.0
SULTANBEYLI,FATIH,E,12.5
SULTANBEYLI,HAMIDIYE,E,12.5
SULTANBEYLI,HASANPASA,D,25.0
SULTANBEYLI,MECIDIYE,E,12.5
SULTANBEYLI,MEHMETAKIF,D,25.0
SULTANBEYLI,MIMARSINAN,E,12.5
SULTANBEYLI,NECIPFAZIL,D,25.0
SULTANBEYLI,ORHANGAZI,E,12.5
SULTANBEYLI,TURGUTREIS,E,12.5
SULTANBEYLI,YAVUZSELIM,E,12.5
SULTANGAZI,50.YIL,D,25.0
SULTANGAZI,75.YIL,D,25.0
SULTANGAZI,CEBECI,D,25.0
SULTANGAZI,CUMHURIYET,C,37.5
SULTANGAZI,ESENTEPE,E,12.5
SULTANGAZI,ESKIHABIPLER,D,25.0
SULTANGAZI,GAZI,D,25.0
SULTANGAZI,HABIBLER,E,12.5
SULTANGAZI,ISMETPASA,D,25.0
SULTANGAZI,MALKOCOGLU,D,25.0
SULTANGAZI,SULTANCIFTLIGI,D,25.0
SULTANGAZI,UGURMUMCU,D,25.0
SULTANGAZI,YAYLA,E,12.5
SULTANGAZI,YUNUSEMRE,D,25.0
SULTANGAZI,ZUBEYDEHANIM,D,25.0
SILE,AGACDERE,E,12.5
SILE,AGVAMERKEZ,D,25.0
SILE,AHMETLI,D,25.0
SILE,AKCAKESE,E,12.5
SILE,ALACALI,E,12.5
SILE,AVCIKORU,E,12.5
SILE,BALIBEY,C,37.5
SILE,BICKIDERE,E,12.5
SILE,BOZGOCA,E,12.5
SILE,BUCAKLI,D,25.0
SILE,CATAKLI,E,12.5
SILE,CAVUS,C,37.5
SILE,CAYIRBASI,E,12.5
SILE,CELEBI,E,12.5
SILE,CENGILLI,E,12.5
SILE,DARLIK,E,12.5
SILE,DEGIRMENCAYIRI,E,12.5
SILE,DOGANCILI,E,12.5
SILE,ERENLER,E,12.5
SILE,ESENCELI,E,12.5
SILE,GEREDELI,D,25.0
SILE,GOCE,E,12.5
SILE,GOKMASLI,E,12.5
SILE,GOKSU,E,12.5
SILE,HACIKASIM,C,37.5
SILE,HACILLI,E,12.5
SILE,HASANLI,E,12.5
SILE,IMRENDERE,D,25.0
SILE,IMRENLI,E,12.5
SILE,ISAKOY,E,12.5
SILE,KABAKOZ,E,12.5
SILE,KADIKOY,E,12.5
SILE,KALEM,D,25.0
SILE,KARABEYLI,E,12.5
SILE,KARACAKOY,E,12.5
SILE,KARAKIRAZ,E,12.5
SILE,KARAMANDERE,E,12.5
SILE,KERVANSARAY,E,12.5
SILE,KIZILCA,E,12.5
SILE,KORUCU,E,12.5
SILE,KOMURLUK,E,12.5
SILE,KUMBABA,C+,50.0
SILE,KURFALLI,E,12.5
SILE,KURNA,E,12.5
SILE,MESRUTIYET,E,12.5
SILE,ORUCOGLU,E,12.5
SILE,OSMANKOY,E,12.5
SILE,OVACIK,E,12.5
SILE,SAHILKOY,E,12.5
SILE,SATMAZLI,E,12.5
SILE,SOFULAR,E,12.5
SILE,SOGULLU,E,12.5
SILE,SORTULLU,E,12.5
SILE,SUAYIPLI,E,12.5
SILE,TEKE,E,12.5
SILE,ULUPELIT,E,12.5
SILE,UVEZLI,E,12.5
SILE,YAKA,E,12.5
SILE,YAYLALI,E,12.5
SILE,YAZIMANAYIR,E,12.5
SILE,YENIKOY,E,12.5
SILE,YESILVADI,D,25.0
SISLI,19MAYIS,B+,75.0
SISLI,BOZKURT,B+,75.0
SISLI,CUMHURIYET,A,87.5
SISLI,DUATEPE,B,62.5
SISLI,ERGENEKON,B+,75.0
SISLI,ESENTEPE,A,87.5
SISLI,ESKISEHIR,C+,50.0
SISLI,FERIKOY,B,62.5
SISLI,FULYA,A,87.5
SISLI,GULBAHAR,B,62.5
SISLI,HALASKARGAZI,A,87.5
SISLI,HALIDEEDIPADIVAR,B,62.5
SISLI,HALILRIFATPASA,B+,75.0
SISLI,HARBIYE,A,87.5
SISLI,INONU,B,62.5
SISLI,IZZETPASA,C+,50.0
SISLI,KAPTANPASA,A,87.5
SISLI,KUSTEPE,C,37.5
SISLI,MAHMUTSEVKETPASA,D,25.0
SISLI,MECIDIYEKOY,B+,75.0
SISLI,MERKEZ,A,87.5
SISLI,MESRUTIYET,B+,75.0
SISLI,PASA,C,37.5
SISLI,TESVIKIYE,A+,100.0
SISLI,YAYLA,C,37.5
TUZLA,AKFIRAT,D,25.0
TUZLA,ANADOLU,E,12.5
TUZLA,AYDINLI,C,37.5
TUZLA,AYDINTEPE,C+,50.0
TUZLA,CAMI,B,62.5
TUZLA,EVLIYACELEBI,C,37.5
TUZLA,FATIH,C+,50.0
TUZLA,ICMELER,D,25.0
TUZLA,ISTASYON,B,62.5
TUZLA,MESCIT,D,25.0
TUZLA,MIMARSINAN,D,25.0
TUZLA,ORHANLI,E,12.5
TUZLA,ORTA,C,37.5
TUZLA,POSTANE,B,62.5
TUZLA,SIFA,D,25.0
TUZLA,TEPEOREN,B+,75.0
TUZLA,YAYLA,C,37.5
UMRANIYE,ADEMYAVUZ,D,25.0
UMRANIYE,ALTINSEHIR,C,37.5
UMRANIYE,ARMAGANEVLER,C+,50.0
UMRANIYE,ASAGIDUDULLU,C,37.5
UMRANIYE,ATAKENT,C+,50.0
UMRANIYE,ATATURK,C+,50.0
UMRANIYE,CEMILMERIC,D,25.0
UMRANIYE,CAKMAK,C,37.5
UMRANIYE,CAMLIK,C,37.5
UMRANIYE,DUMLUPINAR,E,12.5
UMRANIYE,ELMALIKENT,C,37.5
UMRANIYE,ESENEVLER,C+,50.0
UMRANIYE,ESENKENT,D,25.0
UMRANIYE,ESENSEHIR,C,37.5
UMRANIYE,FATIHSULTANMEHMET,B+,75.0
UMRANIYE,HEKIMBASI,E,12.5
UMRANIYE,HUZUR,D,25.0
UMRANIYE,IHLAMURKUYU,C,37.5
UMRANIYE,INKILAP,C,37.5
UMRANIYE,ISTIKLAL,C,37.5
UMRANIYE,KAZIMKARABEKIR,E,12.5
UMRANIYE,MADENLER,C+,50.0
UMRANIYE,MEHMETAKIF,B,62.5
UMRANIYE,NAMIKKEMAL,C+,50.0
UMRANIYE,NECIPFAZIL,C+,50.0
UMRANIYE,PARSELLER,C+,50.0
UMRANIYE,SARAY,B+,75.0
UMRANIYE,SITE,B,62.5
UMRANIYE,SERIFALI,B+,75.0
UMRANIYE,TANTAVI,B,62.5
UMRANIYE,TATLISU,B+,75.0
UMRANIYE,TEPEUSTU,C,37.5
UMRANIYE,TOPAGACI,E,12.5
UMRANIYE,YAMANEVLER,C,37.5
UMRANIYE,YUKARIDUDULLU,C,37.5
USKUDAR,ACIBADEM,A,87.5
USKUDAR,AHMEDIYE,B,62.5
USKUDAR,ALTUNIZADE,A,87.5
USKUDAR,AZIZMAHMUTHUDAYI,B+,75.0
USKUDAR,BAHCELIEVLER,B,62.5
USKUDAR,BARBAROS,A,87.5
USKUDAR,BEYLERBEYI,A,87.5
USKUDAR,BULGURLU,B,62.5
USKUDAR,BURHANIYE,B,62.5
USKUDAR,CUMHURIYET,B,62.5
USKUDAR,CENGELKOY,B,62.5
USKUDAR,FERAH,C+,50.0
USKUDAR,GUZELTEPE,C+,50.0
USKUDAR,ICADIYE,B+,75.0
USKUDAR,KANDILLI,A,87.5
USKUDAR,KISIKLI,B,62.5
USKUDAR,KIRAZLITEPE,D,25.0
USKUDAR,KULELI,C,37.5
USKUDAR,KUZGUNCUK,A,87.5
USKUDAR,KUCUKCAMLICA,B+,75.0
USKUDAR,KUCUKSU,C+,50.0
USKUDAR,KUPLUCE,D,25.0
USKUDAR,MEHMETAKIFERSOY,C,37.5
USKUDAR,MIMARSINAN,B,62.5
USKUDAR,MURATREIS,B,62.5
USKUDAR,SALACAK,A,87.5
USKUDAR,SELAMIALI,B,62.5
USKUDAR,SELIMIYE,B+,75.0
USKUDAR,SULTANTEPE,B+,75.0
USKUDAR,UNALAN,B,62.5
USKUDAR,VALIDE-IATIK,B,62.5
USKUDAR,YAVUZTURK,C,37.5
USKUDAR,ZEYNEPKAMIL,B,62.5
ZEYTINBURNU,BESTELSIZ,C,37.5
ZEYTINBURNU,CIRPICI,D,25.0
ZEYTINBURNU,GOKALP,C,37.5
ZEYTINBURNU,KAZLICESME,B,62.5
ZEYTINBURNU,MALTEPE,A,87.5
ZEYTINBURNU,MERKEZEFENDI,C+,50.0
ZEYTINBURNU,NURIPASA,C,37.5
ZEYTINBURNU,SEYITNIZAM,C+,50.0
ZEYTINBURNU,SUMER,C,37.5
ZEYTINBURNU,TELSIZ,C,37.5
ZEYTINBURNU,VELIEFENDI,C,37.5
ZEYTINBURNU,YENIDOGAN,C,37.5
ZEYTINBURNU,YESILTEPE,D,25.0
